scenario,field,regime,coverage_nominal_pct,modes,coverage_actual_pct,n_obs,n_dof,obs_per_dof,n_modes_constrained,constrained_frac,best_rcond,rcond_spread,n_masks,vrmse,vrmse_sd,vrmse_oracle,sparsity_penalty,sparsity_penalty_sd
bubbles,A,blocks,50.0,4,50.0,8192,81,101.1358024691358,81,1.0,1e-06,0.0,3,0.9827809975874202,0.011116556625726805,0.8850085024261369,0.09777249516128328,0.011116556625726805
bubbles,B,blocks,50.0,4,50.0,8192,81,101.1358024691358,81,1.0,1e-06,0.0,3,0.9961165316746384,0.010578696300062687,0.9104715940661648,0.08564493760847351,0.010578696300062687
gliders,A,blocks,50.0,4,50.0,8192,81,101.1358024691358,81,1.0,1e-06,0.0,3,0.9914323954847432,0.005514531171990792,0.8673691786103043,0.12406321687443882,0.005514531171990792
gliders,B,blocks,50.0,4,50.0,8192,81,101.1358024691358,81,1.0,1e-06,0.0,3,1.051387449588974,0.0032678139660745793,0.9494367536465056,0.10195069594246838,0.0032678139660745793
maze,A,blocks,50.0,4,50.0,8192,81,101.1358024691358,81,1.0,1e-06,0.0,3,1.0246807703667893,0.004003331993788566,0.9993311601405667,0.025349610226222768,0.004003331993788566
maze,B,blocks,50.0,4,50.0,8192,81,101.1358024691358,81,1.0,1e-06,0.0,3,1.021904100493059,0.0031420313794896224,0.999805636945209,0.022098463547850018,0.0031420313794896224
spirals,A,blocks,50.0,4,50.0,8192,81,101.1358024691358,81,1.0,1e-06,0.0,3,0.8807787912486744,0.012980093939855507,0.7750979462231018,0.10568084502557262,0.012980093939855507
spirals,B,blocks,50.0,4,50.0,8192,81,101.1358024691358,81,1.0,1e-06,0.0,3,0.9565949606694146,0.00899752248123243,0.8698671425366544,0.0867278181327602,0.00899752248123243
spots,A,blocks,50.0,4,50.0,8192,81,101.1358024691358,81,1.0,1e-06,0.0,3,1.021547507339242,0.0046755726279380985,0.9993614922565,0.022186015082742205,0.0046755726279380985
spots,B,blocks,50.0,4,50.0,8192,81,101.1358024691358,81,1.0,1e-06,0.0,3,1.019675396967428,0.0037134437286939076,0.9998224546079847,0.01985294235944331,0.0037134437286939076
worms,A,blocks,50.0,4,50.0,8192,81,101.1358024691358,81,1.0,1e-06,0.0,3,1.0003191125929092,0.006635060391919647,0.9329096170145214,0.06740949557838798,0.006635060391919647
worms,B,blocks,50.0,4,50.0,8192,81,101.1358024691358,81,1.0,1e-06,0.0,3,1.017998388856996,0.006059469640341711,0.9610445613562097,0.05695382750078607,0.006059469640341711
bubbles,A,blocks,25.0,4,25.0,4096,81,50.5679012345679,81,1.0,1e-06,0.31442044465280644,3,1.7198086171447162,0.4801026907942208,0.8850085024261369,0.8348001147185794,0.4801026907942208
bubbles,B,blocks,25.0,4,25.0,4096,81,50.5679012345679,76,0.9382716049382716,0.1,0.38816456426875967,3,1.3186082799143757,0.14940245335601002,0.9104715940661648,0.4081366858482108,0.14940245335601
gliders,A,blocks,25.0,4,25.0,4096,81,50.5679012345679,76,0.9382716049382716,0.1,0.05788546002491161,3,1.4345371430301854,0.18348452146268077,0.8673691786103043,0.5671679644198812,0.18348452146268077
gliders,B,blocks,25.0,4,25.0,4096,81,50.5679012345679,76,0.9382716049382716,0.1,0.225309035908782,3,1.2677792905495715,0.061622674345559264,0.9494367536465056,0.31834253690306585,0.061622674345559264
maze,A,blocks,25.0,4,25.0,4096,81,50.5679012345679,76,0.9382716049382716,0.1,0.07094525356989852,3,1.4022963577797851,0.15996324329349157,0.9993311601405667,0.4029651976392185,0.15996324329349157
maze,B,blocks,25.0,4,25.0,4096,81,50.5679012345679,76,0.9382716049382716,0.1,0.22616018477862534,3,1.2292602417539813,0.06230899860639596,0.999805636945209,0.22945460480877233,0.06230899860639596
spirals,A,blocks,25.0,4,25.0,4096,81,50.5679012345679,76,0.9382716049382716,0.1,0.12059894882709747,3,1.2695523729385403,0.11477351047038237,0.7750979462231018,0.4944544267154385,0.11477351047038237
spirals,B,blocks,25.0,4,25.0,4096,81,50.5679012345679,76,0.9382716049382716,0.1,0.21039718119739134,3,1.2219266312495622,0.03456939824641149,0.8698671425366544,0.35205948871290776,0.0345693982464115
spots,A,blocks,25.0,4,25.0,4096,81,50.5679012345679,76,0.9382716049382716,0.1,0.04921048514468255,3,1.4242126149783099,0.16008529589651563,0.9993614922565,0.42485112272180997,0.16008529589651563
spots,B,blocks,25.0,4,25.0,4096,81,50.5679012345679,76,0.9382716049382716,0.1,0.2514325137077902,3,1.195717800324189,0.02052599949179512,0.9998224546079847,0.19589534571620415,0.02052599949179512
worms,A,blocks,25.0,4,25.0,4096,81,50.5679012345679,81,1.0,1e-06,0.09645554599726387,3,1.426701374848358,0.09933534202770979,0.9329096170145214,0.4937917578338363,0.09933534202770979
worms,B,blocks,25.0,4,25.0,4096,81,50.5679012345679,76,0.9382716049382716,0.1,0.24561240399693274,3,1.258727566429976,0.02626454919184119,0.9610445613562097,0.29768300507376605,0.02626454919184119
bubbles,A,blocks,10.0,4,10.15625,1664,81,20.54320987654321,57,0.7037037037037037,0.1,8.345023768445763,3,3.9658176487688785,0.19181175650361376,0.8850085024261369,3.0808091463427414,0.19181175650361354
bubbles,B,blocks,10.0,4,10.15625,1664,81,20.54320987654321,57,0.7037037037037037,0.1,11.718059853551855,3,1.375636920506362,0.09411100504049384,0.9104715940661648,0.46516532644019737,0.09411100504049384
gliders,A,blocks,10.0,4,10.15625,1664,81,20.54320987654321,57,0.7037037037037037,0.1,6.8189888829695375,3,2.424013775533806,0.10524054903029532,0.8673691786103043,1.5566445969235019,0.10524054903029532
gliders,B,blocks,10.0,4,10.15625,1664,81,20.54320987654321,57,0.7037037037037037,0.1,8.823318987504825,3,1.4958314725876753,0.08279568786534258,0.9494367536465056,0.5463947189411699,0.08279568786534258
maze,A,blocks,10.0,4,10.15625,1664,81,20.54320987654321,57,0.7037037037037037,0.1,10.215969439663978,3,2.3157241947574794,0.06197858450859408,0.9993311601405667,1.3163930346169126,0.06197858450859408
maze,B,blocks,10.0,4,10.15625,1664,81,20.54320987654321,57,0.7037037037037037,0.1,10.830173618936115,3,1.6749015653288002,0.004043202688850454,0.999805636945209,0.6750959283835914,0.004043202688850454
spirals,A,blocks,10.0,4,10.15625,1664,81,20.54320987654321,57,0.7037037037037037,0.1,5.3501743887562405,3,1.879996662326916,0.05161114559897957,0.7750979462231018,1.104898716103814,0.05161114559897957
spirals,B,blocks,10.0,4,10.15625,1664,81,20.54320987654321,57,0.7037037037037037,0.1,6.184909595734678,3,1.4439852191860465,0.052421756344241975,0.8698671425366544,0.574118076649392,0.052421756344241975
spots,A,blocks,10.0,4,10.15625,1664,81,20.54320987654321,57,0.7037037037037037,0.1,9.707271424547839,3,2.410102905142489,0.10437149940279752,0.9993614922565,1.4107414128859894,0.10437149940279754
spots,B,blocks,10.0,4,10.15625,1664,81,20.54320987654321,57,0.7037037037037037,0.1,10.595873813477418,3,1.4733193744787274,0.0193279395020895,0.9998224546079847,0.47349691987074277,0.019327939502089497
worms,A,blocks,10.0,4,10.15625,1664,81,20.54320987654321,57,0.7037037037037037,0.1,9.317676513214671,3,2.30916722286981,0.12167509576803835,0.9329096170145214,1.3762576058552891,0.12167509576803835
worms,B,blocks,10.0,4,10.15625,1664,81,20.54320987654321,57,0.7037037037037037,0.1,10.433459174917674,3,1.5285857551512427,0.08610859736515644,0.9610445613562097,0.5675411937950331,0.08610859736515644
bubbles,A,blocks,5.0,4,5.078125,832,81,10.271604938271604,36,0.4444444444444444,0.1,606.6151086874719,3,5.612576326507086,0.11921462694695292,0.8850085024261369,4.727567824080949,0.11921462694695292
bubbles,B,blocks,5.0,4,5.078125,832,81,10.271604938271604,36,0.4444444444444444,0.1,677.4829771180213,3,1.379300009381181,0.04548771674041734,0.9104715940661648,0.46882841531501596,0.04548771674041734
gliders,A,blocks,5.0,4,5.078125,832,81,10.271604938271604,36,0.4444444444444444,0.1,304.29169455751025,3,3.041280533175629,0.05013006365302943,0.8673691786103043,2.173911354565325,0.05013006365302943
gliders,B,blocks,5.0,4,5.078125,832,81,10.271604938271604,36,0.4444444444444444,0.1,387.05056975831775,3,1.4228623635426232,0.05077838329187541,0.9494367536465056,0.4734256098961176,0.05077838329187541
maze,A,blocks,5.0,4,5.078125,832,81,10.271604938271604,36,0.4444444444444444,0.1,445.0032291836246,3,2.9249252883123105,0.05483377699799089,0.9993311601405667,1.9255941281717437,0.05483377699799089
maze,B,blocks,5.0,4,5.078125,832,81,10.271604938271604,36,0.4444444444444444,0.1,462.26487618063993,3,1.8636052158275767,0.009400288224848742,0.999805636945209,0.8637995788823675,0.009400288224848742
spirals,A,blocks,5.0,4,5.078125,832,81,10.271604938271604,36,0.4444444444444444,0.1,278.739635521264,3,2.3272321553705133,0.050765345910011715,0.7750979462231018,1.5521342091474117,0.050765345910011715
spirals,B,blocks,5.0,4,5.078125,832,81,10.271604938271604,36,0.4444444444444444,0.1,399.3032670956389,3,1.4744590399221715,0.019655766851959425,0.8698671425366544,0.6045918973855171,0.019655766851959425
spots,A,blocks,5.0,4,5.078125,832,81,10.271604938271604,36,0.4444444444444444,0.1,685.0159091141545,3,3.1291120799374057,0.05050755162320313,0.9993614922565,2.129750587680906,0.05050755162320313
spots,B,blocks,5.0,4,5.078125,832,81,10.271604938271604,36,0.4444444444444444,0.1,697.8264936288491,3,1.5368791694910053,0.026381415057930718,0.9998224546079847,0.5370567148830206,0.026381415057930718
worms,A,blocks,5.0,4,5.078125,832,81,10.271604938271604,36,0.4444444444444444,0.1,473.6420812648885,3,2.9225764642355965,0.056501943957161585,0.9329096170145214,1.989666847221075,0.056501943957161585
worms,B,blocks,5.0,4,5.078125,832,81,10.271604938271604,36,0.4444444444444444,0.1,425.97502091578826,3,1.5134021872205203,0.04633855049061675,0.9610445613562097,0.5523576258643105,0.04633855049061675
bubbles,A,blocks,2.0,4,1.953125,320,81,3.950617283950617,26,0.32098765432098764,0.01,4238.306449503377,3,5.805272700486312,0.17397920933728708,0.8850085024261369,4.920264198060174,0.1739792093372871
bubbles,B,blocks,2.0,4,1.953125,320,81,3.950617283950617,14,0.1728395061728395,0.1,5380.598751592835,3,1.0962015977771622,0.019895747998748974,0.9104715940661648,0.18573000371099735,0.019895747998748974
gliders,A,blocks,2.0,4,1.953125,320,81,3.950617283950617,14,0.1728395061728395,0.1,3312.3624716714316,3,3.5983790715228117,0.04346482995109668,0.8673691786103043,2.731009892912507,0.04346482995109668
gliders,B,blocks,2.0,4,1.953125,320,81,3.950617283950617,14,0.1728395061728395,0.1,6703.573758361738,3,1.2921954822786852,0.021373094981037247,0.9494367536465056,0.3427587286321796,0.021373094981037247
maze,A,blocks,2.0,4,1.953125,320,81,3.950617283950617,14,0.1728395061728395,0.1,7684.750067220281,3,3.371065242361246,0.009602756478612995,0.9993311601405667,2.3717340822206796,0.009602756478612995
maze,B,blocks,2.0,4,1.953125,320,81,3.950617283950617,14,0.1728395061728395,0.1,7739.489253516201,3,1.904741028593877,0.015326200293805603,0.999805636945209,0.9049353916486682,0.015326200293805603
spirals,A,blocks,2.0,4,1.953125,320,81,3.950617283950617,14,0.1728395061728395,0.1,2215.428989353386,3,2.6108913482067044,0.01369283211780508,0.7750979462231018,1.8357934019836026,0.01369283211780508
spirals,B,blocks,2.0,4,1.953125,320,81,3.950617283950617,14,0.1728395061728395,0.1,4340.202176199058,3,1.3998326623461554,0.02077927614476927,0.8698671425366544,0.5299655198095009,0.02077927614476927
spots,A,blocks,2.0,4,1.953125,320,81,3.950617283950617,14,0.1728395061728395,0.1,7844.792303551995,3,3.663783278405384,0.00760553318265585,0.9993614922565,2.664421786148884,0.00760553318265585
spots,B,blocks,2.0,4,1.953125,320,81,3.950617283950617,14,0.1728395061728395,0.1,8025.067418190621,3,1.4212604154996307,0.017431030604672937,0.9998224546079847,0.42143796089164604,0.017431030604672933
worms,A,blocks,2.0,4,1.953125,320,81,3.950617283950617,14,0.1728395061728395,0.1,7726.063796501315,3,3.3656689381890517,0.02036488660315706,0.9329096170145214,2.432759321174531,0.02036488660315706
worms,B,blocks,2.0,4,1.953125,320,81,3.950617283950617,14,0.1728395061728395,0.1,9514.859133587468,3,1.36975947360379,0.03907598189885958,0.9610445613562097,0.4087149122475802,0.03907598189885959
bubbles,A,blocks,1.0,4,1.171875,192,81,2.3703703703703702,19,0.2345679012345679,0.01,4810.808246282825,3,6.816346129389426,0.23484509127997508,0.8850085024261369,5.9313376269632885,0.23484509127997508
bubbles,B,blocks,1.0,4,1.171875,192,81,2.3703703703703702,9,0.1111111111111111,0.1,6359.509420968755,3,1.0508012711480594,0.0074590071364640294,0.9104715940661648,0.1403296770818945,0.0074590071364640294
gliders,A,blocks,1.0,4,1.171875,192,81,2.3703703703703702,9,0.1111111111111111,0.1,2176.408965756153,3,3.7324496475231173,0.013081328935325173,0.8673691786103043,2.8650804689128133,0.013081328935325175
gliders,B,blocks,1.0,4,1.171875,192,81,2.3703703703703702,9,0.1111111111111111,0.1,5037.697062715455,3,1.2025333466788783,0.012897770526084328,0.9494367536465056,0.2530965930323727,0.01289777052608433
maze,A,blocks,1.0,4,1.171875,192,81,2.3703703703703702,9,0.1111111111111111,0.1,6518.058451876387,3,3.485291236494541,0.016707268185125804,0.9993311601405667,2.4859600763539738,0.016707268185125804
maze,B,blocks,1.0,4,1.171875,192,81,2.3703703703703702,9,0.1111111111111111,0.1,7215.096251061858,3,1.915809908667092,0.002937601388838099,0.999805636945209,0.9160042717218831,0.002937601388838099
spirals,A,blocks,1.0,4,1.171875,192,81,2.3703703703703702,9,0.1111111111111111,0.1,2746.2321893728854,3,2.720913143379328,0.029834845269025002,0.7750979462231018,1.9458151971562263,0.029834845269025002
spirals,B,blocks,1.0,4,1.171875,192,81,2.3703703703703702,9,0.1111111111111111,0.1,5578.444899909606,3,1.398552686044745,0.015085069753332042,0.8698671425366544,0.5286855435080907,0.015085069753332042
spots,A,blocks,1.0,4,1.171875,192,81,2.3703703703703702,9,0.1111111111111111,0.1,6601.317929544901,3,3.781015799184351,0.008640809523650827,0.9993614922565,2.7816543069278516,0.008640809523650827
spots,B,blocks,1.0,4,1.171875,192,81,2.3703703703703702,9,0.1111111111111111,0.1,7707.492428263017,3,1.4220005882080045,0.007506857297526551,0.9998224546079847,0.4221781336000198,0.007506857297526551
worms,A,blocks,1.0,4,1.171875,192,81,2.3703703703703702,9,0.1111111111111111,0.1,4353.490867273489,3,3.4630552039201454,0.01634172753377324,0.9329096170145214,2.530145586905624,0.01634172753377324
worms,B,blocks,1.0,4,1.171875,192,81,2.3703703703703702,9,0.1111111111111111,0.1,6053.281660928272,3,1.3231213371158776,0.009675532566705683,0.9610445613562097,0.36207677575966773,0.009675532566705683
bubbles,A,grid,50.0,4,100.0,16384,81,202.2716049382716,81,1.0,1e-06,0.0,3,0.8850085024261368,1.1102230246251565e-16,0.8850085024261369,0.0,0.0
bubbles,B,grid,50.0,4,100.0,16384,81,202.2716049382716,81,1.0,1e-06,0.0,3,0.9104715940661648,0.0,0.9104715940661648,0.0,0.0
gliders,A,grid,50.0,4,100.0,16384,81,202.2716049382716,81,1.0,1e-06,0.0,3,0.8673691786103043,0.0,0.8673691786103043,0.0,0.0
gliders,B,grid,50.0,4,100.0,16384,81,202.2716049382716,81,1.0,1e-06,0.0,3,0.9494367536465056,0.0,0.9494367536465056,0.0,0.0
maze,A,grid,50.0,4,100.0,16384,81,202.2716049382716,81,1.0,1e-06,0.0,3,0.9993311601405667,0.0,0.9993311601405667,0.0,0.0
maze,B,grid,50.0,4,100.0,16384,81,202.2716049382716,81,1.0,1e-06,0.0,3,0.999805636945209,0.0,0.999805636945209,0.0,0.0
spirals,A,grid,50.0,4,100.0,16384,81,202.2716049382716,81,1.0,1e-06,0.0,3,0.7750979462231018,0.0,0.7750979462231018,0.0,0.0
spirals,B,grid,50.0,4,100.0,16384,81,202.2716049382716,81,1.0,1e-06,0.0,3,0.8698671425366543,1.1102230246251565e-16,0.8698671425366544,0.0,0.0
spots,A,grid,50.0,4,100.0,16384,81,202.2716049382716,81,1.0,1e-06,0.0,3,0.9993614922565,0.0,0.9993614922565,0.0,0.0
spots,B,grid,50.0,4,100.0,16384,81,202.2716049382716,81,1.0,1e-06,0.0,3,0.9998224546079847,0.0,0.9998224546079847,0.0,0.0
worms,A,grid,50.0,4,100.0,16384,81,202.2716049382716,81,1.0,1e-06,0.0,3,0.9329096170145214,0.0,0.9329096170145214,0.0,0.0
worms,B,grid,50.0,4,100.0,16384,81,202.2716049382716,81,1.0,1e-06,0.0,3,0.9610445613562097,0.0,0.9610445613562097,0.0,0.0
bubbles,A,grid,25.0,4,25.0,4096,81,50.5679012345679,81,1.0,1e-06,0.0,3,0.8850105527850353,2.176756428245778e-07,0.8850085024261369,2.0503588983311616e-06,2.176756428245778e-07
bubbles,B,grid,25.0,4,25.0,4096,81,50.5679012345679,81,1.0,1e-06,0.0,3,0.9104813292188453,1.0337132318144745e-06,0.9104715940661648,9.735152680434567e-06,1.0337132318144745e-06
gliders,A,grid,25.0,4,25.0,4096,81,50.5679012345679,81,1.0,1e-06,0.0,3,0.8673692346414928,3.610456812463072e-09,0.8673691786103043,5.603118857777645e-08,3.610456812463072e-09
gliders,B,grid,25.0,4,25.0,4096,81,50.5679012345679,81,1.0,1e-06,0.0,3,0.9494377079224764,5.663818846942167e-08,0.9494367536465056,9.542759707992232e-07,5.663818846942167e-08
maze,A,grid,25.0,4,25.0,4096,81,50.5679012345679,81,1.0,1e-06,0.0,3,0.9993312163467496,3.320529400721039e-09,0.9993311601405667,5.620618296712602e-08,3.320529400721039e-09
maze,B,grid,25.0,4,25.0,4096,81,50.5679012345679,81,1.0,1e-06,0.0,3,0.9998059943281534,2.1133713346048955e-08,0.999805636945209,3.573829444973124e-07,2.1133713346048955e-08
spirals,A,grid,25.0,4,25.0,4096,81,50.5679012345679,81,1.0,1e-06,0.0,3,0.7750980757477707,1.0853298662685687e-09,0.7750979462231018,1.2952466887927727e-07,1.0853298662685687e-09
spirals,B,grid,25.0,4,25.0,4096,81,50.5679012345679,81,1.0,1e-06,0.0,3,0.8698688538501456,1.0170711485892388e-08,0.8698671425366544,1.7113134911372896e-06,1.0170711485892388e-08
spots,A,grid,25.0,4,25.0,4096,81,50.5679012345679,81,1.0,1e-06,0.0,3,0.9993617646987696,1.1294586284638998e-08,0.9993614922565,2.7244226955917367e-07,1.1294586284638998e-08
spots,B,grid,25.0,4,25.0,4096,81,50.5679012345679,81,1.0,1e-06,0.0,3,0.9998242228699082,7.196880800595282e-08,0.9998224546079847,1.7682619236625285e-06,7.196880800595282e-08
worms,A,grid,25.0,4,25.0,4096,81,50.5679012345679,81,1.0,1e-06,0.0,3,0.9329108965604425,5.803946992526212e-08,0.9329096170145214,1.279545921106795e-06,5.803946992526212e-08
worms,B,grid,25.0,4,25.0,4096,81,50.5679012345679,81,1.0,1e-06,0.0,3,0.9610528283448126,3.684750265292346e-07,0.9610445613562097,8.26698860290076e-06,3.684750265292346e-07
bubbles,A,grid,10.0,4,11.02294921875,1806,81,22.296296296296298,81,1.0,1e-06,0.0,3,0.8854917555204236,2.212225172953782e-05,0.8850085024261369,0.00048325309428657687,2.212225172953782e-05
bubbles,B,grid,10.0,4,11.02294921875,1806,81,22.296296296296298,81,1.0,1e-06,0.0,3,0.9112225581579576,6.44468548802779e-05,0.9104715940661648,0.0007509640917927237,6.44468548802779e-05
gliders,A,grid,10.0,4,11.02294921875,1806,81,22.296296296296298,81,1.0,1e-06,0.0,3,0.8681396287664812,0.00030966141181767163,0.8673691786103043,0.0007704501561768643,0.00030966141181767163
gliders,B,grid,10.0,4,11.02294921875,1806,81,22.296296296296298,81,1.0,1e-06,0.0,3,0.9502956783402946,0.00031386049914300504,0.9494367536465056,0.0008589246937889724,0.00031386049914300504
maze,A,grid,10.0,4,11.02294921875,1806,81,22.296296296296298,81,1.0,1e-06,0.0,3,0.9999955580521984,0.00021013808686489078,0.9993311601405667,0.0006643979116317533,0.00021013808686489078
maze,B,grid,10.0,4,11.02294921875,1806,81,22.296296296296298,81,1.0,1e-06,0.0,3,1.000532578800969,0.00018575011630419936,0.999805636945209,0.0007269418557599439,0.00018575011630419936
spirals,A,grid,10.0,4,11.02294921875,1806,81,22.296296296296298,81,1.0,1e-06,0.0,3,0.7757763407106429,0.00022490445857947005,0.7750979462231018,0.0006783944875411082,0.00022490445857947005
spirals,B,grid,10.0,4,11.02294921875,1806,81,22.296296296296298,81,1.0,1e-06,0.0,3,0.8706945656772835,0.00024093594113516756,0.8698671425366544,0.0008274231406290763,0.00024093594113516756
spots,A,grid,10.0,4,11.02294921875,1806,81,22.296296296296298,81,1.0,1e-06,0.0,3,0.9998888188772374,0.00024146880181270683,0.9993614922565,0.0005273266207373265,0.00024146880181270683
spots,B,grid,10.0,4,11.02294921875,1806,81,22.296296296296298,81,1.0,1e-06,0.0,3,1.000679330439575,0.000293075295875607,0.9998224546079847,0.0008568758315900723,0.000293075295875607
worms,A,grid,10.0,4,11.02294921875,1806,81,22.296296296296298,81,1.0,1e-06,0.0,3,0.9334780065017316,0.0002133070953398597,0.9329096170145214,0.0005683894872101636,0.0002133070953398597
worms,B,grid,10.0,4,11.02294921875,1806,81,22.296296296296298,81,1.0,1e-06,0.0,3,0.9617174867002998,0.00024032092275722618,0.9610445613562097,0.0006729253440900251,0.00024032092275722618
bubbles,A,grid,5.0,4,6.25,1024,81,12.641975308641975,81,1.0,1e-06,0.0,3,0.8853379219787142,2.7098459044731596e-05,0.8850085024261369,0.0003294195525772962,2.7098459044731596e-05
bubbles,B,grid,5.0,4,6.25,1024,81,12.641975308641975,81,1.0,1e-06,0.0,3,0.9113509979609499,6.152436248419577e-05,0.9104715940661648,0.0008794038947849506,6.152436248419577e-05
gliders,A,grid,5.0,4,6.25,1024,81,12.641975308641975,81,1.0,1e-06,0.0,3,0.8674934438590965,3.203382264251129e-06,0.8673691786103043,0.00012426524879227685,3.203382264251129e-06
gliders,B,grid,5.0,4,6.25,1024,81,12.641975308641975,81,1.0,1e-06,0.0,3,0.9505426789347586,2.8938705347999263e-05,0.9494367536465056,0.0011059252882530772,2.893870534799926e-05
maze,A,grid,5.0,4,6.25,1024,81,12.641975308641975,81,1.0,1e-06,0.0,3,0.9994098222082305,3.3900765324949924e-06,0.9993311601405667,7.866206766386312e-05,3.3900765324949924e-06
maze,B,grid,5.0,4,6.25,1024,81,12.641975308641975,81,1.0,1e-06,0.0,3,1.000096901944788,1.1788262257518776e-05,0.999805636945209,0.00029126499957902546,1.1788262257518776e-05
spirals,A,grid,5.0,4,6.25,1024,81,12.641975308641975,81,1.0,1e-06,0.0,3,0.775260688058878,1.0849027693118295e-05,0.7750979462231018,0.00016274183577617377,1.0849027693118295e-05
spirals,B,grid,5.0,4,6.25,1024,81,12.641975308641975,81,1.0,1e-06,0.0,3,0.8710218483181432,7.970831792802175e-05,0.8698671425366544,0.0011547057814888333,7.970831792802175e-05
spots,A,grid,5.0,4,6.25,1024,81,12.641975308641975,81,1.0,1e-06,0.0,3,0.999500265396127,6.5181733311042414e-06,0.9993614922565,0.0001387731396270686,6.5181733311042414e-06
spots,B,grid,5.0,4,6.25,1024,81,12.641975308641975,81,1.0,1e-06,0.0,3,1.0003637666941094,2.8842468585100297e-05,0.9998224546079847,0.0005413120861248825,2.8842468585100297e-05
worms,A,grid,5.0,4,6.25,1024,81,12.641975308641975,81,1.0,1e-06,0.0,3,0.9333265030047097,7.591399173364611e-06,0.9329096170145214,0.0004168859901883352,7.591399173364611e-06
worms,B,grid,5.0,4,6.25,1024,81,12.641975308641975,81,1.0,1e-06,0.0,3,0.9623624672793194,2.4357753307498822e-05,0.9610445613562097,0.0013179059231096524,2.4357753307498822e-05
bubbles,A,grid,2.0,4,1.9775390625,324,81,4.0,81,1.0,1e-06,0.0,3,0.9143636053407561,0.003444698991825455,0.8850085024261369,0.029355102914619218,0.003444698991825455
bubbles,B,grid,2.0,4,1.9775390625,324,81,4.0,81,1.0,1e-06,0.0,3,0.9516380596023571,0.004131414663802273,0.9104715940661648,0.04116646553619222,0.004131414663802273
gliders,A,grid,2.0,4,1.9775390625,324,81,4.0,81,1.0,1e-06,0.0,3,0.878627293977357,0.0007564844387099161,0.8673691786103043,0.011258115367052754,0.0007564844387099161
gliders,B,grid,2.0,4,1.9775390625,324,81,4.0,81,1.0,1e-06,0.0,3,0.979370787330506,0.002469263439341895,0.9494367536465056,0.029934033684000456,0.002469263439341895
maze,A,grid,2.0,4,1.9775390625,324,81,4.0,81,1.0,1e-06,0.0,3,1.1130143643452817,0.008557701936751311,0.9993311601405667,0.113683204204715,0.008557701936751311
maze,B,grid,2.0,4,1.9775390625,324,81,4.0,81,1.0,1e-06,0.0,3,1.1193046063330214,0.008605295654404654,0.999805636945209,0.11949896938781253,0.008605295654404654
spirals,A,grid,2.0,4,1.9775390625,324,81,4.0,81,1.0,1e-06,0.0,3,0.7928414206819548,0.0014629028870571477,0.7750979462231018,0.01774347445885316,0.0014629028870571477
spirals,B,grid,2.0,4,1.9775390625,324,81,4.0,81,1.0,1e-06,0.0,3,0.9121903504531925,0.003030563364877474,0.8698671425366544,0.04232320791653813,0.003030563364877474
spots,A,grid,2.0,4,1.9775390625,324,81,4.0,81,1.0,1e-06,0.0,3,1.1493316974598278,0.015453462027964406,0.9993614922565,0.14997020520332774,0.015453462027964406
spots,B,grid,2.0,4,1.9775390625,324,81,4.0,81,1.0,1e-06,0.0,3,1.1558194019765173,0.01432333196146629,0.9998224546079847,0.15599694736853273,0.01432333196146629
worms,A,grid,2.0,4,1.9775390625,324,81,4.0,81,1.0,1e-06,0.0,3,0.9826888677252112,0.0010602898257091073,0.9329096170145214,0.04977925071068997,0.0010602898257091073
worms,B,grid,2.0,4,1.9775390625,324,81,4.0,81,1.0,1e-06,0.0,3,1.0288411225058696,0.0015714030964527413,0.9610445613562097,0.06779656114965982,0.0015714030964527413
bubbles,A,grid,1.0,4,1.031494140625,169,81,2.0864197530864197,81,1.0,1e-06,0.0,3,1.0170915022942906,0.011910163315618307,0.8850085024261369,0.13208299986815372,0.011910163315618305
bubbles,B,grid,1.0,4,1.031494140625,169,81,2.0864197530864197,81,1.0,1e-06,0.0,3,1.0615880682893575,0.014059631078999345,0.9104715940661648,0.15111647422319271,0.014059631078999345
gliders,A,grid,1.0,4,1.031494140625,169,81,2.0864197530864197,81,1.0,1e-06,0.0,3,0.9881750342445862,0.007969970108746305,0.8673691786103043,0.12080585563428185,0.007969970108746305
gliders,B,grid,1.0,4,1.031494140625,169,81,2.0864197530864197,81,1.0,1e-06,0.0,3,1.127489190565494,0.016672488367047444,0.9494367536465056,0.17805243691898864,0.016672488367047444
maze,A,grid,1.0,4,1.031494140625,169,81,2.0864197530864197,81,1.0,1e-06,0.0,3,1.263563683735089,0.008090563497259938,0.9993311601405667,0.2642325235945223,0.008090563497259938
maze,B,grid,1.0,4,1.031494140625,169,81,2.0864197530864197,81,1.0,1e-06,0.0,3,1.2652230792097916,0.00783167808439186,0.999805636945209,0.2654174422645827,0.00783167808439186
spirals,A,grid,1.0,4,1.031494140625,169,81,2.0864197530864197,81,1.0,1e-06,0.0,3,0.8813472789453051,0.0026460406170063836,0.7750979462231018,0.10624933272220327,0.0026460406170063836
spirals,B,grid,1.0,4,1.031494140625,169,81,2.0864197530864197,81,1.0,1e-06,0.0,3,1.0278655866015738,0.00453796879838472,0.8698671425366544,0.15799844406491928,0.00453796879838472
spots,A,grid,1.0,4,1.031494140625,169,81,2.0864197530864197,81,1.0,1e-06,0.0,3,1.2670066806816267,0.011922953369510894,0.9993614922565,0.2676451884251269,0.011922953369510894
spots,B,grid,1.0,4,1.031494140625,169,81,2.0864197530864197,81,1.0,1e-06,0.0,3,1.2677606218227215,0.012210878669237368,0.9998224546079847,0.2679381672147369,0.012210878669237368
worms,A,grid,1.0,4,1.031494140625,169,81,2.0864197530864197,81,1.0,1e-06,0.0,3,1.13192657273541,0.012721142192968896,0.9329096170145214,0.19901695572088862,0.012721142192968896
worms,B,grid,1.0,4,1.031494140625,169,81,2.0864197530864197,81,1.0,1e-06,0.0,3,1.1808969190718834,0.016375845840393775,0.9610445613562097,0.21985235771567377,0.016375845840393775
bubbles,A,random,50.0,4,50.0,8192,81,101.1358024691358,81,1.0,1e-06,0.0,3,0.8874074371087586,0.0003271496615940066,0.8850085024261369,0.002398934682621756,0.0003271496615940066
bubbles,B,random,50.0,4,50.0,8192,81,101.1358024691358,81,1.0,1e-06,0.0,3,0.912922823226515,0.00038633185722019875,0.9104715940661648,0.002451229160350158,0.00038633185722019875
gliders,A,random,50.0,4,50.0,8192,81,101.1358024691358,81,1.0,1e-06,0.0,3,0.8697996493299355,7.839153941440194e-05,0.8673691786103043,0.002430470719631206,7.839153941440194e-05
gliders,B,random,50.0,4,50.0,8192,81,101.1358024691358,81,1.0,1e-06,0.0,3,0.9519871336251428,0.00015348239452850815,0.9494367536465056,0.002550379978637126,0.00015348239452850815
maze,A,random,50.0,4,50.0,8192,81,101.1358024691358,81,1.0,1e-06,0.0,3,1.0018491736648871,6.729923577061264e-05,0.9993311601405667,0.0025180135243206094,6.729923577061264e-05
maze,B,random,50.0,4,50.0,8192,81,101.1358024691358,81,1.0,1e-06,0.0,3,1.002305076100095,6.062773063845981e-05,0.999805636945209,0.0024994391548860038,6.062773063845981e-05
spirals,A,random,50.0,4,50.0,8192,81,101.1358024691358,81,1.0,1e-06,0.0,3,0.7771753328391299,0.0001438088403381961,0.7750979462231018,0.0020773866160281873,0.00014380884033819607
spirals,B,random,50.0,4,50.0,8192,81,101.1358024691358,81,1.0,1e-06,0.0,3,0.8721217070313753,0.00020365302828149787,0.8698671425366544,0.00225456449472076,0.00020365302828149784
spots,A,random,50.0,4,50.0,8192,81,101.1358024691358,81,1.0,1e-06,0.0,3,1.0021516738901284,0.00020365596992266894,0.9993614922565,0.0027901816336282823,0.00020365596992266897
spots,B,random,50.0,4,50.0,8192,81,101.1358024691358,81,1.0,1e-06,0.0,3,1.0026076194584326,0.00019318307589345389,0.9998224546079847,0.0027851648504478854,0.00019318307589345389
worms,A,random,50.0,4,50.0,8192,81,101.1358024691358,81,1.0,1e-06,0.0,3,0.9352915603637518,0.00017581172752535677,0.9329096170145214,0.0023819433492304385,0.0001758117275253568
worms,B,random,50.0,4,50.0,8192,81,101.1358024691358,81,1.0,1e-06,0.0,3,0.9634501008985156,0.0001154525097125378,0.9610445613562097,0.0024055395423057866,0.0001154525097125378
bubbles,A,random,25.0,4,25.0,4096,81,50.5679012345679,81,1.0,1e-06,0.0,3,0.8920937519215836,0.0001929471716259982,0.8850085024261369,0.0070852494954466065,0.0001929471716259982
bubbles,B,random,25.0,4,25.0,4096,81,50.5679012345679,81,1.0,1e-06,0.0,3,0.9178223988113438,0.00026695578606973755,0.9104715940661648,0.00735080474517887,0.00026695578606973755
gliders,A,random,25.0,4,25.0,4096,81,50.5679012345679,81,1.0,1e-06,0.0,3,0.8745236233774801,0.0005566521938259393,0.8673691786103043,0.007154444767175787,0.0005566521938259393
gliders,B,random,25.0,4,25.0,4096,81,50.5679012345679,81,1.0,1e-06,0.0,3,0.9570749352617823,0.0005626429545788794,0.9494367536465056,0.007638181615276777,0.0005626429545788794
maze,A,random,25.0,4,25.0,4096,81,50.5679012345679,81,1.0,1e-06,0.0,3,1.007244214110592,0.00117245168397282,0.9993311601405667,0.007913053970025211,0.00117245168397282
maze,B,random,25.0,4,25.0,4096,81,50.5679012345679,81,1.0,1e-06,0.0,3,1.007756099834645,0.001173210836643812,0.999805636945209,0.007950462889436127,0.001173210836643812
spirals,A,random,25.0,4,25.0,4096,81,50.5679012345679,81,1.0,1e-06,0.0,3,0.7809296761776453,8.933711847791959e-05,0.7750979462231018,0.005831729954543581,8.933711847791959e-05
spirals,B,random,25.0,4,25.0,4096,81,50.5679012345679,81,1.0,1e-06,0.0,3,0.8764623527766897,0.0002501118662161529,0.8698671425366544,0.006595210240035361,0.0002501118662161529
spots,A,random,25.0,4,25.0,4096,81,50.5679012345679,81,1.0,1e-06,0.0,3,1.0070268700351346,0.00022418956194158245,0.9993614922565,0.007665377778634556,0.00022418956194158245
spots,B,random,25.0,4,25.0,4096,81,50.5679012345679,81,1.0,1e-06,0.0,3,1.0074838190405313,0.00022161073822604333,0.9998224546079847,0.00766136443254654,0.00022161073822604333
worms,A,random,25.0,4,25.0,4096,81,50.5679012345679,81,1.0,1e-06,0.0,3,0.9402791756314262,0.00023011145194215622,0.9329096170145214,0.007369558616904766,0.00023011145194215622
worms,B,random,25.0,4,25.0,4096,81,50.5679012345679,81,1.0,1e-06,0.0,3,0.9686197462549228,0.00015809702343576776,0.9610445613562097,0.0075751848987131165,0.00015809702343576776
bubbles,A,random,10.0,4,9.99755859375,1638,81,20.22222222222222,81,1.0,1e-06,0.0,3,0.9064795924231696,0.0033220518451070177,0.8850085024261369,0.021471089997032584,0.0033220518451070177
bubbles,B,random,10.0,4,9.99755859375,1638,81,20.22222222222222,81,1.0,1e-06,0.0,3,0.9326537249784873,0.0038227651394682834,0.9104715940661648,0.022182130912322535,0.0038227651394682834
gliders,A,random,10.0,4,9.99755859375,1638,81,20.22222222222222,81,1.0,1e-06,0.0,3,0.8875353444692197,0.0020525464657110927,0.8673691786103043,0.020166165858915546,0.0020525464657110927
gliders,B,random,10.0,4,9.99755859375,1638,81,20.22222222222222,81,1.0,1e-06,0.0,3,0.972084396595352,0.0015199053154063501,0.9494367536465056,0.022647642948846358,0.0015199053154063501
maze,A,random,10.0,4,9.99755859375,1638,81,20.22222222222222,81,1.0,1e-06,0.0,3,1.0230610014896424,0.0015122194126872147,0.9993311601405667,0.023729841349075742,0.0015122194126872147
maze,B,random,10.0,4,9.99755859375,1638,81,20.22222222222222,81,1.0,1e-06,0.0,3,1.0235985772399252,0.0012922936780195488,0.999805636945209,0.023792940294716087,0.0012922936780195488
spirals,A,random,10.0,4,9.99755859375,1638,81,20.22222222222222,81,1.0,1e-06,0.0,3,0.7909917447895349,0.0015040796370191121,0.7750979462231018,0.015893798566433175,0.0015040796370191121
spirals,B,random,10.0,4,9.99755859375,1638,81,20.22222222222222,81,1.0,1e-06,0.0,3,0.8885771689595611,0.0016053759683963122,0.8698671425366544,0.018710026422906645,0.0016053759683963122
spots,A,random,10.0,4,9.99755859375,1638,81,20.22222222222222,81,1.0,1e-06,0.0,3,1.0234476968169568,0.0030348936163717972,0.9993614922565,0.0240862045604567,0.0030348936163717972
spots,B,random,10.0,4,9.99755859375,1638,81,20.22222222222222,81,1.0,1e-06,0.0,3,1.023995580325539,0.002975224205160803,0.9998224546079847,0.024173125717554256,0.002975224205160803
worms,A,random,10.0,4,9.99755859375,1638,81,20.22222222222222,81,1.0,1e-06,0.0,3,0.9538771230247204,0.0018452954613014706,0.9329096170145214,0.02096750601019907,0.0018452954613014706
worms,B,random,10.0,4,9.99755859375,1638,81,20.22222222222222,81,1.0,1e-06,0.0,3,0.9828172157727996,0.0014274045787393205,0.9610445613562097,0.02177265441658986,0.0014274045787393205
bubbles,A,random,5.0,4,4.998779296875,819,81,10.11111111111111,81,1.0,1e-06,0.0,3,0.9333273576405912,0.0020194447585734896,0.8850085024261369,0.0483188552144543,0.0020194447585734896
bubbles,B,random,5.0,4,4.998779296875,819,81,10.11111111111111,81,1.0,1e-06,0.0,3,0.9596163059632494,0.0023710298306550593,0.9104715940661648,0.049144711897084616,0.0023710298306550593
gliders,A,random,5.0,4,4.998779296875,819,81,10.11111111111111,81,1.0,1e-06,0.0,3,0.9169809414284603,0.007333656549637856,0.8673691786103043,0.04961176281815608,0.007333656549637855
gliders,B,random,5.0,4,4.998779296875,819,81,10.11111111111111,81,1.0,1e-06,0.0,3,1.0041151277482792,0.009242729387962934,0.9494367536465056,0.05467837410177353,0.009242729387962934
maze,A,random,5.0,4,4.998779296875,819,81,10.11111111111111,81,1.0,1e-06,0.0,3,1.0535834355183422,0.002497943992370789,0.9993311601405667,0.054252275377775695,0.002497943992370789
maze,B,random,5.0,4,4.998779296875,819,81,10.11111111111111,81,1.0,1e-06,0.0,3,1.0540860695064371,0.003209022482579616,0.999805636945209,0.05428043256122831,0.003209022482579616
spirals,A,random,5.0,4,4.998779296875,819,81,10.11111111111111,81,1.0,1e-06,0.0,3,0.8156205803113744,0.0027618829164219364,0.7750979462231018,0.04052263408827254,0.0027618829164219364
spirals,B,random,5.0,4,4.998779296875,819,81,10.11111111111111,81,1.0,1e-06,0.0,3,0.9152010220003056,0.0020963659763696407,0.8698671425366544,0.04533387946365108,0.0020963659763696407
spots,A,random,5.0,4,4.998779296875,819,81,10.11111111111111,81,1.0,1e-06,0.0,3,1.045438413581021,0.002739667467932447,0.9993614922565,0.04607692132452098,0.002739667467932447
spots,B,random,5.0,4,4.998779296875,819,81,10.11111111111111,81,1.0,1e-06,0.0,3,1.045725728288978,0.0029538635031001233,0.9998224546079847,0.045903273680993416,0.002953863503100123
worms,A,random,5.0,4,4.998779296875,819,81,10.11111111111111,81,1.0,1e-06,0.0,3,0.9762665899436492,0.0029772599468198377,0.9329096170145214,0.0433569729291278,0.0029772599468198377
worms,B,random,5.0,4,4.998779296875,819,81,10.11111111111111,81,1.0,1e-06,0.0,3,1.0056330730808796,0.0038024054775116457,0.9610445613562097,0.0445885117246699,0.003802405477511646
bubbles,A,random,2.0,4,2.001953125,328,81,4.049382716049383,81,1.0,1e-06,0.0,3,1.025864678996151,0.02858320292124371,0.8850085024261369,0.14085617657001406,0.02858320292124371
bubbles,B,random,2.0,4,2.001953125,328,81,4.049382716049383,81,1.0,1e-06,0.0,3,1.0521866785150753,0.028401543254418255,0.9104715940661648,0.14171508444891054,0.028401543254418255
gliders,A,random,2.0,4,2.001953125,328,81,4.049382716049383,81,1.0,1e-06,0.0,3,1.0210043157249808,0.02170028754166979,0.8673691786103043,0.15363513711467666,0.02170028754166979
gliders,B,random,2.0,4,2.001953125,328,81,4.049382716049383,81,1.0,1e-06,0.0,3,1.1146285013622104,0.024533261660107806,0.9494367536465056,0.1651917477157047,0.02453326166010781
maze,A,random,2.0,4,2.001953125,328,81,4.049382716049383,81,1.0,1e-06,0.0,3,1.1653213836598004,0.029442538609641678,0.9993311601405667,0.16599022351923376,0.029442538609641678
maze,B,random,2.0,4,2.001953125,328,81,4.049382716049383,81,1.0,1e-06,0.0,3,1.1616204675729909,0.02361015721898184,0.999805636945209,0.16181483062778204,0.02361015721898184
spirals,A,random,2.0,4,2.001953125,328,81,4.049382716049383,81,1.0,1e-06,0.0,3,0.914199320256622,0.012766278726097504,0.7750979462231018,0.13910137403352016,0.012766278726097504
spirals,B,random,2.0,4,2.001953125,328,81,4.049382716049383,81,1.0,1e-06,0.0,3,1.0260651589987406,0.018493511927673355,0.8698671425366544,0.1561980164620862,0.018493511927673355
spots,A,random,2.0,4,2.001953125,328,81,4.049382716049383,81,1.0,1e-06,0.0,3,1.1622522273760594,0.009453416485120249,0.9993614922565,0.16289073511955934,0.009453416485120249
spots,B,random,2.0,4,2.001953125,328,81,4.049382716049383,81,1.0,1e-06,0.0,3,1.1619147433017152,0.008241143910402834,0.9998224546079847,0.1620922886937305,0.008241143910402834
worms,A,random,2.0,4,2.001953125,328,81,4.049382716049383,81,1.0,1e-06,0.0,3,1.1104011213684863,0.02748389688804174,0.9329096170145214,0.177491504353965,0.02748389688804174
worms,B,random,2.0,4,2.001953125,328,81,4.049382716049383,81,1.0,1e-06,0.0,3,1.142457137277867,0.029962761972581197,0.9610445613562097,0.18141257592165724,0.029962761972581197
bubbles,A,random,1.0,4,1.0009765625,164,81,2.0246913580246915,81,1.0,1e-06,0.2529845392038918,3,1.4758844601983432,0.20053653322835957,0.8850085024261369,0.5908759577722063,0.20053653322835957
bubbles,B,random,1.0,4,1.0009765625,164,81,2.0246913580246915,80,0.9876543209876543,0.1,0.29040071948891205,3,1.439716854623354,0.1103400482530302,0.9104715940661648,0.5292452605571892,0.1103400482530302
gliders,A,random,1.0,4,1.0009765625,164,81,2.0246913580246915,81,1.0,1e-06,0.06807502001866046,3,1.436550441705643,0.12139423887979404,0.8673691786103043,0.5691812630953387,0.12139423887979404
gliders,B,random,1.0,4,1.0009765625,164,81,2.0246913580246915,80,0.9876543209876543,0.1,0.10957484714702799,3,1.529724609293661,0.1714028064640654,0.9494367536465056,0.5802878556471553,0.1714028064640654
maze,A,random,1.0,4,1.0009765625,164,81,2.0246913580246915,80,0.9876543209876543,0.1,0.17312887486420747,3,1.4923928006097213,0.09515838017993626,0.9993311601405667,0.49306164046915474,0.09515838017993626
maze,B,random,1.0,4,1.0009765625,164,81,2.0246913580246915,80,0.9876543209876543,0.1,0.2061325492614475,3,1.4725920069433556,0.09876625237583299,0.999805636945209,0.4727863699981465,0.09876625237583299
spirals,A,random,1.0,4,1.0009765625,164,81,2.0246913580246915,80,0.9876543209876543,0.1,0.09375250866176661,3,1.1881021669578649,0.014373013413600625,0.7750979462231018,0.41300422073476306,0.014373013413600625
spirals,B,random,1.0,4,1.0009765625,164,81,2.0246913580246915,80,0.9876543209876543,0.1,0.11436890358318393,3,1.2566290546093157,0.015104302166987044,0.8698671425366544,0.38676191207266125,0.015104302166987046
spots,A,random,1.0,4,1.0009765625,164,81,2.0246913580246915,80,0.9876543209876543,0.1,0.21653086927288534,3,1.5431308847370027,0.047632852499657256,0.9993614922565,0.5437693924805027,0.047632852499657256
spots,B,random,1.0,4,1.0009765625,164,81,2.0246913580246915,80,0.9876543209876543,0.1,0.2553480749703727,3,1.511207517897015,0.04574180582610891,0.9998224546079847,0.5113850632890303,0.04574180582610891
worms,A,random,1.0,4,1.0009765625,164,81,2.0246913580246915,80,0.9876543209876543,0.1,0.17175223948132926,3,1.379852580794446,0.10538178605661665,0.9329096170145214,0.44694296377992454,0.10538178605661665
worms,B,random,1.0,4,1.0009765625,164,81,2.0246913580246915,80,0.9876543209876543,0.1,0.20055803094543015,3,1.401252316423199,0.11950685373163765,0.9610445613562097,0.44020775506698895,0.11950685373163764
bubbles,A,stations,50.0,4,39.7705078125,6516,81,80.44444444444444,81,1.0,1e-06,0.0,3,0.9087353783926654,0.0011712613530274383,0.8850085024261369,0.023726875966528522,0.0011712613530274385
bubbles,B,stations,50.0,4,39.7705078125,6516,81,80.44444444444444,81,1.0,1e-06,0.0,3,0.933792221901959,0.0005702574036849877,0.9104715940661648,0.02332062783579414,0.0005702574036849877
gliders,A,stations,50.0,4,39.7705078125,6516,81,80.44444444444444,81,1.0,1e-06,0.0,3,0.8943642173556182,0.006321157220076364,0.8673691786103043,0.02699503874531391,0.006321157220076364
gliders,B,stations,50.0,4,39.7705078125,6516,81,80.44444444444444,81,1.0,1e-06,0.0,3,0.9760719579463887,0.005948999956667818,0.9494367536465056,0.026635204299883197,0.005948999956667818
maze,A,stations,50.0,4,39.7705078125,6516,81,80.44444444444444,81,1.0,1e-06,0.0,3,1.023543966204672,0.002703077165155523,0.9993311601405667,0.024212806064105325,0.002703077165155523
maze,B,stations,50.0,4,39.7705078125,6516,81,80.44444444444444,81,1.0,1e-06,0.0,3,1.0235287982191756,0.0026962641008007,0.999805636945209,0.023723161273966675,0.0026962641008007
spirals,A,stations,50.0,4,39.7705078125,6516,81,80.44444444444444,81,1.0,1e-06,0.0,3,0.7977708597887091,0.002139982432091097,0.7750979462231018,0.022672913565607338,0.002139982432091097
spirals,B,stations,50.0,4,39.7705078125,6516,81,80.44444444444444,81,1.0,1e-06,0.0,3,0.8932728069275662,0.0020339359437796336,0.8698671425366544,0.023405664390911813,0.0020339359437796336
spots,A,stations,50.0,4,39.7705078125,6516,81,80.44444444444444,81,1.0,1e-06,0.0,3,1.0224365388770182,0.0016093036893262255,0.9993614922565,0.023075046620518142,0.0016093036893262255
spots,B,stations,50.0,4,39.7705078125,6516,81,80.44444444444444,81,1.0,1e-06,0.0,3,1.0223297459835878,0.0015967462001082212,0.9998224546079847,0.022507291375603145,0.0015967462001082212
worms,A,stations,50.0,4,39.7705078125,6516,81,80.44444444444444,81,1.0,1e-06,0.0,3,0.9605739359861808,0.003362047482093282,0.9329096170145214,0.02766431897165955,0.003362047482093282
worms,B,stations,50.0,4,39.7705078125,6516,81,80.44444444444444,81,1.0,1e-06,0.0,3,0.987390561931815,0.0027365113438188563,0.9610445613562097,0.02634600057560525,0.0027365113438188563
bubbles,A,stations,25.0,4,22.1435546875,3628,81,44.79012345679013,81,1.0,1e-06,0.0,3,0.9573281093730097,0.014939802335027971,0.8850085024261369,0.07231960694687278,0.014939802335027971
bubbles,B,stations,25.0,4,22.1435546875,3628,81,44.79012345679013,81,1.0,1e-06,0.0,3,0.9801793946091841,0.01450259238360623,0.9104715940661648,0.06970780054301928,0.01450259238360623
gliders,A,stations,25.0,4,22.1435546875,3628,81,44.79012345679013,81,1.0,1e-06,0.0,3,0.9480731774872225,0.009988412873139257,0.8673691786103043,0.0807039988769181,0.009988412873139257
gliders,B,stations,25.0,4,22.1435546875,3628,81,44.79012345679013,81,1.0,1e-06,0.0,3,1.0271276622800607,0.00613425514739372,0.9494367536465056,0.07769090863355503,0.00613425514739372
maze,A,stations,25.0,4,22.1435546875,3628,81,44.79012345679013,81,1.0,1e-06,0.0,3,1.064757216079459,0.008068620889034211,0.9993311601405667,0.06542605593889235,0.008068620889034211
maze,B,stations,25.0,4,22.1435546875,3628,81,44.79012345679013,81,1.0,1e-06,0.0,3,1.0628960561411658,0.00775636817086423,0.999805636945209,0.06309041919595697,0.007756368170864231
spirals,A,stations,25.0,4,22.1435546875,3628,81,44.79012345679013,81,1.0,1e-06,0.0,3,0.8479938115815048,0.013627778212915366,0.7750979462231018,0.07289586535840298,0.013627778212915366
spirals,B,stations,25.0,4,22.1435546875,3628,81,44.79012345679013,81,1.0,1e-06,0.0,3,0.9400461855209938,0.011405456711090826,0.8698671425366544,0.07017904298433937,0.011405456711090828
spots,A,stations,25.0,4,22.1435546875,3628,81,44.79012345679013,81,1.0,1e-06,0.0,3,1.062047159464828,0.004251674823510419,0.9993614922565,0.06268566720832817,0.004251674823510418
spots,B,stations,25.0,4,22.1435546875,3628,81,44.79012345679013,81,1.0,1e-06,0.0,3,1.0610960387512838,0.004344000512628825,0.9998224546079847,0.06127358414329916,0.004344000512628825
worms,A,stations,25.0,4,22.1435546875,3628,81,44.79012345679013,81,1.0,1e-06,0.0,3,1.0031903139280618,0.0023796725741064557,0.9329096170145214,0.07028069691354051,0.0023796725741064557
worms,B,stations,25.0,4,22.1435546875,3628,81,44.79012345679013,81,1.0,1e-06,0.0,3,1.0302171519012626,0.0029153861976216086,0.9610445613562097,0.0691725905450528,0.0029153861976216086
bubbles,A,stations,10.0,4,9.356689453125,1533,81,18.925925925925927,81,1.0,1e-06,0.0642827912082095,3,1.3156970873999783,0.06414569068980285,0.8850085024261369,0.4306885849738415,0.06414569068980286
bubbles,B,stations,10.0,4,9.356689453125,1533,81,18.925925925925927,80,0.9876543209876543,0.1,0.06715629667765473,3,1.2666204033392312,0.05033428155740269,0.9104715940661648,0.3561488092730663,0.05033428155740269
gliders,A,stations,10.0,4,9.356689453125,1533,81,18.925925925925927,80,0.9876543209876543,0.1,0.036628974170409855,3,1.2417278708561998,0.06509620765695194,0.8673691786103043,0.3743586922458955,0.06509620765695194
gliders,B,stations,10.0,4,9.356689453125,1533,81,18.925925925925927,80,0.9876543209876543,0.1,0.083413243438678,3,1.2811835642492373,0.05502065426157976,0.9494367536465056,0.33174681060273176,0.05502065426157976
maze,A,stations,10.0,4,9.356689453125,1533,81,18.925925925925927,80,0.9876543209876543,0.1,0.060983342326330923,3,1.2874964861333689,0.01685097217243997,0.9993311601405667,0.28816532599280203,0.016850972172439974
maze,B,stations,10.0,4,9.356689453125,1533,81,18.925925925925927,80,0.9876543209876543,0.1,0.08017689404999,3,1.261323857930427,0.009569774820870167,0.999805636945209,0.26151822098521793,0.009569774820870167
spirals,A,stations,10.0,4,9.356689453125,1533,81,18.925925925925927,81,1.0,1e-06,0.024898363938535988,3,1.1506810503807725,0.08965794651995942,0.7750979462231018,0.3755831041576707,0.08965794651995942
spirals,B,stations,10.0,4,9.356689453125,1533,81,18.925925925925927,80,0.9876543209876543,0.1,0.038459112111337866,3,1.1945629628360175,0.05000735258469034,0.8698671425366544,0.3246958202993631,0.05000735258469034
spots,A,stations,10.0,4,9.356689453125,1533,81,18.925925925925927,81,1.0,1e-06,0.0800479837257646,3,1.3379072568850698,0.02852201054205266,0.9993614922565,0.33854576462856995,0.02852201054205266
spots,B,stations,10.0,4,9.356689453125,1533,81,18.925925925925927,80,0.9876543209876543,0.1,0.10234234331735892,3,1.3013240864965878,0.038155699456073375,0.9998224546079847,0.30150163188860307,0.03815569945607337
worms,A,stations,10.0,4,9.356689453125,1533,81,18.925925925925927,81,1.0,1e-06,0.006738242706993007,3,1.2755183239536774,0.04682642871952705,0.9329096170145214,0.34260870693915607,0.04682642871952705
worms,B,stations,10.0,4,9.356689453125,1533,81,18.925925925925927,80,0.9876543209876543,0.1,0.011114853032152242,3,1.2742367754296866,0.04450517811454138,0.9610445613562097,0.3131922140734769,0.04450517811454139
bubbles,A,stations,5.0,4,4.8828125,800,81,9.876543209876543,72,0.8888888888888888,0.1,0.0980762425518602,3,1.9954588098878847,0.25503114501428753,0.8850085024261369,1.1104503074617476,0.25503114501428753
bubbles,B,stations,5.0,4,4.8828125,800,81,9.876543209876543,72,0.8888888888888888,0.1,0.604598601669055,3,1.4086803589760077,0.08779673376706414,0.9104715940661648,0.49820876490984284,0.08779673376706415
gliders,A,stations,5.0,4,4.8828125,800,81,9.876543209876543,72,0.8888888888888888,0.1,0.4295572312778657,3,1.7455449888056587,0.10380171203763237,0.8673691786103043,0.8781758101953545,0.10380171203763237
gliders,B,stations,5.0,4,4.8828125,800,81,9.876543209876543,72,0.8888888888888888,0.1,0.6920911720719403,3,1.643000621218668,0.09870617205979472,0.9494367536465056,0.6935638675721624,0.09870617205979472
maze,A,stations,5.0,4,4.8828125,800,81,9.876543209876543,72,0.8888888888888888,0.1,0.5821616337867609,3,1.6813549409972859,0.09419356851695407,0.9993311601405667,0.6820237808567192,0.09419356851695407
maze,B,stations,5.0,4,4.8828125,800,81,9.876543209876543,72,0.8888888888888888,0.1,0.6940561540881957,3,1.5506479929909824,0.0863745466885008,0.999805636945209,0.5508423560457736,0.08637454668850078
spirals,A,stations,5.0,4,4.8828125,800,81,9.876543209876543,72,0.8888888888888888,0.1,0.8755202817811744,3,1.5014758823387477,0.02658815388544257,0.7750979462231018,0.726377936115646,0.02658815388544257
spirals,B,stations,5.0,4,4.8828125,800,81,9.876543209876543,72,0.8888888888888888,0.1,1.0345425604304965,3,1.4944328827977038,0.01458878104971902,0.8698671425366544,0.6245657402610495,0.01458878104971902
spots,A,stations,5.0,4,4.8828125,800,81,9.876543209876543,72,0.8888888888888888,0.1,0.7595386979573563,3,1.8157189641108122,0.06118387795772646,0.9993614922565,0.8163574718543124,0.06118387795772646
spots,B,stations,5.0,4,4.8828125,800,81,9.876543209876543,72,0.8888888888888888,0.1,0.9156730806843617,3,1.6256348395391587,0.08186287245805858,0.9998224546079847,0.625812384931174,0.08186287245805858
worms,A,stations,5.0,4,4.8828125,800,81,9.876543209876543,72,0.8888888888888888,0.1,0.599469848129553,3,1.7448847363467763,0.05012756718684791,0.9329096170145214,0.8119751193322551,0.05012756718684791
worms,B,stations,5.0,4,4.8828125,800,81,9.876543209876543,72,0.8888888888888888,0.1,0.7591913576879673,3,1.5995789484620755,0.052927045683178346,0.9610445613562097,0.6385343871058659,0.052927045683178346
bubbles,A,stations,2.0,4,1.9775390625,324,81,4.0,38,0.4691358024691358,0.1,12.732760650444645,3,4.013232958964509,0.5561520740452656,0.8850085024261369,3.1282244565383714,0.5561520740452656
bubbles,B,stations,2.0,4,1.9775390625,324,81,4.0,38,0.4691358024691358,0.1,16.988286087394467,3,1.3055706927069664,0.09128574741906213,0.9104715940661648,0.39509909864080156,0.09128574741906213
gliders,A,stations,2.0,4,1.9775390625,324,81,4.0,38,0.4691358024691358,0.1,11.6358242508544,3,2.5046281295886748,0.06919462761092758,0.8673691786103043,1.6372589509783708,0.06919462761092758
gliders,B,stations,2.0,4,1.9775390625,324,81,4.0,38,0.4691358024691358,0.1,15.132792852477797,3,1.4467296398771408,0.0453427862206111,0.9494367536465056,0.49729288623063517,0.0453427862206111
maze,A,stations,2.0,4,1.9775390625,324,81,4.0,38,0.4691358024691358,0.1,18.2324551492625,3,2.3941272219167486,0.09210710853614527,0.9993311601405667,1.3947960617761819,0.09210710853614527
maze,B,stations,2.0,4,1.9775390625,324,81,4.0,38,0.4691358024691358,0.1,19.237067151497108,3,1.6743197433247936,0.06837468393556466,0.999805636945209,0.6745141063795845,0.06837468393556466
spirals,A,stations,2.0,4,1.9775390625,324,81,4.0,38,0.4691358024691358,0.1,10.696978699283527,3,1.9137604476765313,0.04749798579357576,0.7750979462231018,1.1386625014534295,0.04749798579357576
spirals,B,stations,2.0,4,1.9775390625,324,81,4.0,38,0.4691358024691358,0.1,15.338232542016135,3,1.3814666800988444,0.03338573075120683,0.8698671425366544,0.5115995375621899,0.03338573075120683
spots,A,stations,2.0,4,1.9775390625,324,81,4.0,38,0.4691358024691358,0.1,19.541811003066144,3,2.5429009404473324,0.06160380347810404,0.9993614922565,1.5435394481908322,0.06160380347810404
spots,B,stations,2.0,4,1.9775390625,324,81,4.0,38,0.4691358024691358,0.1,20.98619950304948,3,1.475803983994771,0.029912583460229892,0.9998224546079847,0.47598152938678623,0.029912583460229895
worms,A,stations,2.0,4,1.9775390625,324,81,4.0,38,0.4691358024691358,0.1,17.08841138788618,3,2.357815978943511,0.026969835120182743,0.9329096170145214,1.4249063619289897,0.02696983512018274
worms,B,stations,2.0,4,1.9775390625,324,81,4.0,38,0.4691358024691358,0.1,19.55237454901298,3,1.4166896998755583,0.08058406453519579,0.9610445613562097,0.45564513851934835,0.08058406453519579
bubbles,A,stations,1.0,4,0.98876953125,162,81,2.0,22,0.2716049382716049,0.1,1078.9099114996357,3,5.53219679919685,0.10021552581276166,0.8850085024261369,4.647188296770713,0.10021552581276166
bubbles,B,stations,1.0,4,0.98876953125,162,81,2.0,22,0.2716049382716049,0.1,1166.7242901847392,3,1.1340872055432965,0.010064465814759126,0.9104715940661648,0.2236156114771317,0.010064465814759126
gliders,A,stations,1.0,4,0.98876953125,162,81,2.0,22,0.2716049382716049,0.1,594.9606700988728,3,2.9514451782678495,0.09455605943401565,0.8673691786103043,2.084075999657545,0.09455605943401565
gliders,B,stations,1.0,4,0.98876953125,162,81,2.0,22,0.2716049382716049,0.1,736.5502708959675,3,1.1870783045023696,0.013651603022449185,0.9494367536465056,0.23764155085586403,0.013651603022449185
maze,A,stations,1.0,4,0.98876953125,162,81,2.0,22,0.2716049382716049,0.1,815.6887749665589,3,2.863461636911053,0.04556601132737109,0.9993311601405667,1.8641304767704858,0.04556601132737109
maze,B,stations,1.0,4,0.98876953125,162,81,2.0,22,0.2716049382716049,0.1,878.1221307317891,3,1.7178608278241214,0.0990216803574714,0.999805636945209,0.7180551908789127,0.0990216803574714
spirals,A,stations,1.0,4,0.98876953125,162,81,2.0,22,0.2716049382716049,0.1,574.8712998128103,3,2.191801570720813,0.06097116417324038,0.7750979462231018,1.4167036244977114,0.06097116417324038
spirals,B,stations,1.0,4,0.98876953125,162,81,2.0,22,0.2716049382716049,0.1,805.8040655782424,3,1.3031665024487855,0.017827149181701026,0.8698671425366544,0.4332993599121311,0.017827149181701026
spots,A,stations,1.0,4,0.98876953125,162,81,2.0,22,0.2716049382716049,0.1,1453.2064288203217,3,3.106787040492598,0.04441962267952636,0.9993614922565,2.1074255482360975,0.04441962267952635
spots,B,stations,1.0,4,0.98876953125,162,81,2.0,22,0.2716049382716049,0.1,1521.90420318189,3,1.392545672272198,0.05076315764818854,0.9998224546079847,0.3927232176642135,0.05076315764818854
worms,A,stations,1.0,4,0.98876953125,162,81,2.0,22,0.2716049382716049,0.1,926.0820262712899,3,2.836036481657887,0.0627552847052685,0.9329096170145214,1.9031268646433654,0.0627552847052685
worms,B,stations,1.0,4,0.98876953125,162,81,2.0,22,0.2716049382716049,0.1,1042.4669261798801,3,1.344631534410792,0.06637467412639227,0.9610445613562097,0.3835869730545823,0.06637467412639225
bubbles,A,blocks,50.0,8,50.0,8192,289,28.346020761245676,289,1.0,1e-06,0.4345275401117929,3,1.239628220368244,0.1745978078385341,0.6394395996309937,0.6001886207372503,0.1745978078385341
bubbles,B,blocks,50.0,8,50.0,8192,289,28.346020761245676,273,0.9446366782006921,0.1,0.3535461811162192,3,0.9638415437462536,0.026558982368703195,0.7063388075933293,0.2575027361529243,0.026558982368703195
gliders,A,blocks,50.0,8,50.0,8192,289,28.346020761245676,273,0.9446366782006921,0.1,0.13125674976184856,3,1.1258477775093656,0.08094553436363804,0.5435733126078505,0.582274464901515,0.08094553436363802
gliders,B,blocks,50.0,8,50.0,8192,289,28.346020761245676,273,0.9446366782006921,0.1,0.44695929397165907,3,1.072632344342985,0.008958731276841889,0.7213883037049539,0.35124404063803133,0.008958731276841889
maze,A,blocks,50.0,8,50.0,8192,289,28.346020761245676,273,0.9446366782006921,0.1,0.20637772889535907,3,1.4667149906927568,0.025173024701158838,0.9935319513440243,0.47318303934873257,0.025173024701158835
maze,B,blocks,50.0,8,50.0,8192,289,28.346020761245676,273,0.9446366782006921,0.1,0.32088759104024733,3,1.3342415296052268,0.007300310504094278,0.996889021968278,0.3373525076369488,0.007300310504094278
spirals,A,blocks,50.0,8,50.0,8192,289,28.346020761245676,273,0.9446366782006921,0.1,0.20277748559956787,3,0.8808654894352087,0.04609472108998516,0.48397642651545425,0.3968890629197544,0.04609472108998516
spirals,B,blocks,50.0,8,50.0,8192,289,28.346020761245676,273,0.9446366782006921,0.1,0.40001330210280334,3,0.9537328737220293,0.006737008834665499,0.6699938852885328,0.2837389884334966,0.006737008834665498
spots,A,blocks,50.0,8,50.0,8192,289,28.346020761245676,273,0.9446366782006921,0.1,0.3207216737550283,3,1.4939828286212926,0.04062103952539754,0.9966225199395079,0.49736030868178477,0.04062103952539754
spots,B,blocks,50.0,8,50.0,8192,289,28.346020761245676,273,0.9446366782006921,0.1,0.486782329272482,3,1.3004373582664464,0.014776000578626653,0.9985460320945182,0.30189132617192815,0.014776000578626653
worms,A,blocks,50.0,8,50.0,8192,289,28.346020761245676,273,0.9446366782006921,0.1,0.23872646754396784,3,1.3470148814017007,0.03602824022358033,0.807611577515441,0.5394033038862598,0.03602824022358033
worms,B,blocks,50.0,8,50.0,8192,289,28.346020761245676,273,0.9446366782006921,0.1,0.40503982875936306,3,1.232002268815575,0.04848430968312679,0.8707424176827958,0.3612598511327792,0.048484309683126794
bubbles,A,blocks,25.0,8,25.0,4096,289,14.173010380622838,213,0.7370242214532872,0.1,8.229625766846793,3,3.4367148516022294,0.23767477679167473,0.6394395996309937,2.797275251971236,0.23767477679167473
bubbles,B,blocks,25.0,8,25.0,4096,289,14.173010380622838,213,0.7370242214532872,0.1,11.495072159445135,3,1.1717863896202598,0.013372398575747983,0.7063388075933293,0.4654475820269304,0.013372398575747983
gliders,A,blocks,25.0,8,25.0,4096,289,14.173010380622838,213,0.7370242214532872,0.1,9.566523238810898,3,1.9271543870414456,0.13530257860104403,0.5435733126078505,1.3835810744335955,0.13530257860104394
gliders,B,blocks,25.0,8,25.0,4096,289,14.173010380622838,213,0.7370242214532872,0.1,13.788785663246195,3,1.1988706162079303,0.022621017602055166,0.7213883037049539,0.4774823125029764,0.022621017602055166
maze,A,blocks,25.0,8,25.0,4096,289,14.173010380622838,213,0.7370242214532872,0.1,17.419769953320916,3,2.1981617557407565,0.08124230499738494,0.9935319513440243,1.2046298043967323,0.08124230499738494
maze,B,blocks,25.0,8,25.0,4096,289,14.173010380622838,213,0.7370242214532872,0.1,17.980923439499406,3,1.7227296375324368,0.027496628730400038,0.996889021968278,0.7258406155641589,0.027496628730400038
spirals,A,blocks,25.0,8,25.0,4096,289,14.173010380622838,213,0.7370242214532872,0.1,5.823703758045571,3,1.4484413452641893,0.061881807480647096,0.48397642651545425,0.964464918748735,0.06188180748064709
spirals,B,blocks,25.0,8,25.0,4096,289,14.173010380622838,213,0.7370242214532872,0.1,9.656320703374313,3,1.159628642585791,0.009209036973540608,0.6699938852885328,0.48963475729725814,0.009209036973540608
spots,A,blocks,25.0,8,25.0,4096,289,14.173010380622838,213,0.7370242214532872,0.1,15.002333050151556,3,2.3156417868476553,0.08174501196880286,0.9966225199395079,1.3190192669081477,0.08174501196880286
spots,B,blocks,25.0,8,25.0,4096,289,14.173010380622838,213,0.7370242214532872,0.1,15.859134472461605,3,1.651619029342352,0.018625469162100387,0.9985460320945182,0.653072997247834,0.018625469162100387
worms,A,blocks,25.0,8,25.0,4096,289,14.173010380622838,213,0.7370242214532872,0.1,20.098325515818964,3,1.9802710237140542,0.08050997205909757,0.807611577515441,1.1726594461986133,0.08050997205909768
worms,B,blocks,25.0,8,25.0,4096,289,14.173010380622838,213,0.7370242214532872,0.1,23.22795011153705,3,1.395982911737594,0.00634467262811035,0.8707424176827958,0.5252404940547982,0.00634467262811035
bubbles,A,blocks,10.0,8,10.15625,1664,289,5.757785467128028,201,0.6955017301038062,0.01,1743.5335037203847,3,4.968242260289447,0.13407880305280917,0.6394395996309937,4.328802660658453,0.13407880305280917
bubbles,B,blocks,10.0,8,10.15625,1664,289,5.757785467128028,121,0.4186851211072664,0.1,2379.137905027727,3,1.1619689108898066,0.008368598690836218,0.7063388075933293,0.4556301032964772,0.008368598690836218
gliders,A,blocks,10.0,8,10.15625,1664,289,5.757785467128028,121,0.4186851211072664,0.1,711.5435350123795,3,2.776329874434417,0.04740165723486965,0.5435733126078505,2.2327565618265663,0.04740165723486965
gliders,B,blocks,10.0,8,10.15625,1664,289,5.757785467128028,121,0.4186851211072664,0.1,1356.6365788316473,3,1.2158944110382037,0.03057732603637396,0.7213883037049539,0.4945061073332499,0.030577326036373965
maze,A,blocks,10.0,8,10.15625,1664,289,5.757785467128028,121,0.4186851211072664,0.1,2845.487680065171,3,2.794873482975112,0.04632219173545094,0.9935319513440243,1.8013415316310877,0.04632219173545094
maze,B,blocks,10.0,8,10.15625,1664,289,5.757785467128028,121,0.4186851211072664,0.1,3067.345020202196,3,1.8673838697136798,0.043402196744465577,0.996889021968278,0.8704948477454016,0.04340219674446558
spirals,A,blocks,10.0,8,10.15625,1664,289,5.757785467128028,121,0.4186851211072664,0.1,1150.2251110542309,3,2.069625753043225,0.013740790240345127,0.48397642651545425,1.5856493265277705,0.013740790240345127
spirals,B,blocks,10.0,8,10.15625,1664,289,5.757785467128028,121,0.4186851211072664,0.1,2243.2366775670343,3,1.2855951793017344,0.020424328754547923,0.6699938852885328,0.6156012940132017,0.020424328754547926
spots,A,blocks,10.0,8,10.15625,1664,289,5.757785467128028,121,0.4186851211072664,0.1,2153.753449301377,3,2.9984955543897964,0.06453193728162866,0.9966225199395079,2.001873034450289,0.06453193728162866
spots,B,blocks,10.0,8,10.15625,1664,289,5.757785467128028,121,0.4186851211072664,0.1,2227.2041641409064,3,1.6139064880339904,0.024994433964779093,0.9985460320945182,0.6153604559394723,0.024994433964779097
worms,A,blocks,10.0,8,10.15625,1664,289,5.757785467128028,121,0.4186851211072664,0.1,1341.627561797597,3,2.665455431219136,0.03164046484027309,0.807611577515441,1.8578438537036945,0.03164046484027309
worms,B,blocks,10.0,8,10.15625,1664,289,5.757785467128028,121,0.4186851211072664,0.1,1688.1341734863227,3,1.4348196867138026,0.02784101845080642,0.8707424176827958,0.5640772690310066,0.02784101845080642
bubbles,A,blocks,5.0,8,5.078125,832,289,2.878892733564014,127,0.43944636678200694,0.01,5221.168276213843,3,5.823314460015472,0.08156883466998203,0.6394395996309937,5.183874860384478,0.08156883466998203
bubbles,B,blocks,5.0,8,5.078125,832,289,2.878892733564014,72,0.2491349480968858,0.1,7121.428361465802,3,1.1865998396768778,0.013577664587041016,0.7063388075933293,0.4802610320835483,0.013577664587041016
gliders,A,blocks,5.0,8,5.078125,832,289,2.878892733564014,127,0.43944636678200694,0.01,1926.189742141166,3,3.0717121968955063,0.062101381450902285,0.5435733126078505,2.5281388842876567,0.062101381450902285
gliders,B,blocks,5.0,8,5.078125,832,289,2.878892733564014,72,0.2491349480968858,0.1,4371.259729423534,3,1.2284523142285024,0.014207686286648598,0.7213883037049539,0.5070640105235484,0.014207686286648598
maze,A,blocks,5.0,8,5.078125,832,289,2.878892733564014,72,0.2491349480968858,0.1,5132.019371018591,3,3.0815988538241967,0.018607097898512812,0.9935319513440243,2.088066902480172,0.018607097898512812
maze,B,blocks,5.0,8,5.078125,832,289,2.878892733564014,72,0.2491349480968858,0.1,5754.525845092543,3,1.9171818644101564,0.025881274499352142,0.996889021968278,0.9202928424418785,0.02588127449935214
spirals,A,blocks,5.0,8,5.078125,832,289,2.878892733564014,72,0.2491349480968858,0.1,2238.2871898897088,3,2.322153117255261,0.04335513492117379,0.48397642651545425,1.8381766907398067,0.04335513492117379
spirals,B,blocks,5.0,8,5.078125,832,289,2.878892733564014,72,0.2491349480968858,0.1,4841.89031472718,3,1.3275095074086798,0.02222690625172683,0.6699938852885328,0.6575156221201471,0.02222690625172683
spots,A,blocks,5.0,8,5.078125,832,289,2.878892733564014,72,0.2491349480968858,0.1,5742.109894145844,3,3.2985586129613034,0.046211691679094315,0.9966225199395079,2.3019360930217956,0.046211691679094315
spots,B,blocks,5.0,8,5.078125,832,289,2.878892733564014,72,0.2491349480968858,0.1,6661.217406114235,3,1.6623700323026196,0.01778659821696859,0.9985460320945182,0.6638240002081014,0.01778659821696859
worms,A,blocks,5.0,8,5.078125,832,289,2.878892733564014,72,0.2491349480968858,0.1,4634.77478174368,3,2.961787572943134,0.01787383223708201,0.807611577515441,2.154175995427693,0.01787383223708201
worms,B,blocks,5.0,8,5.078125,832,289,2.878892733564014,72,0.2491349480968858,0.1,6686.482195642752,3,1.4115530465887585,0.04130490638937971,0.8707424176827958,0.5408106289059625,0.04130490638937971
bubbles,A,blocks,2.0,8,1.953125,320,289,1.1072664359861593,49,0.1695501730103806,0.01,1174.520281885719,3,6.707404348075468,0.0697277441089397,0.6394395996309937,6.067964748444474,0.0697277441089397
bubbles,B,blocks,2.0,8,1.953125,320,289,1.1072664359861593,28,0.09688581314878893,0.1,2100.3825507747865,3,1.0592271098359378,0.0024538078533123176,0.7063388075933293,0.35288830224260853,0.0024538078533123176
gliders,A,blocks,2.0,8,1.953125,320,289,1.1072664359861593,28,0.09688581314878893,0.1,954.8778697666354,3,3.5787533842753767,0.02882932617475944,0.5435733126078505,3.0351800716675257,0.02882932617475944
gliders,B,blocks,2.0,8,1.953125,320,289,1.1072664359861593,28,0.09688581314878893,0.1,2774.3346527508384,3,1.1792601659072475,0.002285315967019998,0.7213883037049539,0.45787186220229364,0.0022853159670199975
maze,A,blocks,2.0,8,1.953125,320,289,1.1072664359861593,28,0.09688581314878893,0.1,1437.2250066165623,3,3.4046629146092626,0.030925819996516276,0.9935319513440243,2.4111309632652387,0.030925819996516276
maze,B,blocks,2.0,8,1.953125,320,289,1.1072664359861593,28,0.09688581314878893,0.1,2170.8898723224434,3,1.919765528991548,0.045826638653780144,0.996889021968278,0.9228765070232701,0.045826638653780144
spirals,A,blocks,2.0,8,1.953125,320,289,1.1072664359861593,28,0.09688581314878893,0.1,1314.2481927654871,3,2.600881247439825,0.03236722248510663,0.48397642651545425,2.1169048209243706,0.03236722248510663
spirals,B,blocks,2.0,8,1.953125,320,289,1.1072664359861593,28,0.09688581314878893,0.1,3316.02528505468,3,1.3555934586012313,0.006147276399151369,0.6699938852885328,0.6855995733126985,0.006147276399151369
spots,A,blocks,2.0,8,1.953125,320,289,1.1072664359861593,28,0.09688581314878893,0.1,2359.743634780428,3,3.6606631942656143,0.033473299681458776,0.9966225199395079,2.6640406743261065,0.033473299681458776
spots,B,blocks,2.0,8,1.953125,320,289,1.1072664359861593,28,0.09688581314878893,0.1,3857.8906522118473,3,1.4984761044180475,0.02948865370059671,0.9985460320945182,0.4999300723235292,0.02948865370059671
worms,A,blocks,2.0,8,1.953125,320,289,1.1072664359861593,28,0.09688581314878893,0.1,2488.970872510374,3,3.323168409616883,0.02593982775902824,0.807611577515441,2.5155568321014417,0.02593982775902824
worms,B,blocks,2.0,8,1.953125,320,289,1.1072664359861593,28,0.09688581314878893,0.1,3980.3668557631804,3,1.3230236536046511,0.03034935520525736,0.8707424176827958,0.4522812359218553,0.03034935520525736
bubbles,A,blocks,1.0,8,1.171875,192,289,0.6643598615916955,34,0.11764705882352941,0.01,1139.960914777443,3,7.032370895881144,0.01864604633298472,0.6394395996309937,6.39293129625015,0.01864604633298472
bubbles,B,blocks,1.0,8,1.171875,192,289,0.6643598615916955,18,0.06228373702422145,0.1,2117.233769431585,3,1.1149623577398466,0.0523747417216173,0.7063388075933293,0.4086235501465172,0.0523747417216173
gliders,A,blocks,1.0,8,1.171875,192,289,0.6643598615916955,34,0.11764705882352941,0.01,590.5171843248081,3,3.691464026217522,0.009249087882018137,0.5435733126078505,3.147890713609671,0.009249087882018137
gliders,B,blocks,1.0,8,1.171875,192,289,0.6643598615916955,18,0.06228373702422145,0.1,1736.5712435019175,3,1.1563040434733056,0.008654785730781604,0.7213883037049539,0.4349157397683519,0.008654785730781604
maze,A,blocks,1.0,8,1.171875,192,289,0.6643598615916955,18,0.06228373702422145,0.1,1239.215869911415,3,3.5174243485892824,0.002195204492681394,0.9935319513440243,2.5238923972452576,0.002195204492681394
maze,B,blocks,1.0,8,1.171875,192,289,0.6643598615916955,18,0.06228373702422145,0.1,1795.9321191316947,3,1.9410206030157138,0.0025637760087331473,0.996889021968278,0.9441315810474356,0.0025637760087331473
spirals,A,blocks,1.0,8,1.171875,192,289,0.6643598615916955,18,0.06228373702422145,0.1,838.6846853324938,3,2.7052592270336286,0.011517336242124185,0.48397642651545425,2.2212828005181744,0.011517336242124185
spirals,B,blocks,1.0,8,1.171875,192,289,0.6643598615916955,18,0.06228373702422145,0.1,2227.066547055623,3,1.3685049404695409,0.007855282785564886,0.6699938852885328,0.6985110551810081,0.007855282785564886
spots,A,blocks,1.0,8,1.171875,192,289,0.6643598615916955,18,0.06228373702422145,0.1,1567.4755990143021,3,3.8075414325271217,0.012797554953762174,0.9966225199395079,2.810918912587614,0.012797554953762174
spots,B,blocks,1.0,8,1.171875,192,289,0.6643598615916955,18,0.06228373702422145,0.1,3045.6180991881424,3,1.4561468283048995,0.021680796547751766,0.9985460320945182,0.45760079621038124,0.021680796547751766
worms,A,blocks,1.0,8,1.171875,192,289,0.6643598615916955,18,0.06228373702422145,0.1,1566.8777075748758,3,3.4570165817984972,0.0015675293940048698,0.807611577515441,2.649405004283057,0.0015675293940048698
worms,B,blocks,1.0,8,1.171875,192,289,0.6643598615916955,18,0.06228373702422145,0.1,2637.7471664480186,3,1.298123538391284,0.01315302742696968,0.8707424176827958,0.42738112070848827,0.01315302742696968
bubbles,A,grid,50.0,8,100.0,16384,289,56.69204152249135,289,1.0,1e-06,0.0,3,0.6394395996309937,0.0,0.6394395996309937,0.0,0.0
bubbles,B,grid,50.0,8,100.0,16384,289,56.69204152249135,289,1.0,1e-06,0.0,3,0.7063388075933293,0.0,0.7063388075933293,0.0,0.0
gliders,A,grid,50.0,8,100.0,16384,289,56.69204152249135,289,1.0,1e-06,0.0,3,0.5435733126078505,0.0,0.5435733126078505,0.0,0.0
gliders,B,grid,50.0,8,100.0,16384,289,56.69204152249135,289,1.0,1e-06,0.0,3,0.7213883037049539,0.0,0.7213883037049539,0.0,0.0
maze,A,grid,50.0,8,100.0,16384,289,56.69204152249135,289,1.0,1e-06,0.0,3,0.9935319513440243,0.0,0.9935319513440243,0.0,0.0
maze,B,grid,50.0,8,100.0,16384,289,56.69204152249135,289,1.0,1e-06,0.0,3,0.9968890219682779,1.1102230246251565e-16,0.996889021968278,0.0,0.0
spirals,A,grid,50.0,8,100.0,16384,289,56.69204152249135,289,1.0,1e-06,0.0,3,0.48397642651545425,0.0,0.48397642651545425,0.0,0.0
spirals,B,grid,50.0,8,100.0,16384,289,56.69204152249135,289,1.0,1e-06,0.0,3,0.6699938852885327,1.1102230246251565e-16,0.6699938852885328,0.0,0.0
spots,A,grid,50.0,8,100.0,16384,289,56.69204152249135,289,1.0,1e-06,0.0,3,0.9966225199395079,0.0,0.9966225199395079,0.0,0.0
spots,B,grid,50.0,8,100.0,16384,289,56.69204152249135,289,1.0,1e-06,0.0,3,0.9985460320945182,0.0,0.9985460320945182,0.0,0.0
worms,A,grid,50.0,8,100.0,16384,289,56.69204152249135,289,1.0,1e-06,0.0,3,0.807611577515441,0.0,0.807611577515441,0.0,0.0
worms,B,grid,50.0,8,100.0,16384,289,56.69204152249135,289,1.0,1e-06,0.0,3,0.8707424176827958,0.0,0.8707424176827958,0.0,0.0
bubbles,A,grid,25.0,8,25.0,4096,289,14.173010380622838,289,1.0,1e-06,0.0,3,0.6394544112854476,4.945951193836207e-07,0.6394395996309937,1.4811654453753912e-05,4.945951193836207e-07
bubbles,B,grid,25.0,8,25.0,4096,289,14.173010380622838,289,1.0,1e-06,0.0,3,0.7064022910802392,2.172868812484475e-06,0.7063388075933293,6.348348690991361e-05,2.172868812484475e-06
gliders,A,grid,25.0,8,25.0,4096,289,14.173010380622838,289,1.0,1e-06,0.0,3,0.5435737658297161,3.0113496931944366e-08,0.5435733126078505,4.532218655928233e-07,3.0113496931944366e-08
gliders,B,grid,25.0,8,25.0,4096,289,14.173010380622838,289,1.0,1e-06,0.0,3,0.7213945092878363,3.8481195375428936e-07,0.7213883037049539,6.205582882408874e-06,3.8481195375428936e-07
maze,A,grid,25.0,8,25.0,4096,289,14.173010380622838,289,1.0,1e-06,0.0,3,0.9935322469498185,7.98510525819481e-09,0.9935319513440243,2.9560579417609034e-07,7.98510525819481e-09
maze,B,grid,25.0,8,25.0,4096,289,14.173010380622838,289,1.0,1e-06,0.0,3,0.9968908479944663,4.839477683356573e-08,0.996889021968278,1.8260261883303504e-06,4.839477683356573e-08
spirals,A,grid,25.0,8,25.0,4096,289,14.173010380622838,289,1.0,1e-06,0.0,3,0.48397747280975323,5.267269326983297e-08,0.48397642651545425,1.0462942989971265e-06,5.267269326983297e-08
spirals,B,grid,25.0,8,25.0,4096,289,14.173010380622838,289,1.0,1e-06,0.0,3,0.6700048129593051,5.508368777202973e-07,0.6699938852885328,1.0927670772301981e-05,5.508368777202972e-07
spots,A,grid,25.0,8,25.0,4096,289,14.173010380622838,289,1.0,1e-06,0.0,3,0.9966236839077774,1.2061508204020486e-08,0.9966225199395079,1.163968269546345e-06,1.2061508204020486e-08
spots,B,grid,25.0,8,25.0,4096,289,14.173010380622838,289,1.0,1e-06,0.0,3,0.9985533672257758,7.719086199087157e-08,0.9985460320945182,7.3351312576501e-06,7.719086199087157e-08
worms,A,grid,25.0,8,25.0,4096,289,14.173010380622838,289,1.0,1e-06,0.0,3,0.8076178223307773,1.3712076814103327e-07,0.807611577515441,6.244815336250061e-06,1.3712076814103327e-07
worms,B,grid,25.0,8,25.0,4096,289,14.173010380622838,289,1.0,1e-06,0.0,3,0.8707798292104852,8.11405821470421e-07,0.8707424176827958,3.741152768936088e-05,8.11405821470421e-07
bubbles,A,grid,10.0,8,11.02294921875,1806,289,6.249134948096886,289,1.0,1e-06,0.0,3,0.6412095239963455,0.00015998843794641068,0.6394395996309937,0.001769924365351801,0.00015998843794641068
bubbles,B,grid,10.0,8,11.02294921875,1806,289,6.249134948096886,289,1.0,1e-06,0.0,3,0.7093094496195809,8.348054938427853e-05,0.7063388075933293,0.0029706420262515243,8.348054938427853e-05
gliders,A,grid,10.0,8,11.02294921875,1806,289,6.249134948096886,289,1.0,1e-06,0.0,3,0.545333529154272,0.0004833399582842034,0.5435733126078505,0.0017602165464215558,0.0004833399582842034
gliders,B,grid,10.0,8,11.02294921875,1806,289,6.249134948096886,289,1.0,1e-06,0.0,3,0.7241711947037376,0.0007620503574817335,0.7213883037049539,0.002782890998783668,0.0007620503574817335
maze,A,grid,10.0,8,11.02294921875,1806,289,6.249134948096886,289,1.0,1e-06,0.0,3,0.997019995056475,0.0011669570391716457,0.9935319513440243,0.0034880437124507426,0.0011669570391716457
maze,B,grid,10.0,8,11.02294921875,1806,289,6.249134948096886,289,1.0,1e-06,0.0,3,1.000543732072803,0.00117382436998977,0.996889021968278,0.003654710104524931,0.0011738243699897701
spirals,A,grid,10.0,8,11.02294921875,1806,289,6.249134948096886,289,1.0,1e-06,0.0,3,0.48540219121393163,0.0005570925438939247,0.48397642651545425,0.0014257646984773646,0.0005570925438939247
spirals,B,grid,10.0,8,11.02294921875,1806,289,6.249134948096886,289,1.0,1e-06,0.0,3,0.672511982959992,0.0007889083381676359,0.6699938852885328,0.002518097671459126,0.0007889083381676359
spots,A,grid,10.0,8,11.02294921875,1806,289,6.249134948096886,289,1.0,1e-06,0.0,3,0.9998129709996765,0.0007214670095764825,0.9966225199395079,0.0031904510601685385,0.0007214670095764825
spots,B,grid,10.0,8,11.02294921875,1806,289,6.249134948096886,289,1.0,1e-06,0.0,3,1.002647293225831,0.0007248380880899783,0.9985460320945182,0.004101261131313039,0.0007248380880899783
worms,A,grid,10.0,8,11.02294921875,1806,289,6.249134948096886,289,1.0,1e-06,0.0,3,0.8099518037172354,0.0010260475951370924,0.807611577515441,0.0023402262017944153,0.0010260475951370924
worms,B,grid,10.0,8,11.02294921875,1806,289,6.249134948096886,289,1.0,1e-06,0.0,3,0.873780615285748,0.0010989419136112953,0.8707424176827958,0.0030381976029521343,0.0010989419136112953
bubbles,A,grid,5.0,8,6.25,1024,289,3.5432525951557095,289,1.0,1e-06,0.0,3,0.642720226264126,0.0001378251283327806,0.6394395996309937,0.003280626633132185,0.0001378251283327806
bubbles,B,grid,5.0,8,6.25,1024,289,3.5432525951557095,289,1.0,1e-06,0.0,3,0.7133075914721226,0.00029890301750604755,0.7063388075933293,0.006968783878793257,0.00029890301750604755
gliders,A,grid,5.0,8,6.25,1024,289,3.5432525951557095,289,1.0,1e-06,0.0,3,0.5445955399309218,2.8961337739738743e-05,0.5435733126078505,0.0010222273230712602,2.8961337739738743e-05
gliders,B,grid,5.0,8,6.25,1024,289,3.5432525951557095,289,1.0,1e-06,0.0,3,0.72789434792144,0.0001911701684317966,0.7213883037049539,0.006506044216486151,0.0001911701684317966
maze,A,grid,5.0,8,6.25,1024,289,3.5432525951557095,289,1.0,1e-06,0.0,3,0.9938892321123619,1.2241891337051463e-05,0.9935319513440243,0.0003572807683376311,1.2241891337051463e-05
maze,B,grid,5.0,8,6.25,1024,289,3.5432525951557095,289,1.0,1e-06,0.0,3,0.99799921432608,3.272921038004074e-05,0.996889021968278,0.0011101923578020016,3.272921038004074e-05
spirals,A,grid,5.0,8,6.25,1024,289,3.5432525951557095,289,1.0,1e-06,0.0,3,0.4854053521542246,2.9819464502386655e-05,0.48397642651545425,0.0014289256387703582,2.981946450238666e-05
spirals,B,grid,5.0,8,6.25,1024,289,3.5432525951557095,289,1.0,1e-06,0.0,3,0.6771562309525755,0.0001522386276994887,0.6699938852885328,0.007162345664042761,0.0001522386276994887
spots,A,grid,5.0,8,6.25,1024,289,3.5432525951557095,289,1.0,1e-06,0.0,3,0.9977409390591166,2.7088691849386363e-05,0.9966225199395079,0.00111841911960886,2.7088691849386363e-05
spots,B,grid,5.0,8,6.25,1024,289,3.5432525951557095,289,1.0,1e-06,0.0,3,1.0019994444107923,0.0001184465999473356,0.9985460320945182,0.0034534123162740515,0.0001184465999473356
worms,A,grid,5.0,8,6.25,1024,289,3.5432525951557095,289,1.0,1e-06,0.0,3,0.8107175034107342,2.6750684937410398e-05,0.807611577515441,0.0031059258952931637,2.6750684937410398e-05
worms,B,grid,5.0,8,6.25,1024,289,3.5432525951557095,289,1.0,1e-06,0.0,3,0.8786752204834243,7.328408641215819e-05,0.8707424176827958,0.007932802800628505,7.328408641215818e-05
bubbles,A,grid,2.0,8,1.9775390625,324,289,1.1211072664359862,289,1.0,1e-06,0.0,3,0.8421426302609422,0.006444208393886714,0.6394395996309937,0.20270303062994843,0.006444208393886714
bubbles,B,grid,2.0,8,1.9775390625,324,289,1.1211072664359862,289,1.0,1e-06,0.0,3,0.9395747201005588,0.007747639611006415,0.7063388075933293,0.2332359125072294,0.007747639611006415
gliders,A,grid,2.0,8,1.9775390625,324,289,1.1211072664359862,289,1.0,1e-06,0.0,3,0.7012917604790911,0.008778168387619929,0.5435733126078505,0.1577184478712407,0.00877816838761993
gliders,B,grid,2.0,8,1.9775390625,324,289,1.1211072664359862,289,1.0,1e-06,0.0,3,0.955957852947912,0.012916680386070583,0.7213883037049539,0.23456954924295811,0.012916680386070583
maze,A,grid,2.0,8,1.9775390625,324,289,1.1211072664359862,289,1.0,1e-06,0.0,3,1.374142144397651,0.014026156134229332,0.9935319513440243,0.3806101930536265,0.014026156134229332
maze,B,grid,2.0,8,1.9775390625,324,289,1.1211072664359862,289,1.0,1e-06,0.0,3,1.37782712790182,0.012642436473672978,0.996889021968278,0.3809381059335422,0.012642436473672978
spirals,A,grid,2.0,8,1.9775390625,324,289,1.1211072664359862,289,1.0,1e-06,0.0,3,0.638325063669036,0.010229108408595635,0.48397642651545425,0.1543486371535817,0.010229108408595635
spirals,B,grid,2.0,8,1.9775390625,324,289,1.1211072664359862,289,1.0,1e-06,0.0,3,0.9000810737676505,0.0146706376577494,0.6699938852885328,0.23008718847911766,0.0146706376577494
spots,A,grid,2.0,8,1.9775390625,324,289,1.1211072664359862,289,1.0,1e-06,0.0,3,1.3854825226678733,0.02857732316621032,0.9966225199395079,0.3888600027283653,0.02857732316621032
spots,B,grid,2.0,8,1.9775390625,324,289,1.1211072664359862,289,1.0,1e-06,0.0,3,1.3892812101040544,0.02556491418203915,0.9985460320945182,0.390735178009536,0.02556491418203915
worms,A,grid,2.0,8,1.9775390625,324,289,1.1211072664359862,289,1.0,1e-06,0.0,3,1.1010149092720887,0.009581753590739208,0.807611577515441,0.2934033317566477,0.009581753590739208
worms,B,grid,2.0,8,1.9775390625,324,289,1.1211072664359862,289,1.0,1e-06,0.0,3,1.194275292645651,0.008370862127915053,0.8707424176827958,0.32353287496285515,0.008370862127915053
bubbles,A,grid,1.0,8,1.031494140625,169,289,0.5847750865051903,169,0.5847750865051903,1e-06,0.0,3,1.0210212845470252,0.008135214989403708,0.6394395996309937,0.38158168491603145,0.00813521498940371
bubbles,B,grid,1.0,8,1.031494140625,169,289,0.5847750865051903,169,0.5847750865051903,1e-06,0.0,3,1.0464117655622047,0.01192388746646868,0.7063388075933293,0.3400729579688755,0.01192388746646868
gliders,A,grid,1.0,8,1.031494140625,169,289,0.5847750865051903,169,0.5847750865051903,1e-06,0.0,3,0.9292255911024899,0.01328715425475374,0.5435733126078505,0.3856522784946394,0.01328715425475374
gliders,B,grid,1.0,8,1.031494140625,169,289,0.5847750865051903,169,0.5847750865051903,1e-06,0.0,3,1.1012600199135962,0.020380463364566975,0.7213883037049539,0.3798717162086424,0.020380463364566975
maze,A,grid,1.0,8,1.031494140625,169,289,0.5847750865051903,169,0.5847750865051903,1e-06,0.0,3,1.3422889167588947,0.012909162787812426,0.9935319513440243,0.3487569654148704,0.012909162787812426
maze,B,grid,1.0,8,1.031494140625,169,289,0.5847750865051903,169,0.5847750865051903,1e-06,0.0,3,1.3392319609029013,0.01166332117109925,0.996889021968278,0.34234293893462325,0.01166332117109925
spirals,A,grid,1.0,8,1.031494140625,169,289,0.5847750865051903,169,0.5847750865051903,1e-06,0.0,3,0.8113246734450951,0.005761406942774726,0.48397642651545425,0.32734824692964076,0.005761406942774726
spirals,B,grid,1.0,8,1.031494140625,169,289,0.5847750865051903,169,0.5847750865051903,1e-06,0.0,3,1.0005828887343837,0.006161781545034905,0.6699938852885328,0.3305890034458509,0.006161781545034905
spots,A,grid,1.0,8,1.031494140625,169,289,0.5847750865051903,169,0.5847750865051903,1e-06,0.0,3,1.3507286468175694,0.01638937180772866,0.9966225199395079,0.3541061268780615,0.016389371807728658
spots,B,grid,1.0,8,1.031494140625,169,289,0.5847750865051903,169,0.5847750865051903,1e-06,0.0,3,1.341838347295622,0.01593169369786652,0.9985460320945182,0.3432923152011038,0.01593169369786652
worms,A,grid,1.0,8,1.031494140625,169,289,0.5847750865051903,169,0.5847750865051903,1e-06,0.0,3,1.1570311963170468,0.006307589162915225,0.807611577515441,0.3494196188016058,0.0063075891629152244
worms,B,grid,1.0,8,1.031494140625,169,289,0.5847750865051903,169,0.5847750865051903,1e-06,0.0,3,1.2189601208364398,0.009867330870036772,0.8707424176827958,0.3482177031536439,0.009867330870036772
bubbles,A,random,50.0,8,50.0,8192,289,28.346020761245676,289,1.0,1e-06,0.0,3,0.64562746892648,0.00047781846683658515,0.6394395996309937,0.006187869295486241,0.00047781846683658515
bubbles,B,random,50.0,8,50.0,8192,289,28.346020761245676,289,1.0,1e-06,0.0,3,0.7131686242721337,0.0006034761147036312,0.7063388075933293,0.006829816678804446,0.0006034761147036312
gliders,A,random,50.0,8,50.0,8192,289,28.346020761245676,289,1.0,1e-06,0.0,3,0.5491022893423964,8.659048090453993e-05,0.5435733126078505,0.00552897673454585,8.659048090453993e-05
gliders,B,random,50.0,8,50.0,8192,289,28.346020761245676,289,1.0,1e-06,0.0,3,0.7285852184913141,0.0002378362425922315,0.7213883037049539,0.007196914786360235,0.0002378362425922315
maze,A,random,50.0,8,50.0,8192,289,28.346020761245676,289,1.0,1e-06,0.0,3,1.0027757242061874,0.00027165784458822815,0.9935319513440243,0.009243772862163305,0.00027165784458822815
maze,B,random,50.0,8,50.0,8192,289,28.346020761245676,289,1.0,1e-06,0.0,3,1.0061259092933605,0.00032674009065731657,0.996889021968278,0.009236887325082543,0.00032674009065731657
spirals,A,random,50.0,8,50.0,8192,289,28.346020761245676,289,1.0,1e-06,0.0,3,0.4889598613268487,0.00036624152541036024,0.48397642651545425,0.00498343481139446,0.00036624152541036024
spirals,B,random,50.0,8,50.0,8192,289,28.346020761245676,289,1.0,1e-06,0.0,3,0.6767662808365822,0.00035147572660687874,0.6699938852885328,0.0067723955480493885,0.00035147572660687874
spots,A,random,50.0,8,50.0,8192,289,28.346020761245676,289,1.0,1e-06,0.0,3,1.0065355250234878,0.00018682040053073044,0.9966225199395079,0.009913005083979928,0.00018682040053073044
spots,B,random,50.0,8,50.0,8192,289,28.346020761245676,289,1.0,1e-06,0.0,3,1.0084081516206986,0.00018654076611189627,0.9985460320945182,0.009862119526180435,0.00018654076611189627
worms,A,random,50.0,8,50.0,8192,289,28.346020761245676,289,1.0,1e-06,0.0,3,0.8148625242126704,0.00027902007874317376,0.807611577515441,0.007250946697229328,0.00027902007874317376
worms,B,random,50.0,8,50.0,8192,289,28.346020761245676,289,1.0,1e-06,0.0,3,0.8785239935088858,0.0003930337419041111,0.8707424176827958,0.007781575826090033,0.0003930337419041111
bubbles,A,random,25.0,8,25.0,4096,289,14.173010380622838,289,1.0,1e-06,0.0,3,0.6597240260027891,0.0006451780835694665,0.6394395996309937,0.02028442637179532,0.0006451780835694665
bubbles,B,random,25.0,8,25.0,4096,289,14.173010380622838,289,1.0,1e-06,0.0,3,0.7285354166591235,0.0006087194798648427,0.7063388075933293,0.022196609065794126,0.0006087194798648427
gliders,A,random,25.0,8,25.0,4096,289,14.173010380622838,289,1.0,1e-06,0.0,3,0.5611500010394327,0.0011852159665240042,0.5435733126078505,0.01757668843158222,0.0011852159665240042
gliders,B,random,25.0,8,25.0,4096,289,14.173010380622838,289,1.0,1e-06,0.0,3,0.7442446625581868,0.0012899571709706356,0.7213883037049539,0.022856358853232932,0.0012899571709706356
maze,A,random,25.0,8,25.0,4096,289,14.173010380622838,289,1.0,1e-06,0.0,3,1.0243352099346386,0.0017683818289566063,0.9935319513440243,0.03080325859061428,0.0017683818289566063
maze,B,random,25.0,8,25.0,4096,289,14.173010380622838,289,1.0,1e-06,0.0,3,1.027621540318486,0.0016291655792158605,0.996889021968278,0.030732518350208144,0.0016291655792158607
spirals,A,random,25.0,8,25.0,4096,289,14.173010380622838,289,1.0,1e-06,0.0,3,0.49922368652226895,0.0006664097562849749,0.48397642651545425,0.015247260006814681,0.0006664097562849749
spirals,B,random,25.0,8,25.0,4096,289,14.173010380622838,289,1.0,1e-06,0.0,3,0.6904645590126385,0.000793983697703313,0.6699938852885328,0.020470673724105787,0.000793983697703313
spots,A,random,25.0,8,25.0,4096,289,14.173010380622838,289,1.0,1e-06,0.0,3,1.0274355504309465,0.001145997369875024,0.9966225199395079,0.030813030491438503,0.001145997369875024
spots,B,random,25.0,8,25.0,4096,289,14.173010380622838,289,1.0,1e-06,0.0,3,1.029150303276687,0.0011126667845573204,0.9985460320945182,0.030604271182168758,0.0011126667845573204
worms,A,random,25.0,8,25.0,4096,289,14.173010380622838,289,1.0,1e-06,0.0,3,0.8316910434974253,0.0014726913626117134,0.807611577515441,0.024079465981984256,0.0014726913626117134
worms,B,random,25.0,8,25.0,4096,289,14.173010380622838,289,1.0,1e-06,0.0,3,0.8967258739616154,0.001316188374318295,0.8707424176827958,0.025983456278819483,0.001316188374318295
bubbles,A,random,10.0,8,9.99755859375,1638,289,5.6678200692041525,289,1.0,1e-06,0.0,3,0.7048355632894049,0.0028273540090574447,0.6394395996309937,0.0653959636584112,0.0028273540090574443
bubbles,B,random,10.0,8,9.99755859375,1638,289,5.6678200692041525,289,1.0,1e-06,0.0,3,0.7771010564689435,0.0024992901243798818,0.7063388075933293,0.07076224887561415,0.0024992901243798818
gliders,A,random,10.0,8,9.99755859375,1638,289,5.6678200692041525,289,1.0,1e-06,0.0,3,0.5996873165472103,0.0032942022502662574,0.5435733126078505,0.0561140039393598,0.0032942022502662574
gliders,B,random,10.0,8,9.99755859375,1638,289,5.6678200692041525,289,1.0,1e-06,0.0,3,0.7954442017954751,0.0047834766538413665,0.7213883037049539,0.0740558980905212,0.0047834766538413665
maze,A,random,10.0,8,9.99755859375,1638,289,5.6678200692041525,289,1.0,1e-06,0.0,3,1.089324363525801,0.004627929556764959,0.9935319513440243,0.0957924121817767,0.004627929556764959
maze,B,random,10.0,8,9.99755859375,1638,289,5.6678200692041525,289,1.0,1e-06,0.0,3,1.0930877455700971,0.004161845049513985,0.996889021968278,0.09619872360181907,0.004161845049513985
spirals,A,random,10.0,8,9.99755859375,1638,289,5.6678200692041525,289,1.0,1e-06,0.0,3,0.5374774054287264,0.007634270393821383,0.48397642651545425,0.053500978913272136,0.007634270393821382
spirals,B,random,10.0,8,9.99755859375,1638,289,5.6678200692041525,289,1.0,1e-06,0.0,3,0.7412393672819269,0.010012318218770268,0.6699938852885328,0.07124548199339405,0.010012318218770268
spots,A,random,10.0,8,9.99755859375,1638,289,5.6678200692041525,289,1.0,1e-06,0.0,3,1.105280056397931,0.010135522013326036,0.9966225199395079,0.1086575364584232,0.010135522013326036
spots,B,random,10.0,8,9.99755859375,1638,289,5.6678200692041525,289,1.0,1e-06,0.0,3,1.1072051807657723,0.010318580053867465,0.9985460320945182,0.108659148671254,0.010318580053867465
worms,A,random,10.0,8,9.99755859375,1638,289,5.6678200692041525,289,1.0,1e-06,0.0,3,0.8905954270132376,0.01308122551077812,0.807611577515441,0.08298384949779662,0.013081225510778121
worms,B,random,10.0,8,9.99755859375,1638,289,5.6678200692041525,289,1.0,1e-06,0.0,3,0.9585273480373225,0.012544044342930535,0.8707424176827958,0.08778493035452677,0.012544044342930535
bubbles,A,random,5.0,8,4.998779296875,819,289,2.8339100346020762,289,1.0,1e-06,0.0,3,0.8804838061833579,0.032335994425386795,0.6394395996309937,0.2410442065523641,0.032335994425386795
bubbles,B,random,5.0,8,4.998779296875,819,289,2.8339100346020762,289,1.0,1e-06,0.0,3,0.9601970499566953,0.03563452995512044,0.7063388075933293,0.253858242363366,0.03563452995512043
gliders,A,random,5.0,8,4.998779296875,819,289,2.8339100346020762,289,1.0,1e-06,0.0,3,0.7593415486793201,0.007297303366954765,0.5435733126078505,0.21576823607146958,0.007297303366954766
gliders,B,random,5.0,8,4.998779296875,819,289,2.8339100346020762,289,1.0,1e-06,0.0,3,0.9922344296194266,0.009318237903106862,0.7213883037049539,0.27084612591447277,0.009318237903106862
maze,A,random,5.0,8,4.998779296875,819,289,2.8339100346020762,289,1.0,1e-06,0.0,3,1.3137914157741857,0.02256991544597548,0.9935319513440243,0.32025946443016134,0.02256991544597548
maze,B,random,5.0,8,4.998779296875,819,289,2.8339100346020762,289,1.0,1e-06,0.0,3,1.3161378855724406,0.023306525628562325,0.996889021968278,0.31924886360416255,0.023306525628562325
spirals,A,random,5.0,8,4.998779296875,819,289,2.8339100346020762,289,1.0,1e-06,0.0,3,0.6781639511882037,0.02906741445582673,0.48397642651545425,0.19418752467274955,0.02906741445582673
spirals,B,random,5.0,8,4.998779296875,819,289,2.8339100346020762,289,1.0,1e-06,0.0,3,0.9192170448674575,0.031165005676734407,0.6699938852885328,0.2492231595789247,0.031165005676734407
spots,A,random,5.0,8,4.998779296875,819,289,2.8339100346020762,289,1.0,1e-06,0.0,3,1.2938199373059012,0.02491982628001302,0.9966225199395079,0.2971974173663933,0.02491982628001302
spots,B,random,5.0,8,4.998779296875,819,289,2.8339100346020762,289,1.0,1e-06,0.0,3,1.29509365544084,0.024445160100057994,0.9985460320945182,0.29654762334632195,0.024445160100057994
worms,A,random,5.0,8,4.998779296875,819,289,2.8339100346020762,289,1.0,1e-06,0.0,3,1.0951859207865302,0.010583990471835617,0.807611577515441,0.28757434327108905,0.010583990471835617
worms,B,random,5.0,8,4.998779296875,819,289,2.8339100346020762,289,1.0,1e-06,0.0,3,1.1737379929693705,0.010258532639285636,0.8707424176827958,0.3029955752865748,0.010258532639285634
bubbles,A,random,2.0,8,2.001953125,328,289,1.1349480968858132,248,0.8581314878892734,0.1,5.971208446786949,3,2.173940706046903,0.13499857391058434,0.6394395996309937,1.5345011064159095,0.13499857391058434
bubbles,B,random,2.0,8,2.001953125,328,289,1.1349480968858132,248,0.8581314878892734,0.1,8.011200081866923,3,1.3055911554205368,0.04965628427542068,0.7063388075933293,0.5992523478272077,0.04965628427542068
gliders,A,random,2.0,8,2.001953125,328,289,1.1349480968858132,248,0.8581314878892734,0.1,5.944706614393266,3,1.4679244952179638,0.056910034717829565,0.5435733126078505,0.9243511826101134,0.056910034717829516
gliders,B,random,2.0,8,2.001953125,328,289,1.1349480968858132,248,0.8581314878892734,0.1,8.134187195364774,3,1.4411611014166406,0.04819169460778485,0.7213883037049539,0.7197727977116867,0.04819169460778485
maze,A,random,2.0,8,2.001953125,328,289,1.1349480968858132,248,0.8581314878892734,0.1,12.448898927479972,3,2.0051759946738232,0.0536004042978919,0.9935319513440243,1.0116440433297986,0.053600404297891854
maze,B,random,2.0,8,2.001953125,328,289,1.1349480968858132,248,0.8581314878892734,0.1,13.293882817304835,3,1.8477754605342416,0.042314949605790964,0.996889021968278,0.8508864385659636,0.042314949605790964
spirals,A,random,2.0,8,2.001953125,328,289,1.1349480968858132,248,0.8581314878892734,0.1,4.706915659255404,3,1.2119224432164948,0.026290696839043913,0.48397642651545425,0.7279460167010404,0.02629069683904391
spirals,B,random,2.0,8,2.001953125,328,289,1.1349480968858132,248,0.8581314878892734,0.1,7.922569533856446,3,1.284901802834318,0.025724925190725927,0.6699938852885328,0.6149079175457854,0.02572492519072592
spots,A,random,2.0,8,2.001953125,328,289,1.1349480968858132,248,0.8581314878892734,0.1,18.163890892907506,3,2.049721413405978,0.06062878393358643,0.9966225199395079,1.05309889346647,0.06062878393358648
spots,B,random,2.0,8,2.001953125,328,289,1.1349480968858132,248,0.8581314878892734,0.1,18.23336954626731,3,1.8288120660563074,0.017809604736538996,0.9985460320945182,0.8302660339617892,0.017809604736538996
worms,A,random,2.0,8,2.001953125,328,289,1.1349480968858132,248,0.8581314878892734,0.1,11.066142530282292,3,1.7308361257254024,0.061743161118956814,0.807611577515441,0.9232245482099612,0.06174316111895676
worms,B,random,2.0,8,2.001953125,328,289,1.1349480968858132,248,0.8581314878892734,0.1,12.583994508805555,3,1.594375719602396,0.06989353375853759,0.8707424176827958,0.7236333019196003,0.06989353375853759
bubbles,A,random,1.0,8,1.0009765625,164,289,0.5674740484429066,158,0.5467128027681661,0.1,0.0639405048141201,3,3.780689295440194,0.04564027554443714,0.6394395996309937,3.1412496958092,0.04564027554443714
bubbles,B,random,1.0,8,1.0009765625,164,289,0.5674740484429066,158,0.5467128027681661,0.1,0.36436588197116687,3,1.2362487648988225,0.029876347762058213,0.7063388075933293,0.5299099573054934,0.02987634776205821
gliders,A,random,1.0,8,1.0009765625,164,289,0.5674740484429066,164,0.5674740484429066,1e-06,0.00692395753675686,3,2.097804168924131,0.07867950353869253,0.5435733126078505,1.5542308563162806,0.07867950353869253
gliders,B,random,1.0,8,1.0009765625,164,289,0.5674740484429066,158,0.5467128027681661,0.1,0.16568725779549895,3,1.2737665046302775,0.030479301672617202,0.7213883037049539,0.5523782009253236,0.030479301672617202
maze,A,random,1.0,8,1.0009765625,164,289,0.5674740484429066,158,0.5467128027681661,0.1,0.17233883508137207,3,2.307830540636104,0.04682153335717506,0.9935319513440243,1.3142985892920795,0.04682153335717506
maze,B,random,1.0,8,1.0009765625,164,289,0.5674740484429066,158,0.5467128027681661,0.1,0.2533850643477202,3,1.7680818415021076,0.030699166003925374,0.996889021968278,0.7711928195338298,0.030699166003925374
spirals,A,random,1.0,8,1.0009765625,164,289,0.5674740484429066,158,0.5467128027681661,0.1,0.016548753043819458,3,1.6089232508715845,0.014570361701315156,0.48397642651545425,1.1249468243561302,0.014570361701315156
spirals,B,random,1.0,8,1.0009765625,164,289,0.5674740484429066,158,0.5467128027681661,0.1,0.12663467945532916,3,1.2117211951015143,0.022778751025871496,0.6699938852885328,0.5417273098129817,0.022778751025871496
spots,A,random,1.0,8,1.0009765625,164,289,0.5674740484429066,158,0.5467128027681661,0.1,0.1837577989593225,3,2.4249907412267446,0.07075734087690948,0.9966225199395079,1.428368221287237,0.07075734087690948
spots,B,random,1.0,8,1.0009765625,164,289,0.5674740484429066,158,0.5467128027681661,0.1,0.2928415792128977,3,1.6161877192852565,0.06966244706061245,0.9985460320945182,0.6176416871907384,0.06966244706061246
worms,A,random,1.0,8,1.0009765625,164,289,0.5674740484429066,158,0.5467128027681661,0.1,0.09324349530444505,3,2.1174701378700225,0.08325976734322255,0.807611577515441,1.3098585603545816,0.08325976734322255
worms,B,random,1.0,8,1.0009765625,164,289,0.5674740484429066,158,0.5467128027681661,0.1,0.22535630533906303,3,1.4339245578075002,0.0782822380564052,0.8707424176827958,0.5631821401247044,0.0782822380564052
bubbles,A,stations,50.0,8,39.7705078125,6516,289,22.546712802768166,289,1.0,1e-06,0.0,3,0.738575705543124,0.006451581972291232,0.6394395996309937,0.09913610591213033,0.006451581972291232
bubbles,B,stations,50.0,8,39.7705078125,6516,289,22.546712802768166,289,1.0,1e-06,0.0,3,0.8085778371803124,0.006479808429914398,0.7063388075933293,0.1022390295869831,0.006479808429914398
gliders,A,stations,50.0,8,39.7705078125,6516,289,22.546712802768166,289,1.0,1e-06,0.0,3,0.636583157097015,0.011349128518614885,0.5435733126078505,0.09300984448916445,0.011349128518614885
gliders,B,stations,50.0,8,39.7705078125,6516,289,22.546712802768166,289,1.0,1e-06,0.0,3,0.8324523843337811,0.013221128216550417,0.7213883037049539,0.11106408062882718,0.013221128216550419
maze,A,stations,50.0,8,39.7705078125,6516,289,22.546712802768166,289,1.0,1e-06,0.0,3,1.1332896683715346,0.0063498550909981055,0.9935319513440243,0.13975771702751036,0.0063498550909981055
maze,B,stations,50.0,8,39.7705078125,6516,289,22.546712802768166,289,1.0,1e-06,0.0,3,1.1332759279822167,0.0065558227857700204,0.996889021968278,0.13638690601393866,0.0065558227857700204
spirals,A,stations,50.0,8,39.7705078125,6516,289,22.546712802768166,289,1.0,1e-06,0.0,3,0.5584251162355448,0.013107230337876412,0.48397642651545425,0.07444868972009051,0.013107230337876412
spirals,B,stations,50.0,8,39.7705078125,6516,289,22.546712802768166,289,1.0,1e-06,0.0,3,0.7615438146766946,0.013968983398901179,0.6699938852885328,0.09154992938816194,0.013968983398901179
spots,A,stations,50.0,8,39.7705078125,6516,289,22.546712802768166,289,1.0,1e-06,0.0,3,1.1259670379500282,0.005358779033002765,0.9966225199395079,0.1293445180105202,0.005358779033002765
spots,B,stations,50.0,8,39.7705078125,6516,289,22.546712802768166,289,1.0,1e-06,0.0,3,1.1242332328652278,0.004329683624661544,0.9985460320945182,0.12568720077070952,0.004329683624661544
worms,A,stations,50.0,8,39.7705078125,6516,289,22.546712802768166,289,1.0,1e-06,0.0,3,0.9294723779120609,0.01847712817161398,0.807611577515441,0.12186080039661995,0.01847712817161398
worms,B,stations,50.0,8,39.7705078125,6516,289,22.546712802768166,289,1.0,1e-06,0.0,3,0.9940171247813506,0.018356873458247647,0.8707424176827958,0.12327470709855481,0.018356873458247647
bubbles,A,stations,25.0,8,22.1435546875,3628,289,12.55363321799308,289,1.0,1e-06,0.05051464359827166,3,1.0924845963070082,0.08445855590842048,0.6394395996309937,0.45304499667601456,0.08445855590842048
bubbles,B,stations,25.0,8,22.1435546875,3628,289,12.55363321799308,287,0.9930795847750865,0.1,0.10271232451018886,3,1.0760352370135002,0.028572053331324614,0.7063388075933293,0.36969642942017095,0.028572053331324614
gliders,A,stations,25.0,8,22.1435546875,3628,289,12.55363321799308,289,1.0,1e-06,0.09645216521114908,3,0.9401842403437509,0.02732453842595005,0.5435733126078505,0.3966109277359003,0.02732453842595005
gliders,B,stations,25.0,8,22.1435546875,3628,289,12.55363321799308,287,0.9930795847750865,0.1,0.1270977121087571,3,1.1424299645139815,0.03194101042361965,0.7213883037049539,0.42104166080902755,0.03194101042361966
maze,A,stations,25.0,8,22.1435546875,3628,289,12.55363321799308,289,1.0,1e-06,0.04131518815810775,3,1.4404126235367187,0.046303388021330515,0.9935319513440243,0.44688067219269456,0.046303388021330515
maze,B,stations,25.0,8,22.1435546875,3628,289,12.55363321799308,287,0.9930795847750865,0.1,0.06059441140219657,3,1.4166019269975987,0.035350297214595275,0.996889021968278,0.41971290502932074,0.035350297214595275
spirals,A,stations,25.0,8,22.1435546875,3628,289,12.55363321799308,287,0.9930795847750865,0.1,0.05745644946821508,3,0.7858445228897265,0.036476713657408344,0.48397642651545425,0.3018680963742721,0.03647671365740834
spirals,B,stations,25.0,8,22.1435546875,3628,289,12.55363321799308,287,0.9930795847750865,0.1,0.10845646636645496,3,1.0057150269262387,0.010457697320756831,0.6699938852885328,0.33572114163770594,0.010457697320756831
spots,A,stations,25.0,8,22.1435546875,3628,289,12.55363321799308,287,0.9930795847750865,0.1,0.0932863077960205,3,1.4370722889938123,0.020709324597462685,0.9966225199395079,0.44044976905430433,0.020709324597462685
spots,B,stations,25.0,8,22.1435546875,3628,289,12.55363321799308,287,0.9930795847750865,0.1,0.11711924996779666,3,1.4002625874277428,0.018894523986222916,0.9985460320945182,0.40171655533322453,0.018894523986222916
worms,A,stations,25.0,8,22.1435546875,3628,289,12.55363321799308,289,1.0,1e-06,0.04238026470435815,3,1.2417484512624963,0.04595909541286125,0.807611577515441,0.4341368737470555,0.04595909541286125
worms,B,stations,25.0,8,22.1435546875,3628,289,12.55363321799308,287,0.9930795847750865,0.1,0.06891235998844425,3,1.285689491007752,0.021481394280871074,0.8707424176827958,0.41494707332495634,0.021481394280871074
bubbles,A,stations,10.0,8,9.356689453125,1533,289,5.304498269896194,221,0.7647058823529411,0.1,2.9887014108785586,3,2.7020192789878195,0.34326423391203686,0.6394395996309937,2.0625796793568263,0.34326423391203686
bubbles,B,stations,10.0,8,9.356689453125,1533,289,5.304498269896194,221,0.7647058823529411,0.1,5.151313581309833,3,1.1905704639054497,0.018473715555378627,0.7063388075933293,0.48423165631212034,0.018473715555378627
gliders,A,stations,10.0,8,9.356689453125,1533,289,5.304498269896194,221,0.7647058823529411,0.1,4.458547663607267,3,1.7097290339433824,0.06676331976609434,0.5435733126078505,1.166155721335532,0.06676331976609423
gliders,B,stations,10.0,8,9.356689453125,1533,289,5.304498269896194,221,0.7647058823529411,0.1,6.729718818904946,3,1.1891440204802068,0.022139917640766792,0.7213883037049539,0.46775571677525285,0.022139917640766792
maze,A,stations,10.0,8,9.356689453125,1533,289,5.304498269896194,221,0.7647058823529411,0.1,7.27298142338057,3,2.0337959112652917,0.058253376875486026,0.9935319513440243,1.0402639599212673,0.058253376875485985
maze,B,stations,10.0,8,9.356689453125,1533,289,5.304498269896194,221,0.7647058823529411,0.1,7.593186085684611,3,1.6528863568846355,0.048665474077052004,0.996889021968278,0.6559973349163575,0.048665474077052004
spirals,A,stations,10.0,8,9.356689453125,1533,289,5.304498269896194,221,0.7647058823529411,0.1,3.704586349841067,3,1.3539707580007623,0.03492621535535174,0.48397642651545425,0.8699943314853081,0.03492621535535173
spirals,B,stations,10.0,8,9.356689453125,1533,289,5.304498269896194,221,0.7647058823529411,0.1,5.40421578045536,3,1.1657205114403597,0.02297317895410076,0.6699938852885328,0.4957266261518269,0.02297317895410076
spots,A,stations,10.0,8,9.356689453125,1533,289,5.304498269896194,221,0.7647058823529411,0.1,8.365760598899671,3,2.144655072939656,0.0361447364334439,0.9966225199395079,1.1480325530001478,0.0361447364334439
spots,B,stations,10.0,8,9.356689453125,1533,289,5.304498269896194,221,0.7647058823529411,0.1,9.08863321058538,3,1.61154467767808,0.04266537671420222,0.9985460320945182,0.6129986455835619,0.04266537671420222
worms,A,stations,10.0,8,9.356689453125,1533,289,5.304498269896194,221,0.7647058823529411,0.1,6.205240521081675,3,1.8815647335794978,0.034063420286514656,0.807611577515441,1.0739531560640572,0.034063420286514656
worms,B,stations,10.0,8,9.356689453125,1533,289,5.304498269896194,221,0.7647058823529411,0.1,7.971982495008098,3,1.4477886513764728,0.013182780376932927,0.8707424176827958,0.5770462336936769,0.013182780376932927
bubbles,A,stations,5.0,8,4.8828125,800,289,2.7681660899653977,244,0.8442906574394463,0.01,37.543162789530975,3,3.9807233958792936,0.3331902939881332,0.6394395996309937,3.3412837962483,0.3331902939881332
bubbles,B,stations,5.0,8,4.8828125,800,289,2.7681660899653977,161,0.5570934256055363,0.1,50.29142483995366,3,1.1405221316241434,0.028876829174712865,0.7063388075933293,0.434183324030814,0.028876829174712865
gliders,A,stations,5.0,8,4.8828125,800,289,2.7681660899653977,161,0.5570934256055363,0.1,16.87013633047673,3,2.494317251520302,0.026774292317581914,0.5435733126078505,1.950743938912451,0.026774292317581914
gliders,B,stations,5.0,8,4.8828125,800,289,2.7681660899653977,161,0.5570934256055363,0.1,31.362461546507706,3,1.1947160621848372,0.026529134530814555,0.7213883037049539,0.4733277584798832,0.026529134530814555
maze,A,stations,5.0,8,4.8828125,800,289,2.7681660899653977,161,0.5570934256055363,0.1,92.58696994016661,3,2.5468636282672765,0.032407221281203394,0.9935319513440243,1.5533316769232524,0.032407221281203394
maze,B,stations,5.0,8,4.8828125,800,289,2.7681660899653977,161,0.5570934256055363,0.1,96.3978044339705,3,1.7555540789666033,0.02747543967524622,0.996889021968278,0.7586650569983253,0.02747543967524622
spirals,A,stations,5.0,8,4.8828125,800,289,2.7681660899653977,161,0.5570934256055363,0.1,26.115161450422033,3,1.8307161869206003,0.022582133302123154,0.48397642651545425,1.346739760405146,0.022582133302123154
spirals,B,stations,5.0,8,4.8828125,800,289,2.7681660899653977,161,0.5570934256055363,0.1,45.72475807215111,3,1.2518137780908785,0.01742390504845611,0.6699938852885328,0.5818198928023459,0.01742390504845611
spots,A,stations,5.0,8,4.8828125,800,289,2.7681660899653977,161,0.5570934256055363,0.1,43.43416817419328,3,2.732105142720252,0.04549099481087194,0.9966225199395079,1.7354826227807436,0.04549099481087193
spots,B,stations,5.0,8,4.8828125,800,289,2.7681660899653977,161,0.5570934256055363,0.1,48.21509763643794,3,1.585193595418179,0.008236318961958835,0.9985460320945182,0.5866475633236609,0.008236318961958835
worms,A,stations,5.0,8,4.8828125,800,289,2.7681660899653977,161,0.5570934256055363,0.1,46.78272314332589,3,2.417781784717519,0.020546051735430573,0.807611577515441,1.6101702072020785,0.020546051735430573
worms,B,stations,5.0,8,4.8828125,800,289,2.7681660899653977,161,0.5570934256055363,0.1,60.535940502360525,3,1.3871719007442582,0.023475798955160533,0.8707424176827958,0.5164294830614624,0.023475798955160533
bubbles,A,stations,2.0,8,1.9775390625,324,289,1.1211072664359862,135,0.4671280276816609,0.01,1925.5075383022968,3,5.756395888841722,0.13849029040087604,0.6394395996309937,5.116956289210728,0.13849029040087604
bubbles,B,stations,2.0,8,1.9775390625,324,289,1.1211072664359862,87,0.30103806228373703,0.1,2879.300645587731,3,1.1821105832281003,0.047474972866615305,0.7063388075933293,0.47577177563477074,0.047474972866615305
gliders,A,stations,2.0,8,1.9775390625,324,289,1.1211072664359862,135,0.4671280276816609,0.01,818.0624187645199,3,3.0073082705121634,0.03939452865261133,0.5435733126078505,2.463734957904313,0.03939452865261133
gliders,B,stations,2.0,8,1.9775390625,324,289,1.1211072664359862,87,0.30103806228373703,0.1,2195.8839544135712,3,1.203225697912407,0.01917955184561666,0.7213883037049539,0.48183739420745314,0.01917955184561666
maze,A,stations,2.0,8,1.9775390625,324,289,1.1211072664359862,87,0.30103806228373703,0.1,1930.823386375242,3,3.1482202465327123,0.037803587500968204,0.9935319513440243,2.1546882951886874,0.037803587500968204
maze,B,stations,2.0,8,1.9775390625,324,289,1.1211072664359862,87,0.30103806228373703,0.1,2236.4371057875405,3,1.9351169179175904,0.01851259536624413,0.996889021968278,0.9382278959493124,0.01851259536624413
spirals,A,stations,2.0,8,1.9775390625,324,289,1.1211072664359862,135,0.4671280276816609,0.01,1068.5217425150574,3,2.3380407582299205,0.032571827162968886,0.48397642651545425,1.854064331714466,0.032571827162968886
spirals,B,stations,2.0,8,1.9775390625,324,289,1.1211072664359862,87,0.30103806228373703,0.1,2543.384036570005,3,1.3416171636921945,0.010310742949663857,0.6699938852885328,0.6716232784036618,0.010310742949663857
spots,A,stations,2.0,8,1.9775390625,324,289,1.1211072664359862,87,0.30103806228373703,0.1,2070.533902812374,3,3.4224716804047177,0.023457308850566835,0.9966225199395079,2.42584916046521,0.023457308850566835
spots,B,stations,2.0,8,1.9775390625,324,289,1.1211072664359862,87,0.30103806228373703,0.1,2681.3699356805623,3,1.5677103061390394,0.011536618339410535,0.9985460320945182,0.5691642740445211,0.011536618339410535
worms,A,stations,2.0,8,1.9775390625,324,289,1.1211072664359862,87,0.30103806228373703,0.1,1690.6685839491986,3,3.0907813856862005,0.02819853991897518,0.807611577515441,2.2831698081707597,0.02819853991897518
worms,B,stations,2.0,8,1.9775390625,324,289,1.1211072664359862,87,0.30103806228373703,0.1,2731.143797022031,3,1.3981966986497614,0.024807544729649193,0.8707424176827958,0.5274542809669654,0.024807544729649193
bubbles,A,stations,1.0,8,0.98876953125,162,289,0.5605536332179931,80,0.2768166089965398,0.01,651.8950795017266,3,6.323000396266846,0.1786411887989966,0.6394395996309937,5.683560796635852,0.1786411887989966
bubbles,B,stations,1.0,8,0.98876953125,162,289,0.5605536332179931,51,0.17647058823529413,0.1,1109.2815022337998,3,1.1165501131817614,0.034354257175324567,0.7063388075933293,0.41021130558843205,0.034354257175324567
gliders,A,stations,1.0,8,0.98876953125,162,289,0.5605536332179931,80,0.2768166089965398,0.01,123.52030709301512,3,3.3189324636244817,0.08986315685294621,0.5435733126078505,2.7753591510166316,0.08986315685294621
gliders,B,stations,1.0,8,0.98876953125,162,289,0.5605536332179931,51,0.17647058823529413,0.1,364.1796933084131,3,1.1774431097179383,0.008958945498493773,0.7213883037049539,0.4560548060129846,0.008958945498493773
maze,A,stations,1.0,8,0.98876953125,162,289,0.5605536332179931,51,0.17647058823529413,0.1,357.1454481275536,3,3.4264554099407056,0.016163526699416484,0.9935319513440243,2.4329234585966812,0.016163526699416484
maze,B,stations,1.0,8,0.98876953125,162,289,0.5605536332179931,51,0.17647058823529413,0.1,481.78834530642916,3,1.9412313690714982,0.020841729294332353,0.996889021968278,0.9443423471032203,0.020841729294332353
spirals,A,stations,1.0,8,0.98876953125,162,289,0.5605536332179931,80,0.2768166089965398,0.01,233.58982725638396,3,2.492074980887741,0.054929800787812635,0.48397642651545425,2.008098554372287,0.054929800787812635
spirals,B,stations,1.0,8,0.98876953125,162,289,0.5605536332179931,51,0.17647058823529413,0.1,549.6384600299017,3,1.3676543224816309,0.018222799897500117,0.6699938852885328,0.6976604371930982,0.018222799897500117
spots,A,stations,1.0,8,0.98876953125,162,289,0.5605536332179931,51,0.17647058823529413,0.1,345.4097714952392,3,3.710060137539958,0.014039303724200937,0.9966225199395079,2.71343761760045,0.014039303724200937
spots,B,stations,1.0,8,0.98876953125,162,289,0.5605536332179931,51,0.17647058823529413,0.1,597.8641326744802,3,1.531891156434054,0.021956902776489918,0.9985460320945182,0.5333451243395357,0.021956902776489918
worms,A,stations,1.0,8,0.98876953125,162,289,0.5605536332179931,80,0.2768166089965398,0.01,436.12867237810957,3,3.3327779862610605,0.01638157132257568,0.807611577515441,2.5251664087456196,0.01638157132257568
worms,B,stations,1.0,8,0.98876953125,162,289,0.5605536332179931,51,0.17647058823529413,0.1,774.3303850426983,3,1.3884732382142013,0.02943889934779803,0.8707424176827958,0.5177308205314053,0.02943889934779803
bubbles,A,blocks,50.0,12,50.0,8192,625,13.1072,558,0.8928,0.1,1.0389476149508137,3,1.8444204980069039,0.08467566785433307,0.41506209372134245,1.4293584042855614,0.08467566785433307
bubbles,B,blocks,50.0,12,50.0,8192,625,13.1072,558,0.8928,0.1,2.439560421168353,3,0.928995045649973,0.0359146803736702,0.5014951520935996,0.4274998935563734,0.0359146803736702
gliders,A,blocks,50.0,12,50.0,8192,625,13.1072,558,0.8928,0.1,0.702980207509211,3,1.033025782630516,0.0360683123347921,0.2181938560952753,0.8148319265352405,0.0360683123347921
gliders,B,blocks,50.0,12,50.0,8192,625,13.1072,558,0.8928,0.1,2.1799973025609276,3,0.802428568273943,0.013313439872638532,0.40453201971282776,0.3978965485611153,0.013313439872638532
maze,A,blocks,50.0,12,50.0,8192,625,13.1072,558,0.8928,0.1,3.6697976703449076,3,1.7732969810614154,0.03168124008986248,0.7784026428360057,0.9948943382254095,0.03168124008986243
maze,B,blocks,50.0,12,50.0,8192,625,13.1072,558,0.8928,0.1,3.9731872368417123,3,1.6632324506250613,0.016699947981979647,0.8059644604113456,0.8572679902137157,0.016699947981979647
spirals,A,blocks,50.0,12,50.0,8192,625,13.1072,558,0.8928,0.1,0.9015729833430726,3,0.8429695928757056,0.02819348577896176,0.25399398956248737,0.5889756033132183,0.028193485778961757
spirals,B,blocks,50.0,12,50.0,8192,625,13.1072,558,0.8928,0.1,2.0262894402048794,3,0.8914986127340461,0.02514272580420435,0.44716162352472644,0.44433698920931963,0.02514272580420435
spots,A,blocks,50.0,12,50.0,8192,625,13.1072,558,0.8928,0.1,5.1978713865961685,3,1.9023581640350102,0.014549215797795646,0.8299513203984682,1.0724068436365424,0.014549215797795646
spots,B,blocks,50.0,12,50.0,8192,625,13.1072,558,0.8928,0.1,5.46350006209859,3,1.7238406067417287,0.01306407610831922,0.8491558459256795,0.8746847608160492,0.01306407610831922
worms,A,blocks,50.0,12,50.0,8192,625,13.1072,558,0.8928,0.1,1.7245576939976193,3,1.2690403278608746,0.008053211475434236,0.4788878071810478,0.7901525206798269,0.008053211475434236
worms,B,blocks,50.0,12,50.0,8192,625,13.1072,558,0.8928,0.1,2.3092747463183243,3,1.1564973055363006,0.014401931911713201,0.5776764424884623,0.5788208630478383,0.014401931911713201
bubbles,A,blocks,25.0,12,25.0,4096,625,6.5536,394,0.6304,0.1,191.84929307839613,3,3.567061335803532,0.16734890629984037,0.41506209372134245,3.1519992420821894,0.16734890629984037
bubbles,B,blocks,25.0,12,25.0,4096,625,6.5536,394,0.6304,0.1,233.0958866412523,3,1.0294437682958735,0.006003709254661239,0.5014951520935996,0.5279486162022738,0.006003709254661239
gliders,A,blocks,25.0,12,25.0,4096,625,6.5536,532,0.8512,0.01,87.42599389348247,3,1.864203696556815,0.10520562376725,0.2181938560952753,1.6460098404615398,0.1052056237672499
gliders,B,blocks,25.0,12,25.0,4096,625,6.5536,394,0.6304,0.1,177.10271553852442,3,0.9442510880828029,0.011618092331363343,0.40453201971282776,0.5397190683699752,0.011618092331363369
maze,A,blocks,25.0,12,25.0,4096,625,6.5536,394,0.6304,0.1,455.86868846874836,3,2.171073564934132,0.044619601901881745,0.7784026428360057,1.3926709220981266,0.044619601901881745
maze,B,blocks,25.0,12,25.0,4096,625,6.5536,394,0.6304,0.1,490.77738628657835,3,1.6775702540559987,0.01971484909544969,0.8059644604113456,0.8716057936446532,0.019714849095449693
spirals,A,blocks,25.0,12,25.0,4096,625,6.5536,394,0.6304,0.1,134.7138645066062,3,1.4445814987233596,0.050218539605968976,0.25399398956248737,1.1905875091608722,0.050218539605968976
spirals,B,blocks,25.0,12,25.0,4096,625,6.5536,394,0.6304,0.1,268.3213248557268,3,1.0552624567154754,0.01589861168075312,0.44716162352472644,0.608100833190749,0.01589861168075312
spots,A,blocks,25.0,12,25.0,4096,625,6.5536,394,0.6304,0.1,374.0563598704369,3,2.332110707096799,0.075065204938918,0.8299513203984682,1.5021593866983307,0.075065204938918
spots,B,blocks,25.0,12,25.0,4096,625,6.5536,394,0.6304,0.1,404.1373624690545,3,1.6236667587265077,0.029506436002991028,0.8491558459256795,0.7745109128008284,0.02950643600299103
worms,A,blocks,25.0,12,25.0,4096,625,6.5536,394,0.6304,0.1,347.3095372511979,3,1.886814858972661,0.06431728469965327,0.4788878071810478,1.407927051791613,0.06431728469965327
worms,B,blocks,25.0,12,25.0,4096,625,6.5536,394,0.6304,0.1,458.97647159316944,3,1.188726937874361,0.004786298596934717,0.5776764424884623,0.6110504953858986,0.004786298596934717
bubbles,A,blocks,10.0,12,10.15625,1664,625,2.6624,327,0.5232,0.01,2674.584636119496,3,5.355940376483146,0.10593454617813894,0.41506209372134245,4.940878282761804,0.10593454617813894
bubbles,B,blocks,10.0,12,10.15625,1664,625,2.6624,197,0.3152,0.1,3993.0258377322953,3,1.0302648310403622,0.011677372900613723,0.5014951520935996,0.5287696789467625,0.011677372900613723
gliders,A,blocks,10.0,12,10.15625,1664,625,2.6624,327,0.5232,0.01,1123.4708837085207,3,2.7888717448854563,0.0357031509478677,0.2181938560952753,2.570677888790181,0.0357031509478677
gliders,B,blocks,10.0,12,10.15625,1664,625,2.6624,197,0.3152,0.1,3197.4755768226933,3,1.0426827012523538,0.0036518464799213534,0.40453201971282776,0.638150681539526,0.0036518464799213534
maze,A,blocks,10.0,12,10.15625,1664,625,2.6624,197,0.3152,0.1,1570.26608282769,3,2.8056815557715287,0.0074001277711890495,0.7784026428360057,2.027278912935523,0.0074001277711890495
maze,B,blocks,10.0,12,10.15625,1664,625,2.6624,197,0.3152,0.1,2082.1271526956393,3,1.7081267177876613,0.010485615103268672,0.8059644604113456,0.9021622573763158,0.01048561510326867
spirals,A,blocks,10.0,12,10.15625,1664,625,2.6624,197,0.3152,0.1,1564.4800223064879,3,2.142090473713798,0.013082002528393508,0.25399398956248737,1.8880964841513102,0.013082002528393508
spirals,B,blocks,10.0,12,10.15625,1664,625,2.6624,197,0.3152,0.1,3818.325648399434,3,1.1915319341532398,0.013650344682544046,0.44716162352472644,0.7443703106285136,0.013650344682544044
spots,A,blocks,10.0,12,10.15625,1664,625,2.6624,197,0.3152,0.1,2340.140823932623,3,3.0331210598462035,0.005048802510759022,0.8299513203984682,2.2031697394477354,0.005048802510759022
spots,B,blocks,10.0,12,10.15625,1664,625,2.6624,197,0.3152,0.1,3386.3327391978314,3,1.4167506225066553,0.013943678274811841,0.8491558459256795,0.5675947765809758,0.013943678274811841
worms,A,blocks,10.0,12,10.15625,1664,625,2.6624,197,0.3152,0.1,2522.9906988288017,3,2.708308566664526,0.015009012358711604,0.4788878071810478,2.229420759483479,0.015009012358711604
worms,B,blocks,10.0,12,10.15625,1664,625,2.6624,197,0.3152,0.1,3977.7508140165155,3,1.1837307305652827,0.019639378036439104,0.5776764424884623,0.6060542880768204,0.019639378036439104
bubbles,A,blocks,5.0,12,5.078125,832,625,1.3312,188,0.3008,0.01,2542.644949447624,3,6.296840946102825,0.02920133981957428,0.41506209372134245,5.8817788523814825,0.02920133981957428
bubbles,B,blocks,5.0,12,5.078125,832,625,1.3312,105,0.168,0.1,4480.4698131477335,3,1.035899071083448,0.007816626614398064,0.5014951520935996,0.5344039189898481,0.007816626614398064
gliders,A,blocks,5.0,12,5.078125,832,625,1.3312,188,0.3008,0.01,696.3002306834354,3,3.272508538366932,0.016430374706548824,0.2181938560952753,3.054314682271657,0.01643037470654882
gliders,B,blocks,5.0,12,5.078125,832,625,1.3312,105,0.168,0.1,2191.3804021814976,3,1.0885563980987014,0.00544825234971034,0.40453201971282776,0.6840243783858737,0.00544825234971034
maze,A,blocks,5.0,12,5.078125,832,625,1.3312,105,0.168,0.1,1043.0061915410834,3,3.1774500593100927,0.014249659572459536,0.7784026428360057,2.399047416474087,0.014249659572459536
maze,B,blocks,5.0,12,5.078125,832,625,1.3312,105,0.168,0.1,1970.941633015648,3,1.7853319011609654,0.006110978413947658,0.8059644604113456,0.9793674407496198,0.006110978413947658
spirals,A,blocks,5.0,12,5.078125,832,625,1.3312,105,0.168,0.1,877.6549385547169,3,2.4580288774654857,0.023212451548291317,0.25399398956248737,2.2040348879029983,0.023212451548291317
spirals,B,blocks,5.0,12,5.078125,832,625,1.3312,105,0.168,0.1,2493.246095455347,3,1.2650879590669424,0.013005324313983949,0.44716162352472644,0.8179263355422158,0.013005324313983949
spots,A,blocks,5.0,12,5.078125,832,625,1.3312,105,0.168,0.1,1490.5148313395841,3,3.4471695897076575,0.01720841376444236,0.8299513203984682,2.6172182693091894,0.01720841376444236
spots,B,blocks,5.0,12,5.078125,832,625,1.3312,105,0.168,0.1,2957.9768069654965,3,1.377964568742833,0.008004178371753653,0.8491558459256795,0.5288087228171535,0.008004178371753653
worms,A,blocks,5.0,12,5.078125,832,625,1.3312,105,0.168,0.1,1651.6731791163272,3,3.1399989763435254,0.015975073156460545,0.4788878071810478,2.661111169162478,0.015975073156460545
worms,B,blocks,5.0,12,5.078125,832,625,1.3312,105,0.168,0.1,3051.5400462786106,3,1.2058323586717083,0.008946499591076752,0.5776764424884623,0.6281559161832458,0.008946499591076752
bubbles,A,blocks,2.0,12,1.953125,320,625,0.512,71,0.1136,0.01,688.6456737376806,3,6.908286486834691,0.10405735865876335,0.41506209372134245,6.493224393113349,0.10405735865876335
bubbles,B,blocks,2.0,12,1.953125,320,625,0.512,40,0.064,0.1,1364.9268694399075,3,1.031596303027117,0.0012298388922028748,0.5014951520935996,0.5301011509335173,0.0012298388922028748
gliders,A,blocks,2.0,12,1.953125,320,625,0.512,71,0.1136,0.01,323.6014673022273,3,3.659144876433493,0.05673824777185848,0.2181938560952753,3.440951020338218,0.05673824777185848
gliders,B,blocks,2.0,12,1.953125,320,625,0.512,40,0.064,0.1,1126.6058815886843,3,1.1292180366531013,0.001859549551687628,0.40453201971282776,0.7246860169402737,0.0018595495516876281
maze,A,blocks,2.0,12,1.953125,320,625,0.512,40,0.064,0.1,436.57752580988523,3,3.4820243190486884,0.004801951062102351,0.7784026428360057,2.703621676212683,0.004801951062102351
maze,B,blocks,2.0,12,1.953125,320,625,0.512,40,0.064,0.1,961.7977749870155,3,1.8809344041080323,0.010244349642465466,0.8059644604113456,1.0749699436966864,0.010244349642465466
spirals,A,blocks,2.0,12,1.953125,320,625,0.512,71,0.1136,0.01,385.2071406818879,3,2.6830775996815013,0.009207101748873707,0.25399398956248737,2.429083610119014,0.009207101748873707
spirals,B,blocks,2.0,12,1.953125,320,625,0.512,40,0.064,0.1,1203.0690568897478,3,1.3411252799356632,0.007094413411841646,0.44716162352472644,0.8939636564109369,0.007094413411841647
spots,A,blocks,2.0,12,1.953125,320,625,0.512,40,0.064,0.1,847.5272524490838,3,3.7851484759390543,0.009831011529601317,0.8299513203984682,2.9551971555405863,0.009831011529601317
spots,B,blocks,2.0,12,1.953125,320,625,0.512,40,0.064,0.1,1808.1389549883752,3,1.3831681352940948,0.0043461839194445726,0.8491558459256795,0.5340122893684155,0.0043461839194445726
worms,A,blocks,2.0,12,1.953125,320,625,0.512,40,0.064,0.1,717.4964362018053,3,3.45085956815406,0.010347064960301728,0.4788878071810478,2.9719717609730125,0.010347064960301728
worms,B,blocks,2.0,12,1.953125,320,625,0.512,40,0.064,0.1,1485.2940980520789,3,1.2441441185758237,0.00548011516332486,0.5776764424884623,0.6664676760873615,0.00548011516332486
bubbles,A,blocks,1.0,12,1.171875,192,625,0.3072,66,0.1056,0.001,447.3691291521097,3,7.1304451177501855,0.09926912704263696,0.41506209372134245,6.715383024028843,0.09926912704263696
bubbles,B,blocks,1.0,12,1.171875,192,625,0.3072,24,0.0384,0.1,907.7962570482614,3,1.040492665673577,0.00239574615301644,0.5014951520935996,0.538997513579977,0.0023957461530164405
gliders,A,blocks,1.0,12,1.171875,192,625,0.3072,66,0.1056,0.001,163.55122489136957,3,3.729061636747686,0.04628974050855483,0.2181938560952753,3.51086778065241,0.04628974050855483
gliders,B,blocks,1.0,12,1.171875,192,625,0.3072,24,0.0384,0.1,570.9996178982802,3,1.1391171371657196,0.004227851561856507,0.40453201971282776,0.7345851174528919,0.004227851561856507
maze,A,blocks,1.0,12,1.171875,192,625,0.3072,45,0.072,0.01,348.00455222306937,3,3.555842590851931,0.003988705720164216,0.7784026428360057,2.777439948015925,0.003988705720164216
maze,B,blocks,1.0,12,1.171875,192,625,0.3072,24,0.0384,0.1,754.8720550430365,3,1.9093160633253754,0.0051373031884032775,0.8059644604113456,1.1033516029140296,0.0051373031884032775
spirals,A,blocks,1.0,12,1.171875,192,625,0.3072,45,0.072,0.01,219.27035665680629,3,2.7515429809025065,0.015584263951598077,0.25399398956248737,2.4975489913400186,0.015584263951598077
spirals,B,blocks,1.0,12,1.171875,192,625,0.3072,24,0.0384,0.1,709.8646969750134,3,1.357070893079679,0.0022550583051626437,0.44716162352472644,0.9099092695549528,0.0022550583051626433
spots,A,blocks,1.0,12,1.171875,192,625,0.3072,24,0.0384,0.1,477.4860716614763,3,3.869057543421654,0.004488225791816483,0.8299513203984682,3.039106223023186,0.004488225791816483
spots,B,blocks,1.0,12,1.171875,192,625,0.3072,24,0.0384,0.1,1047.0313381182702,3,1.386967054563672,0.006381979652703448,0.8491558459256795,0.5378112086379926,0.006381979652703448
worms,A,blocks,1.0,12,1.171875,192,625,0.3072,45,0.072,0.01,525.011592438592,3,3.527211870272684,0.0022230348778538743,0.4788878071810478,3.0483240630916364,0.0022230348778538743
worms,B,blocks,1.0,12,1.171875,192,625,0.3072,24,0.0384,0.1,1083.3525021558828,3,1.2568825292709616,0.003350033134867003,0.5776764424884623,0.6792060867824993,0.003350033134867003
bubbles,A,grid,50.0,12,100.0,16384,625,26.2144,625,1.0,1e-06,0.0,3,0.41506209372134245,0.0,0.41506209372134245,0.0,0.0
bubbles,B,grid,50.0,12,100.0,16384,625,26.2144,625,1.0,1e-06,0.0,3,0.5014951520935996,0.0,0.5014951520935996,0.0,0.0
gliders,A,grid,50.0,12,100.0,16384,625,26.2144,625,1.0,1e-06,0.0,3,0.2181938560952753,0.0,0.2181938560952753,0.0,0.0
gliders,B,grid,50.0,12,100.0,16384,625,26.2144,625,1.0,1e-06,0.0,3,0.40453201971282776,0.0,0.40453201971282776,0.0,0.0
maze,A,grid,50.0,12,100.0,16384,625,26.2144,625,1.0,1e-06,0.0,3,0.7784026428360057,0.0,0.7784026428360057,0.0,0.0
maze,B,grid,50.0,12,100.0,16384,625,26.2144,625,1.0,1e-06,0.0,3,0.8059644604113455,1.1102230246251565e-16,0.8059644604113456,0.0,0.0
spirals,A,grid,50.0,12,100.0,16384,625,26.2144,625,1.0,1e-06,0.0,3,0.25399398956248737,0.0,0.25399398956248737,0.0,0.0
spirals,B,grid,50.0,12,100.0,16384,625,26.2144,625,1.0,1e-06,0.0,3,0.44716162352472644,0.0,0.44716162352472644,0.0,0.0
spots,A,grid,50.0,12,100.0,16384,625,26.2144,625,1.0,1e-06,0.0,3,0.8299513203984682,0.0,0.8299513203984682,0.0,0.0
spots,B,grid,50.0,12,100.0,16384,625,26.2144,625,1.0,1e-06,0.0,3,0.8491558459256795,0.0,0.8491558459256795,0.0,0.0
worms,A,grid,50.0,12,100.0,16384,625,26.2144,625,1.0,1e-06,0.0,3,0.4788878071810478,0.0,0.4788878071810478,0.0,0.0
worms,B,grid,50.0,12,100.0,16384,625,26.2144,625,1.0,1e-06,0.0,3,0.5776764424884623,0.0,0.5776764424884623,0.0,0.0
bubbles,A,grid,25.0,12,25.0,4096,625,6.5536,625,1.0,1e-06,0.0,3,0.41514769683376357,3.6067852420521207e-07,0.41506209372134245,8.560311242115463e-05,3.6067852420521207e-07
bubbles,B,grid,25.0,12,25.0,4096,625,6.5536,625,1.0,1e-06,0.0,3,0.5018165123102604,1.6163192851363503e-06,0.5014951520935996,0.0003213602166607747,1.6163192851363503e-06
gliders,A,grid,25.0,12,25.0,4096,625,6.5536,625,1.0,1e-06,0.0,3,0.21819743148550944,2.0744062049550287e-07,0.2181938560952753,3.5753902341469543e-06,2.0744062049550287e-07
gliders,B,grid,25.0,12,25.0,4096,625,6.5536,625,1.0,1e-06,0.0,3,0.40456595841437837,1.9055642958622196e-06,0.40453201971282776,3.3938701550569515e-05,1.9055642958622196e-06
maze,A,grid,25.0,12,25.0,4096,625,6.5536,625,1.0,1e-06,0.0,3,0.7784039187610827,7.479716047131383e-09,0.7784026428360057,1.2759250770377761e-06,7.479716047131383e-09
maze,B,grid,25.0,12,25.0,4096,625,6.5536,625,1.0,1e-06,0.0,3,0.8059718135861326,4.4398950143000645e-08,0.8059644604113456,7.353174786987419e-06,4.4398950143000645e-08
spirals,A,grid,25.0,12,25.0,4096,625,6.5536,625,1.0,1e-06,0.0,3,0.25400045100903107,4.265785449221453e-08,0.25399398956248737,6.4614465437040636e-06,4.265785449221453e-08
spirals,B,grid,25.0,12,25.0,4096,625,6.5536,625,1.0,1e-06,0.0,3,0.44721301040915423,3.642720895181451e-07,0.44716162352472644,5.1386884427795376e-05,3.642720895181451e-07
spots,A,grid,25.0,12,25.0,4096,625,6.5536,625,1.0,1e-06,0.0,3,0.8299561395428589,3.9286987011380826e-08,0.8299513203984682,4.819144390618331e-06,3.928698701138082e-08
spots,B,grid,25.0,12,25.0,4096,625,6.5536,625,1.0,1e-06,0.0,3,0.8491843786767083,2.4227716798976183e-07,0.8491558459256795,2.8532751028653713e-05,2.4227716798976183e-07
worms,A,grid,25.0,12,25.0,4096,625,6.5536,625,1.0,1e-06,0.0,3,0.478914465962071,3.3576005661744194e-07,0.4788878071810478,2.6658781023221795e-05,3.3576005661744194e-07
worms,B,grid,25.0,12,25.0,4096,625,6.5536,625,1.0,1e-06,0.0,3,0.5778144208809505,1.7622504373374458e-06,0.5776764424884623,0.00013797839248811764,1.7622504373374458e-06
bubbles,A,grid,10.0,12,11.02294921875,1806,625,2.8896,625,1.0,1e-06,0.0,3,0.41965403784055827,0.0003108544336178958,0.41506209372134245,0.004591944119215818,0.0003108544336178958
bubbles,B,grid,10.0,12,11.02294921875,1806,625,2.8896,625,1.0,1e-06,0.0,3,0.5097575361266847,0.0004444550311512947,0.5014951520935996,0.00826238403308499,0.0004444550311512947
gliders,A,grid,10.0,12,11.02294921875,1806,625,2.8896,625,1.0,1e-06,0.0,3,0.22053316004532597,0.0007559452648947616,0.2181938560952753,0.002339303950050673,0.0007559452648947616
gliders,B,grid,10.0,12,11.02294921875,1806,625,2.8896,625,1.0,1e-06,0.0,3,0.4116728249287933,0.0015131291497749793,0.40453201971282776,0.007140805215965514,0.0015131291497749793
maze,A,grid,10.0,12,11.02294921875,1806,625,2.8896,625,1.0,1e-06,0.0,3,0.7873497844061085,0.002815676415588608,0.7784026428360057,0.008947141570102754,0.002815676415588608
maze,B,grid,10.0,12,11.02294921875,1806,625,2.8896,625,1.0,1e-06,0.0,3,0.8160288831207488,0.0029708349777250063,0.8059644604113456,0.010064422709403184,0.002970834977725006
spirals,A,grid,10.0,12,11.02294921875,1806,625,2.8896,625,1.0,1e-06,0.0,3,0.2566671341174868,0.0006964102036755002,0.25399398956248737,0.002673144554999433,0.0006964102036755004
spirals,B,grid,10.0,12,11.02294921875,1806,625,2.8896,625,1.0,1e-06,0.0,3,0.45422050716008266,0.0012420665069341177,0.44716162352472644,0.007058883635356265,0.0012420665069341177
spots,A,grid,10.0,12,11.02294921875,1806,625,2.8896,625,1.0,1e-06,0.0,3,0.8377862946155105,0.0019278631040221643,0.8299513203984682,0.00783497421704212,0.0019278631040221643
spots,B,grid,10.0,12,11.02294921875,1806,625,2.8896,625,1.0,1e-06,0.0,3,0.8590126556728391,0.001993332055197682,0.8491558459256795,0.009856809747159708,0.001993332055197682
worms,A,grid,10.0,12,11.02294921875,1806,625,2.8896,625,1.0,1e-06,0.0,3,0.48385849250750385,0.0023939634374067686,0.4788878071810478,0.004970685326456059,0.0023939634374067686
worms,B,grid,10.0,12,11.02294921875,1806,625,2.8896,625,1.0,1e-06,0.0,3,0.5857466874981091,0.002872010489367032,0.5776764424884623,0.008070245009646851,0.002872010489367032
bubbles,A,grid,5.0,12,6.25,1024,625,1.6384,625,1.0,1e-06,0.0,3,0.43940278742917643,0.0002946506381432448,0.41506209372134245,0.02434069370783402,0.0002946506381432448
bubbles,B,grid,5.0,12,6.25,1024,625,1.6384,625,1.0,1e-06,0.0,3,0.5408160870944857,0.0007218768256485465,0.5014951520935996,0.03932093500088607,0.0007218768256485465
gliders,A,grid,5.0,12,6.25,1024,625,1.6384,625,1.0,1e-06,0.0,3,0.22707385620060608,0.00018763449579584616,0.2181938560952753,0.008880000105330762,0.00018763449579584616
gliders,B,grid,5.0,12,6.25,1024,625,1.6384,625,1.0,1e-06,0.0,3,0.437490934001032,0.0007233439445748883,0.40453201971282776,0.032958914288204265,0.0007233439445748883
maze,A,grid,5.0,12,6.25,1024,625,1.6384,625,1.0,1e-06,0.0,3,0.7809482634150632,2.0840206932822576e-05,0.7784026428360057,0.0025456205790575317,2.0840206932822576e-05
maze,B,grid,5.0,12,6.25,1024,625,1.6384,625,1.0,1e-06,0.0,3,0.8115193039232794,8.610012612251675e-05,0.8059644604113456,0.005554843511933842,8.610012612251675e-05
spirals,A,grid,5.0,12,6.25,1024,625,1.6384,625,1.0,1e-06,0.0,3,0.26610893631445304,7.228090282129725e-05,0.25399398956248737,0.012114946751965672,7.228090282129725e-05
spirals,B,grid,5.0,12,6.25,1024,625,1.6384,625,1.0,1e-06,0.0,3,0.4850360915086454,0.0002309375972645,0.44716162352472644,0.03787446798391895,0.0002309375972645
spots,A,grid,5.0,12,6.25,1024,625,1.6384,625,1.0,1e-06,0.0,3,0.8349242091281087,0.0001167750726170572,0.8299513203984682,0.004972888729640523,0.0001167750726170572
spots,B,grid,5.0,12,6.25,1024,625,1.6384,625,1.0,1e-06,0.0,3,0.8609847334675201,0.00027437256778131924,0.8491558459256795,0.011828887541840602,0.00027437256778131924
worms,A,grid,5.0,12,6.25,1024,625,1.6384,625,1.0,1e-06,0.0,3,0.4980039692456358,0.00021559760349457936,0.4788878071810478,0.019116162064587976,0.00021559760349457939
worms,B,grid,5.0,12,6.25,1024,625,1.6384,625,1.0,1e-06,0.0,3,0.6146707080951218,0.0004009798700889047,0.5776764424884623,0.03699426560665956,0.0004009798700889047
bubbles,A,grid,2.0,12,1.9775390625,324,625,0.5184,324,0.5184,1e-06,0.0,3,0.9187222550253171,0.035384435697999796,0.41506209372134245,0.5036601613039745,0.03538443569799979
bubbles,B,grid,2.0,12,1.9775390625,324,625,0.5184,324,0.5184,1e-06,0.0,3,0.8398185255574185,0.006685892586819896,0.5014951520935996,0.33832337346381874,0.006685892586819896
gliders,A,grid,2.0,12,1.9775390625,324,625,0.5184,324,0.5184,1e-06,0.0,3,0.691155055921952,0.020470193165196163,0.2181938560952753,0.4729611998266767,0.020470193165196163
gliders,B,grid,2.0,12,1.9775390625,324,625,0.5184,324,0.5184,1e-06,0.0,3,0.8257809786667805,0.010434759645756709,0.40453201971282776,0.4212489589539527,0.010434759645756709
maze,A,grid,2.0,12,1.9775390625,324,625,0.5184,324,0.5184,1e-06,0.0,3,1.2006280139807792,0.00516092703178442,0.7784026428360057,0.42222537114477365,0.00516092703178442
maze,B,grid,2.0,12,1.9775390625,324,625,0.5184,324,0.5184,1e-06,0.0,3,1.2018609763964914,0.009497230593466239,0.8059644604113456,0.3958965159851459,0.009497230593466239
spirals,A,grid,2.0,12,1.9775390625,324,625,0.5184,324,0.5184,1e-06,0.0,3,0.6321458347890471,0.01599398537739747,0.25399398956248737,0.3781518452265597,0.01599398537739747
spirals,B,grid,2.0,12,1.9775390625,324,625,0.5184,324,0.5184,1e-06,0.0,3,0.7925741491727045,0.0017101197737637319,0.44716162352472644,0.3454125256479779,0.0017101197737637319
spots,A,grid,2.0,12,1.9775390625,324,625,0.5184,324,0.5184,1e-06,0.0,3,1.2589280843603643,0.019788160393904426,0.8299513203984682,0.42897676396189616,0.019788160393904422
spots,B,grid,2.0,12,1.9775390625,324,625,0.5184,324,0.5184,1e-06,0.0,3,1.2453273710139412,0.01182984592279862,0.8491558459256795,0.39617152508826187,0.01182984592279862
worms,A,grid,2.0,12,1.9775390625,324,625,0.5184,324,0.5184,1e-06,0.0,3,0.9104674480060438,0.013462180594025023,0.4788878071810478,0.43157964082499595,0.013462180594025023
worms,B,grid,2.0,12,1.9775390625,324,625,0.5184,324,0.5184,1e-06,0.0,3,0.9818593431276326,0.002656036046103686,0.5776764424884623,0.4041829006391704,0.002656036046103686
bubbles,A,grid,1.0,12,1.031494140625,169,625,0.2704,169,0.2704,1e-06,0.0,3,1.980571450236087,0.008506427093920518,0.41506209372134245,1.5655093565147444,0.008506427093920518
bubbles,B,grid,1.0,12,1.031494140625,169,625,0.2704,169,0.2704,1e-06,0.0,3,0.9328162875671651,0.0009399940785687147,0.5014951520935996,0.4313211354735654,0.0009399940785687147
gliders,A,grid,1.0,12,1.031494140625,169,625,0.2704,169,0.2704,1e-06,0.0,3,1.275917871839434,0.0024223188733150775,0.2181938560952753,1.0577240157441585,0.002422318873314979
gliders,B,grid,1.0,12,1.031494140625,169,625,0.2704,169,0.2704,1e-06,0.0,3,0.9166019349169118,0.0028860225526482013,0.40453201971282776,0.512069915204084,0.0028860225526481592
maze,A,grid,1.0,12,1.031494140625,169,625,0.2704,169,0.2704,1e-06,0.0,3,1.3471591665798623,0.004566734126265064,0.7784026428360057,0.5687565237438564,0.004566734126265064
maze,B,grid,1.0,12,1.031494140625,169,625,0.2704,169,0.2704,1e-06,0.0,3,1.1401916853172438,0.0032736810390607586,0.8059644604113456,0.3342272249058982,0.0032736810390607586
spirals,A,grid,1.0,12,1.031494140625,169,625,0.2704,169,0.2704,1e-06,0.0,3,1.0583146214128945,0.00486280466942383,0.25399398956248737,0.8043206318504073,0.00486280466942383
spirals,B,grid,1.0,12,1.031494140625,169,625,0.2704,169,0.2704,1e-06,0.0,3,0.939278300762214,0.003185501815863831,0.44716162352472644,0.4921166772374875,0.003185501815863831
spots,A,grid,1.0,12,1.031494140625,169,625,0.2704,169,0.2704,1e-06,0.0,3,1.402531305944431,0.0032437104827298105,0.8299513203984682,0.5725799855459629,0.0032437104827298105
spots,B,grid,1.0,12,1.031494140625,169,625,0.2704,169,0.2704,1e-06,0.0,3,1.1034130448850894,0.00671481203301704,0.8491558459256795,0.2542571989594099,0.00671481203301704
worms,A,grid,1.0,12,1.031494140625,169,625,0.2704,169,0.2704,1e-06,0.0,3,1.2610527015097892,0.005833396527418802,0.4788878071810478,0.7821648943287413,0.005833396527418802
worms,B,grid,1.0,12,1.031494140625,169,625,0.2704,169,0.2704,1e-06,0.0,3,0.9774443572887176,0.002992443648334277,0.5776764424884623,0.39976791480025536,0.002992443648334277
bubbles,A,random,50.0,12,50.0,8192,625,13.1072,625,1.0,1e-06,0.0,3,0.42485600593787803,0.0002204805790255373,0.41506209372134245,0.009793912216535508,0.0002204805790255373
bubbles,B,random,50.0,12,50.0,8192,625,13.1072,625,1.0,1e-06,0.0,3,0.5133149598418982,0.000362523564657272,0.5014951520935996,0.011819807748298605,0.000362523564657272
gliders,A,random,50.0,12,50.0,8192,625,13.1072,625,1.0,1e-06,0.0,3,0.22304935470414847,0.000141458160729258,0.2181938560952753,0.004855498608873178,0.000141458160729258
gliders,B,random,50.0,12,50.0,8192,625,13.1072,625,1.0,1e-06,0.0,3,0.4134653676583624,0.00015612354238709767,0.40453201971282776,0.008933347945534667,0.00015612354238709767
maze,A,random,50.0,12,50.0,8192,625,13.1072,625,1.0,1e-06,0.0,3,0.7960062115178946,0.0004444645936400701,0.7784026428360057,0.017603568681888986,0.0004444645936400701
maze,B,random,50.0,12,50.0,8192,625,13.1072,625,1.0,1e-06,0.0,3,0.8241340046342618,0.0004544843222827323,0.8059644604113456,0.01816954422291624,0.00045448432228273225
spirals,A,random,50.0,12,50.0,8192,625,13.1072,625,1.0,1e-06,0.0,3,0.2600647071935008,0.0004589126490927964,0.25399398956248737,0.006070717631013374,0.0004589126490927964
spirals,B,random,50.0,12,50.0,8192,625,13.1072,625,1.0,1e-06,0.0,3,0.45772861110884205,0.0006564540450616744,0.44716162352472644,0.010566987584115617,0.0006564540450616744
spots,A,random,50.0,12,50.0,8192,625,13.1072,625,1.0,1e-06,0.0,3,0.8495222093404152,0.0006619994669409115,0.8299513203984682,0.019570888941947067,0.0006619994669409115
spots,B,random,50.0,12,50.0,8192,625,13.1072,625,1.0,1e-06,0.0,3,0.868987584384232,0.0006231589323996338,0.8491558459256795,0.0198317384585525,0.0006231589323996338
worms,A,random,50.0,12,50.0,8192,625,13.1072,625,1.0,1e-06,0.0,3,0.48972504727826777,0.00043935254812966514,0.4788878071810478,0.010837240097219999,0.00043935254812966514
worms,B,random,50.0,12,50.0,8192,625,13.1072,625,1.0,1e-06,0.0,3,0.5907061106337674,0.0006305441162181771,0.5776764424884623,0.013029668145305115,0.0006305441162181771
bubbles,A,random,25.0,12,25.0,4096,625,6.5536,625,1.0,1e-06,0.0,3,0.4477732485498626,0.0010000937416619823,0.41506209372134245,0.03271115482852014,0.0010000937416619823
bubbles,B,random,25.0,12,25.0,4096,625,6.5536,625,1.0,1e-06,0.0,3,0.5404872866852637,0.001243435089843987,0.5014951520935996,0.03899213459166403,0.0012434350898439873
gliders,A,random,25.0,12,25.0,4096,625,6.5536,625,1.0,1e-06,0.0,3,0.2358129540605307,0.0007924822471335126,0.2181938560952753,0.017619097965255414,0.0007924822471335127
gliders,B,random,25.0,12,25.0,4096,625,6.5536,625,1.0,1e-06,0.0,3,0.4362449261926212,0.001205199840488014,0.40453201971282776,0.03171290647979345,0.001205199840488014
maze,A,random,25.0,12,25.0,4096,625,6.5536,625,1.0,1e-06,0.0,3,0.8442237803629392,0.002349176712024058,0.7784026428360057,0.06582113752693357,0.0023491767120240575
maze,B,random,25.0,12,25.0,4096,625,6.5536,625,1.0,1e-06,0.0,3,0.8736436702407727,0.0023343940460532338,0.8059644604113456,0.0676792098294271,0.0023343940460532338
spirals,A,random,25.0,12,25.0,4096,625,6.5536,625,1.0,1e-06,0.0,3,0.2736792292667271,0.0011205578400875391,0.25399398956248737,0.019685239704239705,0.0011205578400875391
spirals,B,random,25.0,12,25.0,4096,625,6.5536,625,1.0,1e-06,0.0,3,0.4812004903456244,0.0017653533358819732,0.44716162352472644,0.03403886682089798,0.001765353335881973
spots,A,random,25.0,12,25.0,4096,625,6.5536,625,1.0,1e-06,0.0,3,0.8973399690536548,0.004633964206078387,0.8299513203984682,0.06738864865518657,0.004633964206078387
spots,B,random,25.0,12,25.0,4096,625,6.5536,625,1.0,1e-06,0.0,3,0.9172785196424226,0.004319254874170887,0.8491558459256795,0.06812267371674315,0.004319254874170887
worms,A,random,25.0,12,25.0,4096,625,6.5536,625,1.0,1e-06,0.0,3,0.5186069092457471,0.0011028840606528045,0.4788878071810478,0.0397191020646994,0.0011028840606528045
worms,B,random,25.0,12,25.0,4096,625,6.5536,625,1.0,1e-06,0.0,3,0.6248150399427898,0.0013990195435687198,0.5776764424884623,0.047138597454327504,0.0013990195435687198
bubbles,A,random,10.0,12,9.99755859375,1638,625,2.6208,625,1.0,1e-06,0.0,3,0.5820385167788947,0.006022638400406354,0.41506209372134245,0.16697642305755234,0.006022638400406354
bubbles,B,random,10.0,12,9.99755859375,1638,625,2.6208,625,1.0,1e-06,0.0,3,0.6980914708533211,0.007894728972430291,0.5014951520935996,0.19659631875972158,0.007894728972430291
gliders,A,random,10.0,12,9.99755859375,1638,625,2.6208,625,1.0,1e-06,0.0,3,0.3000057544475154,0.006266719380103229,0.2181938560952753,0.08181189835224013,0.006266719380103228
gliders,B,random,10.0,12,9.99755859375,1638,625,2.6208,625,1.0,1e-06,0.0,3,0.5494225986369238,0.01047751815989906,0.40453201971282776,0.144890578924096,0.01047751815989906
maze,A,random,10.0,12,9.99755859375,1638,625,2.6208,625,1.0,1e-06,0.0,3,1.1050531265830312,0.02268074597790514,0.7784026428360057,0.3266504837470256,0.02268074597790514
maze,B,random,10.0,12,9.99755859375,1638,625,2.6208,625,1.0,1e-06,0.0,3,1.1397209140668645,0.020280043926552884,0.8059644604113456,0.33375645365551887,0.020280043926552884
spirals,A,random,10.0,12,9.99755859375,1638,625,2.6208,625,1.0,1e-06,0.0,3,0.351432774344741,0.011173345806183517,0.25399398956248737,0.09743878478225367,0.011173345806183517
spirals,B,random,10.0,12,9.99755859375,1638,625,2.6208,625,1.0,1e-06,0.0,3,0.6103632200394489,0.01898263969939395,0.44716162352472644,0.1632015965147224,0.01898263969939395
spots,A,random,10.0,12,9.99755859375,1638,625,2.6208,625,1.0,1e-06,0.0,3,1.1715067174957883,0.044176658457873656,0.8299513203984682,0.34155539709731997,0.044176658457873656
spots,B,random,10.0,12,9.99755859375,1638,625,2.6208,625,1.0,1e-06,0.0,3,1.1942725566359966,0.04450614974178634,0.8491558459256795,0.3451167107103171,0.04450614974178634
worms,A,random,10.0,12,9.99755859375,1638,625,2.6208,625,1.0,1e-06,0.0,3,0.6645529751474605,0.028217435251488107,0.4788878071810478,0.18566516796641275,0.028217435251488107
worms,B,random,10.0,12,9.99755859375,1638,625,2.6208,625,1.0,1e-06,0.0,3,0.7949209012280942,0.03165779048571642,0.5776764424884623,0.21724445873963197,0.03165779048571642
bubbles,A,random,5.0,12,4.998779296875,819,625,1.3104,555,0.888,0.1,1.3633318476859209,3,1.5995695403338939,0.1324147182990596,0.41506209372134245,1.1845074466125514,0.1324147182990596
bubbles,B,random,5.0,12,4.998779296875,819,625,1.3104,555,0.888,0.1,2.5281899756019657,3,0.9288418782419686,0.03016749249007282,0.5014951520935996,0.4273467261483688,0.03016749249007282
gliders,A,random,5.0,12,4.998779296875,819,625,1.3104,555,0.888,0.1,0.7303681550198772,3,0.863989196791838,0.05657294681936992,0.2181938560952753,0.6457953406965626,0.05657294681936992
gliders,B,random,5.0,12,4.998779296875,819,625,1.3104,555,0.888,0.1,2.1292728499076854,3,0.8059601996275397,0.01872582900460632,0.40453201971282776,0.40142817991471197,0.01872582900460632
maze,A,random,5.0,12,4.998779296875,819,625,1.3104,555,0.888,0.1,3.3109234818649314,3,1.6011643780871558,0.01859486240740852,0.7784026428360057,0.82276173525115,0.01859486240740852
maze,B,random,5.0,12,4.998779296875,819,625,1.3104,555,0.888,0.1,3.5578205564271497,3,1.5414014548716108,0.04354109706820256,0.8059644604113456,0.7354369944602652,0.04354109706820256
spirals,A,random,5.0,12,4.998779296875,819,625,1.3104,555,0.888,0.1,0.7291084558002235,3,0.7604761957725333,0.037832782139749686,0.25399398956248737,0.5064822062100459,0.037832782139749686
spirals,B,random,5.0,12,4.998779296875,819,625,1.3104,555,0.888,0.1,1.6739753390076946,3,0.8871080154180401,0.030086813343841293,0.44716162352472644,0.4399463918933135,0.030086813343841293
spots,A,random,5.0,12,4.998779296875,819,625,1.3104,555,0.888,0.1,3.443070759738378,3,1.7103721516966175,0.06338962748634289,0.8299513203984682,0.8804208312981493,0.06338962748634289
spots,B,random,5.0,12,4.998779296875,819,625,1.3104,555,0.888,0.1,3.6768577027702953,3,1.594490027992274,0.08111240016803155,0.8491558459256795,0.7453341820665945,0.08111240016803155
worms,A,random,5.0,12,4.998779296875,819,625,1.3104,555,0.888,0.1,1.4519841937684077,3,1.1282108443206231,0.033988203951833,0.4788878071810478,0.6493230371395752,0.033988203951833
worms,B,random,5.0,12,4.998779296875,819,625,1.3104,555,0.888,0.1,2.008704779019737,3,1.091120815478927,0.03264489769447512,0.5776764424884623,0.5134443729904645,0.03264489769447512
bubbles,A,random,2.0,12,2.001953125,328,625,0.5248,316,0.5056,0.1,0.0472612193675066,3,3.791357328003322,0.016652031121760617,0.41506209372134245,3.3762952342819794,0.016652031121760617
bubbles,B,random,2.0,12,2.001953125,328,625,0.5248,316,0.5056,0.1,0.20032532764644725,3,0.9883033099582123,0.007824508567123554,0.5014951520935996,0.4868081578646127,0.007824508567123554
gliders,A,random,2.0,12,2.001953125,328,625,0.5248,328,0.5248,1e-06,0.03280762345883451,3,2.033374028686158,0.006510704140198891,0.2181938560952753,1.815180172590883,0.006510704140198891
gliders,B,random,2.0,12,2.001953125,328,625,0.5248,316,0.5056,0.1,0.09025147636355135,3,0.9343666183896399,0.010152219665773855,0.40453201971282776,0.5298345986768122,0.010152219665773853
maze,A,random,2.0,12,2.001953125,328,625,0.5248,316,0.5056,0.1,0.05129027846607551,3,2.153472581140623,0.0148095436268121,0.7784026428360057,1.3750699383046172,0.0148095436268121
maze,B,random,2.0,12,2.001953125,328,625,0.5248,316,0.5056,0.1,0.11522369707507063,3,1.5171673866899693,0.002695061641599284,0.8059644604113456,0.7112029262786237,0.002695061641599284
spirals,A,random,2.0,12,2.001953125,328,625,0.5248,316,0.5056,0.1,0.011671529201229122,3,1.5857026333890236,0.008020429321886353,0.25399398956248737,1.3317086438265362,0.008020429321886353
spirals,B,random,2.0,12,2.001953125,328,625,0.5248,316,0.5056,0.1,0.10803844361969588,3,1.0195717438632979,0.015474930332082644,0.44716162352472644,0.5724101203385713,0.015474930332082644
spots,A,random,2.0,12,2.001953125,328,625,0.5248,316,0.5056,0.1,0.03564639991488283,3,2.338715543829941,0.0013711870448726573,0.8299513203984682,1.5087642234314729,0.0013711870448726573
spots,B,random,2.0,12,2.001953125,328,625,0.5248,316,0.5056,0.1,0.1356772280385894,3,1.3889233376360597,0.020090058629238232,0.8491558459256795,0.5397674917103803,0.020090058629238232
worms,A,random,2.0,12,2.001953125,328,625,0.5248,316,0.5056,0.1,0.03890038171852813,3,1.9873692373932519,0.005778591150719938,0.4788878071810478,1.5084814302122043,0.005778591150719938
worms,B,random,2.0,12,2.001953125,328,625,0.5248,316,0.5056,0.1,0.20872809441418005,3,1.0904580381411328,0.015516038546192181,0.5776764424884623,0.5127815956526707,0.015516038546192181
bubbles,A,random,1.0,12,1.0009765625,164,625,0.2624,164,0.2624,1e-06,0.007408223646170479,3,5.3364487624268335,0.030867281592022316,0.41506209372134245,4.921386668705491,0.030867281592022316
bubbles,B,random,1.0,12,1.0009765625,164,625,0.2624,164,0.2624,1e-06,0.00014154413045867434,3,0.9790439167086751,0.0066962373685258295,0.5014951520935996,0.4775487646150755,0.0066962373685258295
gliders,A,random,1.0,12,1.0009765625,164,625,0.2624,164,0.2624,1e-06,0.004336023652882955,3,2.823190237745079,0.010753410145679295,0.2181938560952753,2.6049963816498036,0.010753410145679295
gliders,B,random,1.0,12,1.0009765625,164,625,0.2624,164,0.2624,1e-06,0.0007686868769184082,3,1.0047179278684444,0.025734628683097675,0.40453201971282776,0.6001859081556166,0.02573462868309767
maze,A,random,1.0,12,1.0009765625,164,625,0.2624,164,0.2624,1e-06,0.0013295473271074758,3,2.6938418935885995,0.015631686054818163,0.7784026428360057,1.9154392507525941,0.015631686054818163
maze,B,random,1.0,12,1.0009765625,164,625,0.2624,164,0.2624,1e-06,9.488124123417188e-06,3,1.6005392215904874,0.004169779056466687,0.8059644604113456,0.7945747611791418,0.004169779056466687
spirals,A,random,1.0,12,1.0009765625,164,625,0.2624,164,0.2624,1e-06,0.0029811444626027437,3,2.0835256232652672,0.02522911924140706,0.25399398956248737,1.8295316337027803,0.02522911924140706
spirals,B,random,1.0,12,1.0009765625,164,625,0.2624,164,0.2624,1e-06,0.00039260282555519943,3,1.1506662072809142,0.009070583799167663,0.44716162352472644,0.7035045837561876,0.009070583799167663
spots,A,random,1.0,12,1.0009765625,164,625,0.2624,164,0.2624,1e-06,0.002112966084745723,3,2.914044091052061,0.013037357512803296,0.8299513203984682,2.084092770653593,0.013037357512803296
spots,B,random,1.0,12,1.0009765625,164,625,0.2624,164,0.2624,1e-06,0.002782197441338378,3,1.2818455727460971,0.005814472563706709,0.8491558459256795,0.4326897268204177,0.005814472563706709
worms,A,random,1.0,12,1.0009765625,164,625,0.2624,164,0.2624,1e-06,0.0033570692656373544,3,2.6277673538141904,0.016450043888200785,0.4788878071810478,2.1488795466331427,0.016450043888200785
worms,B,random,1.0,12,1.0009765625,164,625,0.2624,164,0.2624,1e-06,0.002288820341552459,3,1.1272126610377349,0.012021521778130321,0.5776764424884623,0.5495362185492726,0.012021521778130321
bubbles,A,stations,50.0,12,39.7705078125,6516,625,10.4256,625,1.0,1e-06,0.12252419808449992,3,0.6176919455238159,0.03530000734831069,0.41506209372134245,0.2026298518024734,0.03530000734831069
bubbles,B,stations,50.0,12,39.7705078125,6516,625,10.4256,624,0.9984,0.1,0.040446540244122454,3,0.6935132438770893,0.012273720919564362,0.5014951520935996,0.19201809178348975,0.012273720919564362
gliders,A,stations,50.0,12,39.7705078125,6516,625,10.4256,625,1.0,1e-06,0.06319624325044472,3,0.32946367848580643,0.019092375207135335,0.2181938560952753,0.11126982239053108,0.019092375207135335
gliders,B,stations,50.0,12,39.7705078125,6516,625,10.4256,625,1.0,1e-06,0.01745442519021534,3,0.5684399372240913,0.024940374948163747,0.40453201971282776,0.1639079175112635,0.024940374948163747
maze,A,stations,50.0,12,39.7705078125,6516,625,10.4256,625,1.0,1e-06,0.06158274033954103,3,1.1704065721950931,0.04330354824490226,0.7784026428360057,0.3920039293590876,0.04330354824490226
maze,B,stations,50.0,12,39.7705078125,6516,625,10.4256,624,0.9984,0.1,0.07839889251268779,3,1.1839820654099604,0.029716660115894383,0.8059644604113456,0.37801760499861475,0.029716660115894383
spirals,A,stations,50.0,12,39.7705078125,6516,625,10.4256,625,1.0,1e-06,0.022451803808150334,3,0.39611716056094237,0.03356788114146755,0.25399398956248737,0.14212317099845503,0.03356788114146755
spirals,B,stations,50.0,12,39.7705078125,6516,625,10.4256,624,0.9984,0.1,0.03906646394824879,3,0.6325777910029139,0.008148183241291474,0.44716162352472644,0.18541616747818754,0.008148183241291474
spots,A,stations,50.0,12,39.7705078125,6516,625,10.4256,624,0.9984,0.1,0.036214998174773104,3,1.2641936609208966,0.023170817634042412,0.8299513203984682,0.43424234052242855,0.023170817634042416
spots,B,stations,50.0,12,39.7705078125,6516,625,10.4256,624,0.9984,0.1,0.05417804274433006,3,1.2618909401384972,0.007834874703447918,0.8491558459256795,0.4127350942128178,0.007834874703447918
worms,A,stations,50.0,12,39.7705078125,6516,625,10.4256,624,0.9984,0.1,0.014482321420571228,3,0.7221767727322869,0.03236449899265993,0.4788878071810478,0.24328896555123905,0.03236449899265993
worms,B,stations,50.0,12,39.7705078125,6516,625,10.4256,624,0.9984,0.1,0.03124066701410459,3,0.8210149029299451,0.01347403556224647,0.5776764424884623,0.2433384604414828,0.01347403556224647
bubbles,A,stations,25.0,12,22.1435546875,3628,625,5.8048,625,1.0,1e-06,0.8408779887087338,3,1.293812141754992,0.14301987515341172,0.41506209372134245,0.8787500480336493,0.14301987515341172
bubbles,B,stations,25.0,12,22.1435546875,3628,625,5.8048,569,0.9104,0.1,0.9135744992239744,3,0.90294652038098,0.010284691769757959,0.5014951520935996,0.4014513682873804,0.010284691769757959
gliders,A,stations,25.0,12,22.1435546875,3628,625,5.8048,625,1.0,1e-06,0.40126056998556003,3,0.7511654815448926,0.0722382653444089,0.2181938560952753,0.5329716254496173,0.0722382653444089
gliders,B,stations,25.0,12,22.1435546875,3628,625,5.8048,569,0.9104,0.1,0.8594853215593408,3,0.7533424163949868,0.004073621166336997,0.40453201971282776,0.3488103966821589,0.004073621166336997
maze,A,stations,25.0,12,22.1435546875,3628,625,5.8048,569,0.9104,0.1,2.0579883655602766,3,1.6175724365115967,0.018967092439218885,0.7784026428360057,0.839169793675591,0.018967092439218885
maze,B,stations,25.0,12,22.1435546875,3628,625,5.8048,569,0.9104,0.1,2.306356440723263,3,1.4423539275281303,0.022278201276349788,0.8059644604113456,0.6363894671167847,0.022278201276349788
spirals,A,stations,25.0,12,22.1435546875,3628,625,5.8048,625,1.0,1e-06,0.27366309539538397,3,0.8379686555852008,0.047522089801476305,0.25399398956248737,0.5839746660227135,0.04752208980147626
spirals,B,stations,25.0,12,22.1435546875,3628,625,5.8048,569,0.9104,0.1,0.9945610067560774,3,0.8455874398405646,0.0110220053182626,0.44716162352472644,0.3984258163158383,0.0110220053182626
spots,A,stations,25.0,12,22.1435546875,3628,625,5.8048,569,0.9104,0.1,1.4519327585076756,3,1.7636989123119786,0.007941490748151777,0.8299513203984682,0.9337475919135105,0.007941490748151777
spots,B,stations,25.0,12,22.1435546875,3628,625,5.8048,569,0.9104,0.1,1.7479672636191703,3,1.49601697168696,0.017830492816380477,0.8491558459256795,0.6468611257612804,0.017830492816380477
worms,A,stations,25.0,12,22.1435546875,3628,625,5.8048,569,0.9104,0.1,1.0555772869350184,3,1.2402204395614589,0.0336721014557007,0.4788878071810478,0.7613326323804112,0.0336721014557007
worms,B,stations,25.0,12,22.1435546875,3628,625,5.8048,569,0.9104,0.1,1.6998465209152596,3,1.0113924438154591,0.004776661967352399,0.5776764424884623,0.433716001326997,0.004776661967352399
bubbles,A,stations,10.0,12,9.356689453125,1533,625,2.4528,538,0.8608,0.01,48.73751561616259,3,3.148564818409385,0.11441338811042488,0.41506209372134245,2.7335027246880426,0.11441338811042488
bubbles,B,stations,10.0,12,9.356689453125,1533,625,2.4528,375,0.6,0.1,67.44368136530288,3,0.993110259570522,0.005122291498450619,0.5014951520935996,0.4916151074769224,0.005122291498450619
gliders,A,stations,10.0,12,9.356689453125,1533,625,2.4528,538,0.8608,0.01,47.84264290603145,3,1.5616691338104935,0.05983902175164891,0.2181938560952753,1.3434752777152184,0.05983902175164891
gliders,B,stations,10.0,12,9.356689453125,1533,625,2.4528,375,0.6,0.1,101.47173586040863,3,0.9380697278094844,0.006688749687280042,0.40453201971282776,0.5335377080966567,0.006688749687280085
maze,A,stations,10.0,12,9.356689453125,1533,625,2.4528,375,0.6,0.1,172.49031455797964,3,2.406313659178179,0.018696084570972132,0.7784026428360057,1.627911016342173,0.018696084570972132
maze,B,stations,10.0,12,9.356689453125,1533,625,2.4528,375,0.6,0.1,202.59575478348106,3,1.6469398258303858,0.023474359008871064,0.8059644604113456,0.8409753654190398,0.023474359008871064
spirals,A,stations,10.0,12,9.356689453125,1533,625,2.4528,538,0.8608,0.01,81.15714570200915,3,1.4807549212622935,0.04253347040676338,0.25399398956248737,1.226760931699806,0.04253347040676338
spirals,B,stations,10.0,12,9.356689453125,1533,625,2.4528,375,0.6,0.1,162.65204797295115,3,1.0699724347979933,0.012150771376794132,0.44716162352472644,0.6228108112732668,0.012150771376794132
spots,A,stations,10.0,12,9.356689453125,1533,625,2.4528,375,0.6,0.1,193.72609677630464,3,2.6043974736624875,0.022911660285825867,0.8299513203984682,1.7744461532640194,0.022911660285825867
spots,B,stations,10.0,12,9.356689453125,1533,625,2.4528,375,0.6,0.1,187.67083537108965,3,1.4742416639620677,0.016892095221924815,0.8491558459256795,0.625085818036388,0.016892095221924815
worms,A,stations,10.0,12,9.356689453125,1533,625,2.4528,375,0.6,0.1,117.62647812201187,3,2.2461793870503404,0.045562629176091565,0.4788878071810478,1.7672915798692925,0.045562629176091565
worms,B,stations,10.0,12,9.356689453125,1533,625,2.4528,375,0.6,0.1,157.87658037854627,3,1.1290967926314668,0.010827501509559408,0.5776764424884623,0.5514203501430046,0.010827501509559408
bubbles,A,stations,5.0,12,4.8828125,800,625,1.28,404,0.6464,0.01,1507.5855003251636,3,4.013753863743821,0.09861645856260752,0.41506209372134245,3.5986917700224783,0.09861645856260752
bubbles,B,stations,5.0,12,4.8828125,800,625,1.28,240,0.384,0.1,2159.511712279528,3,1.0099243797461595,0.009900719342863469,0.5014951520935996,0.5084292276525596,0.009900719342863467
gliders,A,stations,5.0,12,4.8828125,800,625,1.28,404,0.6464,0.01,465.4329854018931,3,2.1528959375118357,0.01703811075080454,0.2181938560952753,1.9347020814165605,0.01703811075080454
gliders,B,stations,5.0,12,4.8828125,800,625,1.28,240,0.384,0.1,1181.4863707721624,3,1.0266542197583555,0.00526195238612579,0.40453201971282776,0.6221222000455277,0.00526195238612579
maze,A,stations,5.0,12,4.8828125,800,625,1.28,404,0.6464,0.01,914.2012344693734,3,2.7242075301644344,0.074539251711363,0.7784026428360057,1.945804887328429,0.074539251711363
maze,B,stations,5.0,12,4.8828125,800,625,1.28,240,0.384,0.1,1148.239559741273,3,1.7263602040378025,0.014278709164293519,0.8059644604113456,0.9203957436264568,0.014278709164293519
spirals,A,stations,5.0,12,4.8828125,800,625,1.28,404,0.6464,0.01,666.5613122601225,3,1.6903498722324806,0.06811000324121762,0.25399398956248737,1.4363558826699931,0.06811000324121762
spirals,B,stations,5.0,12,4.8828125,800,625,1.28,240,0.384,0.1,1651.6633425543898,3,1.2057175249699992,0.01216715667720021,0.44716162352472644,0.7585559014452729,0.01216715667720021
spots,A,stations,5.0,12,4.8828125,800,625,1.28,404,0.6464,0.01,881.5194456649515,3,2.9807790205352043,0.0519412092814649,0.8299513203984682,2.150827700136736,0.0519412092814649
spots,B,stations,5.0,12,4.8828125,800,625,1.28,240,0.384,0.1,1199.9960064617983,3,1.4348307627474324,0.0031294879860685357,0.8491558459256795,0.5856749168217532,0.0031294879860685357
worms,A,stations,5.0,12,4.8828125,800,625,1.28,404,0.6464,0.01,1224.7860723733477,3,2.348131829561705,0.0849778836152097,0.4788878071810478,1.8692440223806572,0.0849778836152097
worms,B,stations,5.0,12,4.8828125,800,625,1.28,240,0.384,0.1,1977.1263585233148,3,1.1921865819554531,0.006844863970272841,0.5776764424884623,0.6145101394669906,0.006844863970272841
bubbles,A,stations,2.0,12,1.9775390625,324,625,0.5184,196,0.3136,0.01,63.57066016754976,3,5.707453562999493,0.09809657632533948,0.41506209372134245,5.292391469278151,0.09809657632533948
bubbles,B,stations,2.0,12,1.9775390625,324,625,0.5184,106,0.1696,0.1,127.46222451619325,3,1.0318519781832707,0.006966833588105715,0.5014951520935996,0.5303568260896712,0.006966833588105715
gliders,A,stations,2.0,12,1.9775390625,324,625,0.5184,196,0.3136,0.01,26.264608891703006,3,2.9921264259639333,0.03920323786422429,0.2181938560952753,2.773932569868658,0.03920323786422429
gliders,B,stations,2.0,12,1.9775390625,324,625,0.5184,106,0.1696,0.1,99.06670889754996,3,1.0929064881086132,0.008998777982317562,0.40453201971282776,0.6883744683957856,0.008998777982317562
maze,A,stations,2.0,12,1.9775390625,324,625,0.5184,196,0.3136,0.01,46.50072001227306,3,2.9845965420082634,0.02504802118619115,0.7784026428360057,2.2061938991722574,0.02504802118619115
maze,B,stations,2.0,12,1.9775390625,324,625,0.5184,106,0.1696,0.1,103.07806894447545,3,1.8526016495264324,0.000969596973643346,0.8059644604113456,1.0466371891150865,0.000969596973643346
spirals,A,stations,2.0,12,1.9775390625,324,625,0.5184,196,0.3136,0.01,28.091040439362587,3,2.2190799829540704,0.009582828948331311,0.25399398956248737,1.9650859933915825,0.009582828948331311
spirals,B,stations,2.0,12,1.9775390625,324,625,0.5184,106,0.1696,0.1,95.1509105742025,3,1.3002858776543509,0.009233919193695088,0.44716162352472644,0.8531242541296246,0.009233919193695088
spots,A,stations,2.0,12,1.9775390625,324,625,0.5184,196,0.3136,0.01,82.12959085379589,3,3.225432329822316,0.038318977831344844,0.8299513203984682,2.395481009423848,0.038318977831344844
spots,B,stations,2.0,12,1.9775390625,324,625,0.5184,106,0.1696,0.1,182.63374973426548,3,1.3921367400173483,0.0018724038616728617,0.8491558459256795,0.5429808940916688,0.0018724038616728617
worms,A,stations,2.0,12,1.9775390625,324,625,0.5184,196,0.3136,0.01,61.2442762921618,3,2.875853447204804,0.036329426309474736,0.4788878071810478,2.3969656400237564,0.036329426309474736
worms,B,stations,2.0,12,1.9775390625,324,625,0.5184,106,0.1696,0.1,132.1410556161434,3,1.225845165736377,0.0036643541206724485,0.5776764424884623,0.6481687232479146,0.0036643541206724485
bubbles,A,stations,1.0,12,0.98876953125,162,625,0.2592,106,0.1696,0.01,9.335756018603748,3,6.46781596644328,0.09017544629962455,0.41506209372134245,6.052753872721937,0.09017544629962455
bubbles,B,stations,1.0,12,0.98876953125,162,625,0.2592,54,0.0864,0.1,23.945670237197536,3,1.0306069233806427,0.0021657387952344026,0.5014951520935996,0.529111771287043,0.0021657387952344026
gliders,A,stations,1.0,12,0.98876953125,162,625,0.2592,141,0.2256,0.001,1.1724164008827167,3,3.376275975684512,0.06443212016476733,0.2181938560952753,3.1580821195892366,0.06443212016476733
gliders,B,stations,1.0,12,0.98876953125,162,625,0.2592,54,0.0864,0.1,8.492230067083108,3,1.1302199245960576,0.005058040740723622,0.40453201971282776,0.7256879048832298,0.005058040740723622
maze,A,stations,1.0,12,0.98876953125,162,625,0.2592,106,0.1696,0.01,3.9367530736949115,3,3.2352819838107316,0.024957259776105436,0.7784026428360057,2.456879340974726,0.024957259776105436
maze,B,stations,1.0,12,0.98876953125,162,625,0.2592,54,0.0864,0.1,10.977027034445342,3,1.871409825939927,0.008842030682177798,0.8059644604113456,1.0654453655285814,0.008842030682177798
spirals,A,stations,1.0,12,0.98876953125,162,625,0.2592,106,0.1696,0.01,2.2444340594718635,3,2.4927865017770388,0.023172191640425402,0.25399398956248737,2.2387925122145513,0.023172191640425402
spirals,B,stations,1.0,12,0.98876953125,162,625,0.2592,54,0.0864,0.1,10.046196001624315,3,1.3428517990182225,0.006491381475423521,0.44716162352472644,0.8956901754934959,0.006491381475423522
spots,A,stations,1.0,12,0.98876953125,162,625,0.2592,106,0.1696,0.01,9.902636483548404,3,3.525518174660147,0.044947557070866895,0.8299513203984682,2.695566854261679,0.044947557070866895
spots,B,stations,1.0,12,0.98876953125,162,625,0.2592,54,0.0864,0.1,25.928141825330215,3,1.3873481446310436,0.0021302239574765027,0.8491558459256795,0.5381922987053643,0.0021302239574765027
worms,A,stations,1.0,12,0.98876953125,162,625,0.2592,106,0.1696,0.01,7.278577755197477,3,3.208885337262702,0.03171442620966533,0.4788878071810478,2.7299975300816546,0.03171442620966533
worms,B,stations,1.0,12,0.98876953125,162,625,0.2592,54,0.0864,0.1,18.591779891503872,3,1.2461465070025775,0.007297269233699317,0.5776764424884623,0.6684700645141154,0.007297269233699318
bubbles,A,blocks,50.0,16,50.0,8192,1089,7.522497704315886,1053,0.9669421487603306,0.01,6.414422355863777,3,1.8485884438372893,0.12795505140967012,0.2434478710403647,1.6051405727969243,0.12795505140967012
bubbles,B,blocks,50.0,16,50.0,8192,1089,7.522497704315886,883,0.8108356290174472,0.1,9.875210090755898,3,0.7705242668593276,0.021372684115239824,0.3233261695706953,0.4471980972886323,0.021372684115239824
gliders,A,blocks,50.0,16,50.0,8192,1089,7.522497704315886,1053,0.9669421487603306,0.01,3.758428368500178,3,0.9079868766446487,0.06448326545666852,0.10261035442513168,0.8053765222195169,0.06448326545666852
gliders,B,blocks,50.0,16,50.0,8192,1089,7.522497704315886,883,0.8108356290174472,0.1,11.032344892722156,3,0.6996629731700276,0.00976839413592904,0.2460299144705538,0.45363305869947385,0.00976839413592904
maze,A,blocks,50.0,16,50.0,8192,1089,7.522497704315886,1053,0.9669421487603306,0.01,4.251797256649064,3,1.3413677452074204,0.023561527025324245,0.19757140485628003,1.1437963403511406,0.023561527025324245
maze,B,blocks,50.0,16,50.0,8192,1089,7.522497704315886,883,0.8108356290174472,0.1,5.887045515104663,3,0.9151347269768975,0.0071087364050405515,0.24253495583884688,0.6725997711380506,0.0071087364050405515
spirals,A,blocks,50.0,16,50.0,8192,1089,7.522497704315886,1053,0.9669421487603306,0.01,5.654091153824294,3,0.9047365098862752,0.05564640535956751,0.1310432304778304,0.7736932794084449,0.05564640535956751
spirals,B,blocks,50.0,16,50.0,8192,1089,7.522497704315886,883,0.8108356290174472,0.1,12.76828567212803,3,0.8088742250289577,0.004870302872797558,0.28376586866410064,0.5251083563648572,0.004870302872797558
spots,A,blocks,50.0,16,50.0,8192,1089,7.522497704315886,1053,0.9669421487603306,0.01,4.2179202627705665,3,1.3690095796537782,0.015276069031251656,0.20374030409797217,1.1652692755558058,0.015276069031251656
spots,B,blocks,50.0,16,50.0,8192,1089,7.522497704315886,883,0.8108356290174472,0.1,6.697527406105324,3,0.7267839434292558,0.00599884084464841,0.2615385291886721,0.4652454142405837,0.00599884084464841
worms,A,blocks,50.0,16,50.0,8192,1089,7.522497704315886,883,0.8108356290174472,0.1,6.947645782158664,3,1.5039136972017506,0.03128537861506273,0.2365762019631167,1.2673374952386338,0.03128537861506273
worms,B,blocks,50.0,16,50.0,8192,1089,7.522497704315886,883,0.8108356290174472,0.1,10.993190669892511,3,0.8172163273360024,0.016300278807826956,0.3351919345254527,0.4820243928105496,0.016300278807826956
bubbles,A,blocks,25.0,16,25.0,4096,1089,3.761248852157943,848,0.7786960514233241,0.01,1683.561110189733,3,3.4011085538404395,0.2663296460243374,0.2434478710403647,3.1576606828000755,0.26632964602433723
bubbles,B,blocks,25.0,16,25.0,4096,1089,3.761248852157943,608,0.5583103764921947,0.1,2491.1449299276924,3,0.889445431293678,0.01378496901423844,0.3233261695706953,0.5661192617229827,0.013784969014238407
gliders,A,blocks,25.0,16,25.0,4096,1089,3.761248852157943,848,0.7786960514233241,0.01,612.5606163000926,3,1.7239728031411665,0.13909334629617662,0.10261035442513168,1.6213624487160345,0.13909334629617662
gliders,B,blocks,25.0,16,25.0,4096,1089,3.761248852157943,608,0.5583103764921947,0.1,1704.2349292512408,3,0.9051282779781485,0.0038108962876089777,0.2460299144705538,0.6590983635075949,0.0038108962876089777
maze,A,blocks,25.0,16,25.0,4096,1089,3.761248852157943,848,0.7786960514233241,0.01,911.8271077107511,3,1.7809859671193937,0.1298319261988772,0.19757140485628003,1.5834145622631137,0.1298319261988772
maze,B,blocks,25.0,16,25.0,4096,1089,3.761248852157943,608,0.5583103764921947,0.1,1323.975063690301,3,1.2699004699210459,0.019625430516214588,0.24253495583884688,1.027365514082199,0.019625430516214497
spirals,A,blocks,25.0,16,25.0,4096,1089,3.761248852157943,848,0.7786960514233241,0.01,914.7470411759472,3,1.4807942724047793,0.06841497541605283,0.1310432304778304,1.3497510419269492,0.06841497541605283
spirals,B,blocks,25.0,16,25.0,4096,1089,3.761248852157943,608,0.5583103764921947,0.1,2242.106570361283,3,1.0396018917788024,0.010799148582888602,0.28376586866410064,0.755836023114702,0.010799148582888602
spots,A,blocks,25.0,16,25.0,4096,1089,3.761248852157943,848,0.7786960514233241,0.01,1214.9943418889152,3,1.9299918058729393,0.10789095144182904,0.20374030409797217,1.726251501774967,0.10789095144182904
spots,B,blocks,25.0,16,25.0,4096,1089,3.761248852157943,608,0.5583103764921947,0.1,2000.3328805482715,3,0.9737645993108458,0.024494298361390728,0.2615385291886721,0.7122260701221738,0.024494298361390724
worms,A,blocks,25.0,16,25.0,4096,1089,3.761248852157943,848,0.7786960514233241,0.01,1547.0830283958123,3,2.0692348704917625,0.10627954124807441,0.2365762019631167,1.8326586685286461,0.10627954124807441
worms,B,blocks,25.0,16,25.0,4096,1089,3.761248852157943,608,0.5583103764921947,0.1,2448.7484584840136,3,1.013338542979114,0.01661447981755791,0.3351919345254527,0.6781466084536613,0.01661447981755791
bubbles,A,blocks,10.0,16,10.15625,1664,1089,1.5280073461891643,484,0.4444444444444444,0.01,1719.218669672611,3,5.1124095006616495,0.026302629292262947,0.2434478710403647,4.8689616296212845,0.026302629292262947
bubbles,B,blocks,10.0,16,10.15625,1664,1089,1.5280073461891643,311,0.28558310376492196,0.1,3208.553159051208,3,0.9835256243087717,0.008830717968156078,0.3233261695706953,0.6601994547380764,0.008830717968156057
gliders,A,blocks,10.0,16,10.15625,1664,1089,1.5280073461891643,484,0.4444444444444444,0.01,743.2445904683785,3,2.712378096971763,0.011633965910845239,0.10261035442513168,2.6097677425466306,0.011633965910845239
gliders,B,blocks,10.0,16,10.15625,1664,1089,1.5280073461891643,311,0.28558310376492196,0.1,2447.8613489141358,3,1.035868118520337,0.006041393405195266,0.2460299144705538,0.789838204049783,0.006041393405195266
maze,A,blocks,10.0,16,10.15625,1664,1089,1.5280073461891643,484,0.4444444444444444,0.01,782.2903932085889,3,2.509488750947518,0.00516127831990071,0.19757140485628003,2.311917346091238,0.00516127831990071
maze,B,blocks,10.0,16,10.15625,1664,1089,1.5280073461891643,484,0.4444444444444444,0.01,1616.1454098947158,3,1.5532845703326716,0.005070016190186013,0.24253495583884688,1.3107496144938249,0.005070016190186094
spirals,A,blocks,10.0,16,10.15625,1664,1089,1.5280073461891643,484,0.4444444444444444,0.01,867.681229963087,3,2.0542722854798026,0.012051280177898301,0.1310432304778304,1.9232290550019722,0.012051280177898301
spirals,B,blocks,10.0,16,10.15625,1664,1089,1.5280073461891643,311,0.28558310376492196,0.1,2571.418963001559,3,1.2156975365480802,0.0035214333666768413,0.28376586866410064,0.9319316678839794,0.0035214333666768417
spots,A,blocks,10.0,16,10.15625,1664,1089,1.5280073461891643,484,0.4444444444444444,0.01,1338.7144631357148,3,2.7804311751867536,0.021432550188968644,0.20374030409797217,2.576690871088781,0.021432550188968644
spots,B,blocks,10.0,16,10.15625,1664,1089,1.5280073461891643,311,0.28558310376492196,0.1,2784.72019275401,3,1.1820304637954457,0.005369908142773002,0.2615385291886721,0.9204919346067738,0.005369908142773002
worms,A,blocks,10.0,16,10.15625,1664,1089,1.5280073461891643,484,0.4444444444444444,0.01,1497.8089931363713,3,2.6631608883237488,0.02880602839259813,0.2365762019631167,2.426584686360632,0.02880602839259813
worms,B,blocks,10.0,16,10.15625,1664,1089,1.5280073461891643,311,0.28558310376492196,0.1,2812.7253040937176,3,1.144130418463089,0.0036686695862042213,0.3351919345254527,0.8089384839376362,0.0036686695862042213
bubbles,A,blocks,5.0,16,5.078125,832,1089,0.7640036730945822,274,0.2516069788797062,0.01,1449.610375065373,3,6.119622520591977,0.0353420137665211,0.2434478710403647,5.876174649551611,0.0353420137665211
bubbles,B,blocks,5.0,16,5.078125,832,1089,0.7640036730945822,168,0.15426997245179064,0.1,2875.7684955383215,3,1.0017085686868326,0.011633323362255128,0.3233261695706953,0.6783823991161372,0.011633323362255137
gliders,A,blocks,5.0,16,5.078125,832,1089,0.7640036730945822,274,0.2516069788797062,0.01,282.9101298730661,3,3.2057950374477038,0.013373326783445784,0.10261035442513168,3.1031846830225724,0.013373326783445784
gliders,B,blocks,5.0,16,5.078125,832,1089,0.7640036730945822,168,0.15426997245179064,0.1,1002.841247361874,3,1.0952200095231757,0.004458541706501471,0.2460299144705538,0.8491900950526219,0.004458541706501471
maze,A,blocks,5.0,16,5.078125,832,1089,0.7640036730945822,274,0.2516069788797062,0.01,509.867639487333,3,2.982231654179239,0.00478159489884991,0.19757140485628003,2.784660249322959,0.00478159489884991
maze,B,blocks,5.0,16,5.078125,832,1089,0.7640036730945822,274,0.2516069788797062,0.01,1117.208471876728,3,1.6866999740894875,0.014607610653201713,0.24253495583884688,1.4441650182506407,0.014607610653201725
spirals,A,blocks,5.0,16,5.078125,832,1089,0.7640036730945822,274,0.2516069788797062,0.01,358.4907191245431,3,2.386675972923291,0.023983929719784053,0.1310432304778304,2.255632742445461,0.02398392971978415
spirals,B,blocks,5.0,16,5.078125,832,1089,0.7640036730945822,168,0.15426997245179064,0.1,1146.5075071724716,3,1.2827624839123597,0.005574503981148101,0.28376586866410064,0.998996615248259,0.005574503981148101
spots,A,blocks,5.0,16,5.078125,832,1089,0.7640036730945822,274,0.2516069788797062,0.01,741.0128857545097,3,3.2555953254899883,0.003041777318909955,0.20374030409797217,3.0518550213920155,0.003041777318909842
spots,B,blocks,5.0,16,5.078125,832,1089,0.7640036730945822,168,0.15426997245179064,0.1,1635.0913056787995,3,1.2773053048007144,0.0006308678991713616,0.2615385291886721,1.0157667756120423,0.0006308678991713616
worms,A,blocks,5.0,16,5.078125,832,1089,0.7640036730945822,274,0.2516069788797062,0.01,766.9291942972646,3,3.0416925438323346,0.013731656468899817,0.2365762019631167,2.8051163418692178,0.013731656468899817
worms,B,blocks,5.0,16,5.078125,832,1089,0.7640036730945822,168,0.15426997245179064,0.1,1597.5118183052637,3,1.19790704268915,0.001805384897941812,0.3351919345254527,0.8627151081636973,0.001805384897941812
bubbles,A,blocks,2.0,16,1.953125,320,1089,0.2938475665748393,104,0.09550045913682277,0.01,344.17980030365646,3,6.9554153759600865,0.010077162578410325,0.2434478710403647,6.7119675049197225,0.010077162578410325
bubbles,B,blocks,2.0,16,1.953125,320,1089,0.2938475665748393,63,0.05785123966942149,0.1,719.7631589949359,3,1.0279499265039478,0.003861701543892869,0.3233261695706953,0.7046237569332526,0.003861701543892869
gliders,A,blocks,2.0,16,1.953125,320,1089,0.2938475665748393,104,0.09550045913682277,0.01,128.650390845031,3,3.661340467219435,0.010786489659476331,0.10261035442513168,3.558730112794303,0.010786489659476333
gliders,B,blocks,2.0,16,1.953125,320,1089,0.2938475665748393,63,0.05785123966942149,0.1,492.62923159657333,3,1.130815379140161,0.003371862497447591,0.2460299144705538,0.8847854646696072,0.003371862497447591
maze,A,blocks,2.0,16,1.953125,320,1089,0.2938475665748393,104,0.09550045913682277,0.01,279.43244095480645,3,3.3920471286812863,0.00888892998658585,0.19757140485628003,3.1944757238250063,0.00888892998658585
maze,B,blocks,2.0,16,1.953125,320,1089,0.2938475665748393,104,0.09550045913682277,0.01,631.4125702565021,3,1.8381765302606439,0.006057003249989159,0.24253495583884688,1.5956415744217969,0.006057003249989159
spirals,A,blocks,2.0,16,1.953125,320,1089,0.2938475665748393,104,0.09550045913682277,0.01,176.77904337917403,3,2.6507333173073313,0.011221732282686489,0.1310432304778304,2.519690086829501,0.011221732282686496
spirals,B,blocks,2.0,16,1.953125,320,1089,0.2938475665748393,63,0.05785123966942149,0.1,594.3578837991009,3,1.3483562999571144,0.004146021576698719,0.28376586866410064,1.064590431293014,0.004146021576698719
spots,A,blocks,2.0,16,1.953125,320,1089,0.2938475665748393,104,0.09550045913682277,0.01,402.1095967998458,3,3.7003384976278646,0.0066554198792658295,0.20374030409797217,3.4965981935298927,0.006655419879265728
spots,B,blocks,2.0,16,1.953125,320,1089,0.2938475665748393,63,0.05785123966942149,0.1,897.1396319469374,3,1.3484563585930072,0.004613202466978372,0.2615385291886721,1.086917829404335,0.004613202466978372
worms,A,blocks,2.0,16,1.953125,320,1089,0.2938475665748393,104,0.09550045913682277,0.01,334.4109272585145,3,3.393730770209905,0.01667597165278159,0.2365762019631167,3.1571545682467885,0.01667597165278159
worms,B,blocks,2.0,16,1.953125,320,1089,0.2938475665748393,63,0.05785123966942149,0.1,770.53785003986,3,1.2427116762626902,0.003116555088734688,0.3351919345254527,0.9075197417372376,0.003116555088734688
bubbles,A,blocks,1.0,16,1.171875,192,1089,0.1763085399449036,66,0.06060606060606061,0.01,351.9515684982382,3,7.188300567210454,0.013753429389696191,0.2434478710403647,6.944852696170088,0.013753429389696191
bubbles,B,blocks,1.0,16,1.171875,192,1089,0.1763085399449036,39,0.03581267217630854,0.1,727.1953716776761,3,1.0351936168097475,0.0030314090606425835,0.3233261695706953,0.7118674472390522,0.0030314090606425835
gliders,A,blocks,1.0,16,1.171875,192,1089,0.1763085399449036,66,0.06060606060606061,0.01,70.65936834822958,3,3.765336922107741,0.0032900925487637134,0.10261035442513168,3.662726567682609,0.0032900925487637134
gliders,B,blocks,1.0,16,1.171875,192,1089,0.1763085399449036,39,0.03581267217630854,0.1,282.7727430911961,3,1.1419818644088808,0.0013667089878819886,0.2460299144705538,0.8959519499383269,0.0013667089878819886
maze,A,blocks,1.0,16,1.171875,192,1089,0.1763085399449036,66,0.06060606060606061,0.01,167.9499382022437,3,3.5056983800776695,0.009046890468075207,0.19757140485628003,3.3081269752213895,0.009046890468075207
maze,B,blocks,1.0,16,1.171875,192,1089,0.1763085399449036,66,0.06060606060606061,0.01,382.8471642441964,3,1.8878857378488576,0.007154048157427063,0.24253495583884688,1.645350782010011,0.007154048157427166
spirals,A,blocks,1.0,16,1.171875,192,1089,0.1763085399449036,66,0.06060606060606061,0.01,88.3738259493211,3,2.7292095247677906,0.010209570571478747,0.1310432304778304,2.59816629428996,0.0102095705714786
spirals,B,blocks,1.0,16,1.171875,192,1089,0.1763085399449036,39,0.03581267217630854,0.1,311.65347074880094,3,1.3603436042092187,0.0027364876577281893,0.28376586866410064,1.0765777355451183,0.0027364876577281893
spots,A,blocks,1.0,16,1.171875,192,1089,0.1763085399449036,66,0.06060606060606061,0.01,320.4495790289155,3,3.8140570345411393,0.006378982463814588,0.20374030409797217,3.610316730443167,0.00637898246381456
spots,B,blocks,1.0,16,1.171875,192,1089,0.1763085399449036,39,0.03581267217630854,0.1,714.0985902292429,3,1.3672009983681461,0.0010398725104928408,0.2615385291886721,1.1056624691794743,0.0010398725104928408
worms,A,blocks,1.0,16,1.171875,192,1089,0.1763085399449036,66,0.06060606060606061,0.01,253.62286172465562,3,3.4940549848234443,0.010114461634015918,0.2365762019631167,3.257478782860327,0.010114461634015918
worms,B,blocks,1.0,16,1.171875,192,1089,0.1763085399449036,39,0.03581267217630854,0.1,600.9923932956358,3,1.2561174609420256,0.002076718351988704,0.3351919345254527,0.9209255264165729,0.002076718351988704
bubbles,A,grid,50.0,16,100.0,16384,1089,15.044995408631772,1089,1.0,1e-06,0.0,3,0.2434478710403647,0.0,0.2434478710403647,0.0,0.0
bubbles,B,grid,50.0,16,100.0,16384,1089,15.044995408631772,1089,1.0,1e-06,0.0,3,0.3233261695706953,0.0,0.3233261695706953,0.0,0.0
gliders,A,grid,50.0,16,100.0,16384,1089,15.044995408631772,1089,1.0,1e-06,0.0,3,0.10261035442513168,0.0,0.10261035442513168,0.0,0.0
gliders,B,grid,50.0,16,100.0,16384,1089,15.044995408631772,1089,1.0,1e-06,0.0,3,0.2460299144705538,0.0,0.2460299144705538,0.0,0.0
maze,A,grid,50.0,16,100.0,16384,1089,15.044995408631772,1089,1.0,1e-06,0.0,3,0.19757140485628003,0.0,0.19757140485628003,0.0,0.0
maze,B,grid,50.0,16,100.0,16384,1089,15.044995408631772,1089,1.0,1e-06,0.0,3,0.24253495583884688,0.0,0.24253495583884688,0.0,0.0
spirals,A,grid,50.0,16,100.0,16384,1089,15.044995408631772,1089,1.0,1e-06,0.0,3,0.1310432304778304,0.0,0.1310432304778304,0.0,0.0
spirals,B,grid,50.0,16,100.0,16384,1089,15.044995408631772,1089,1.0,1e-06,0.0,3,0.28376586866410064,0.0,0.28376586866410064,0.0,0.0
spots,A,grid,50.0,16,100.0,16384,1089,15.044995408631772,1089,1.0,1e-06,0.0,3,0.20374030409797217,0.0,0.20374030409797217,0.0,0.0
spots,B,grid,50.0,16,100.0,16384,1089,15.044995408631772,1089,1.0,1e-06,0.0,3,0.2615385291886721,0.0,0.2615385291886721,0.0,0.0
worms,A,grid,50.0,16,100.0,16384,1089,15.044995408631772,1089,1.0,1e-06,0.0,3,0.2365762019631167,0.0,0.2365762019631167,0.0,0.0
worms,B,grid,50.0,16,100.0,16384,1089,15.044995408631772,1089,1.0,1e-06,0.0,3,0.33519193452545276,5.551115123125783e-17,0.3351919345254527,0.0,0.0
bubbles,A,grid,25.0,16,25.0,4096,1089,3.761248852157943,1089,1.0,1e-06,0.0,3,0.24386476280221422,6.3121685220692986e-06,0.2434478710403647,0.0004168917618495027,6.3121685220692986e-06
bubbles,B,grid,25.0,16,25.0,4096,1089,3.761248852157943,1089,1.0,1e-06,0.0,3,0.3246799859526417,2.1366100148606176e-05,0.3233261695706953,0.0013538163819463527,2.1366100148606176e-05
gliders,A,grid,25.0,16,25.0,4096,1089,3.761248852157943,1089,1.0,1e-06,0.0,3,0.10263238692943695,8.080371850582608e-07,0.10261035442513168,2.2032504305278627e-05,8.080371850582608e-07
gliders,B,grid,25.0,16,25.0,4096,1089,3.761248852157943,1089,1.0,1e-06,0.0,3,0.24618494317715964,5.611258458918616e-06,0.2460299144705538,0.0001550287066058309,5.611258458918616e-06
maze,A,grid,25.0,16,25.0,4096,1089,3.761248852157943,1089,1.0,1e-06,0.0,3,0.197595188911192,3.581397990676719e-07,0.19757140485628003,2.3784054911962782e-05,3.581397990676719e-07
maze,B,grid,25.0,16,25.0,4096,1089,3.761248852157943,1089,1.0,1e-06,0.0,3,0.24264324980972693,1.6669974618643464e-06,0.24253495583884688,0.00010829397088003383,1.6669974618643464e-06
spirals,A,grid,25.0,16,25.0,4096,1089,3.761248852157943,1089,1.0,1e-06,0.0,3,0.13107784503424563,3.813317197561443e-08,0.1310432304778304,3.461455641523559e-05,3.813317197561443e-08
spirals,B,grid,25.0,16,25.0,4096,1089,3.761248852157943,1089,1.0,1e-06,0.0,3,0.2839807851543927,3.1035178704233295e-07,0.28376586866410064,0.00021491649029202012,3.1035178704233295e-07
spots,A,grid,25.0,16,25.0,4096,1089,3.761248852157943,1089,1.0,1e-06,0.0,3,0.20381648510957487,5.014818262025558e-07,0.20374030409797217,7.618101160269027e-05,5.014818262025558e-07
spots,B,grid,25.0,16,25.0,4096,1089,3.761248852157943,1089,1.0,1e-06,0.0,3,0.26187672243713717,2.2368703558003177e-06,0.2615385291886721,0.00033819324846505,2.2368703558003177e-06
worms,A,grid,25.0,16,25.0,4096,1089,3.761248852157943,1089,1.0,1e-06,0.0,3,0.23670508025402962,1.2666400925064912e-06,0.2365762019631167,0.00012887829091292233,1.2666400925064912e-06
worms,B,grid,25.0,16,25.0,4096,1089,3.761248852157943,1089,1.0,1e-06,0.0,3,0.3357316540248239,5.9149401770190915e-06,0.3351919345254527,0.0005397194993712421,5.9149401770190915e-06
bubbles,A,grid,10.0,16,11.02294921875,1806,1089,1.6584022038567494,1089,1.0,1e-06,0.0,3,0.2565626933602341,0.0017893377133823692,0.2434478710403647,0.01311482231986936,0.0017893377133823692
bubbles,B,grid,10.0,16,11.02294921875,1806,1089,1.6584022038567494,1089,1.0,1e-06,0.0,3,0.3462679066422138,0.0023170502411597083,0.3233261695706953,0.022941737071518475,0.0023170502411597083
gliders,A,grid,10.0,16,11.02294921875,1806,1089,1.6584022038567494,1089,1.0,1e-06,0.0,3,0.10999828675650675,0.0014428393569889527,0.10261035442513168,0.007387932331375066,0.0014428393569889527
gliders,B,grid,10.0,16,11.02294921875,1806,1089,1.6584022038567494,1089,1.0,1e-06,0.0,3,0.27070333482310066,0.0035565239990967166,0.2460299144705538,0.024673420352546892,0.0035565239990967166
maze,A,grid,10.0,16,11.02294921875,1806,1089,1.6584022038567494,1089,1.0,1e-06,0.0,3,0.20511121189247053,0.0015842927261086146,0.19757140485628003,0.007539807036190523,0.0015842927261086148
maze,B,grid,10.0,16,11.02294921875,1806,1089,1.6584022038567494,1089,1.0,1e-06,0.0,3,0.25510352740633974,0.0019653108973626252,0.24253495583884688,0.01256857156749284,0.0019653108973626252
spirals,A,grid,10.0,16,11.02294921875,1806,1089,1.6584022038567494,1089,1.0,1e-06,0.0,3,0.1388302919827695,0.0015918612931741006,0.1310432304778304,0.007787061504939102,0.0015918612931741006
spirals,B,grid,10.0,16,11.02294921875,1806,1089,1.6584022038567494,1089,1.0,1e-06,0.0,3,0.30656994402928334,0.0033751986576288345,0.28376586866410064,0.022804075365182697,0.0033751986576288345
spots,A,grid,10.0,16,11.02294921875,1806,1089,1.6584022038567494,1089,1.0,1e-06,0.0,3,0.21283647204104897,0.0019253160277731903,0.20374030409797217,0.009096167943076808,0.0019253160277731903
spots,B,grid,10.0,16,11.02294921875,1806,1089,1.6584022038567494,1089,1.0,1e-06,0.0,3,0.280829196212641,0.0024933862677541585,0.2615385291886721,0.019290667023968883,0.0024933862677541585
worms,A,grid,10.0,16,11.02294921875,1806,1089,1.6584022038567494,1089,1.0,1e-06,0.0,3,0.24900881516689835,0.00320671848693612,0.2365762019631167,0.01243261320378164,0.00320671848693612
worms,B,grid,10.0,16,11.02294921875,1806,1089,1.6584022038567494,1089,1.0,1e-06,0.0,3,0.35869756994508034,0.004476264636649849,0.3351919345254527,0.023505635419627673,0.004476264636649849
bubbles,A,grid,5.0,16,6.25,1024,1089,0.9403122130394858,1024,0.9403122130394858,1e-06,0.0,3,0.35660212619413595,0.0030183896658045905,0.2434478710403647,0.1131542551537713,0.0030183896658045905
bubbles,B,grid,5.0,16,6.25,1024,1089,0.9403122130394858,1024,0.9403122130394858,1e-06,0.0,3,0.4702630466296624,0.0032356999533124054,0.3233261695706953,0.1469368770589671,0.0032356999533124054
gliders,A,grid,5.0,16,6.25,1024,1089,0.9403122130394858,1024,0.9403122130394858,1e-06,0.0,3,0.15245856793064338,0.0007808853788591672,0.10261035442513168,0.0498482135055117,0.0007808853788591672
gliders,B,grid,5.0,16,6.25,1024,1089,0.9403122130394858,1024,0.9403122130394858,1e-06,0.0,3,0.35824783925384507,0.0014055561695620524,0.2460299144705538,0.11221792478329125,0.0014055561695620524
maze,A,grid,5.0,16,6.25,1024,1089,0.9403122130394858,1024,0.9403122130394858,1e-06,0.0,3,0.33250411822285303,0.0021697915689472378,0.19757140485628003,0.13493271336657298,0.002169791568947238
maze,B,grid,5.0,16,6.25,1024,1089,0.9403122130394858,1024,0.9403122130394858,1e-06,0.0,3,0.3951950882682278,0.0019371380155681166,0.24253495583884688,0.15266013242938095,0.0019371380155681166
spirals,A,grid,5.0,16,6.25,1024,1089,0.9403122130394858,1024,0.9403122130394858,1e-06,0.0,3,0.1940256049907841,0.0008339280173994699,0.1310432304778304,0.0629823745129537,0.0008339280173994699
spirals,B,grid,5.0,16,6.25,1024,1089,0.9403122130394858,1024,0.9403122130394858,1e-06,0.0,3,0.4141233355899982,0.0015352433623206433,0.28376586866410064,0.1303574669258975,0.0015352433623206433
spots,A,grid,5.0,16,6.25,1024,1089,0.9403122130394858,1024,0.9403122130394858,1e-06,0.0,3,0.34734531621539594,0.0035522403365777174,0.20374030409797217,0.1436050121174238,0.0035522403365777174
spots,B,grid,5.0,16,6.25,1024,1089,0.9403122130394858,1024,0.9403122130394858,1e-06,0.0,3,0.42388651441015507,0.0037640554089030595,0.2615385291886721,0.16234798522148292,0.0037640554089030595
worms,A,grid,5.0,16,6.25,1024,1089,0.9403122130394858,1024,0.9403122130394858,1e-06,0.0,3,0.35090254744358246,0.0006113690384975976,0.2365762019631167,0.11432634548046572,0.0006113690384975976
worms,B,grid,5.0,16,6.25,1024,1089,0.9403122130394858,1024,0.9403122130394858,1e-06,0.0,3,0.4900921751053052,0.0008835519361290316,0.3351919345254527,0.1549002405798525,0.0008835519361290316
bubbles,A,grid,2.0,16,1.9775390625,324,1089,0.2975206611570248,324,0.2975206611570248,1e-06,0.0,3,1.2522620154064101,0.03397905004586735,0.2434478710403647,1.0088141443660454,0.03397905004586735
bubbles,B,grid,2.0,16,1.9775390625,324,1089,0.2975206611570248,324,0.2975206611570248,1e-06,0.0,3,0.8483039755392588,0.0025990112461771364,0.3233261695706953,0.5249778059685636,0.002599011246177188
gliders,A,grid,2.0,16,1.9775390625,324,1089,0.2975206611570248,324,0.2975206611570248,1e-06,0.0,3,0.924663916736816,0.014925528298729894,0.10261035442513168,0.8220535623116844,0.014925528298729894
gliders,B,grid,2.0,16,1.9775390625,324,1089,0.2975206611570248,324,0.2975206611570248,1e-06,0.0,3,0.8619500910853088,0.005656457555813819,0.2460299144705538,0.615920176614755,0.005656457555813819
maze,A,grid,2.0,16,1.9775390625,324,1089,0.2975206611570248,324,0.2975206611570248,1e-06,0.0,3,0.9616970457478433,0.007603217639025774,0.19757140485628003,0.7641256408915633,0.007603217639025774
maze,B,grid,2.0,16,1.9775390625,324,1089,0.2975206611570248,324,0.2975206611570248,1e-06,0.0,3,0.9049865361081156,0.0006159217096208768,0.24253495583884688,0.6624515802692686,0.0006159217096208768
spirals,A,grid,2.0,16,1.9775390625,324,1089,0.2975206611570248,324,0.2975206611570248,1e-06,0.0,3,0.8602610714637188,0.011962766208545831,0.1310432304778304,0.7292178409858883,0.011962766208545831
spirals,B,grid,2.0,16,1.9775390625,324,1089,0.2975206611570248,324,0.2975206611570248,1e-06,0.0,3,0.8381593540586314,0.00024206977494958896,0.28376586866410064,0.5543934853945308,0.00024206977494958896
spots,A,grid,2.0,16,1.9775390625,324,1089,0.2975206611570248,324,0.2975206611570248,1e-06,0.0,3,0.9946565178781253,0.010889369528998908,0.20374030409797217,0.790916213780153,0.010889369528998908
spots,B,grid,2.0,16,1.9775390625,324,1089,0.2975206611570248,324,0.2975206611570248,1e-06,0.0,3,0.8874990920587823,0.003570666535036352,0.2615385291886721,0.6259605628701101,0.003570666535036332
worms,A,grid,2.0,16,1.9775390625,324,1089,0.2975206611570248,324,0.2975206611570248,1e-06,0.0,3,0.934843244187924,0.015861467954916178,0.2365762019631167,0.6982670422248073,0.015861467954916178
worms,B,grid,2.0,16,1.9775390625,324,1089,0.2975206611570248,324,0.2975206611570248,1e-06,0.0,3,0.8774280785036909,0.006659827252567302,0.3351919345254527,0.5422361439782382,0.006659827252567302
bubbles,A,grid,1.0,16,1.031494140625,169,1089,0.155188246097337,169,0.155188246097337,1e-06,0.0,3,6.405830366379081,0.002230183101741152,0.2434478710403647,6.162382495338715,0.002230183101741152
bubbles,B,grid,1.0,16,1.031494140625,169,1089,0.155188246097337,169,0.155188246097337,1e-06,0.0,3,0.9600793036651902,0.0026874357924513105,0.3233261695706953,0.6367531340944949,0.002687435792451329
gliders,A,grid,1.0,16,1.031494140625,169,1089,0.155188246097337,169,0.155188246097337,1e-06,0.0,3,3.373288388037313,0.0006223503207584831,0.10261035442513168,3.2706780336121817,0.0006223503207584831
gliders,B,grid,1.0,16,1.031494140625,169,1089,0.155188246097337,169,0.155188246097337,1e-06,0.0,3,1.038523853904394,0.0016345645477182475,0.2460299144705538,0.7924939394338403,0.0016345645477182475
maze,A,grid,1.0,16,1.031494140625,169,1089,0.155188246097337,169,0.155188246097337,1e-06,0.0,3,3.129305184966737,0.0015906778460275492,0.19757140485628003,2.931733780110457,0.0015906778460275492
maze,B,grid,1.0,16,1.031494140625,169,1089,0.155188246097337,169,0.155188246097337,1e-06,0.0,3,1.7039061182771782,0.0035064955842147613,0.24253495583884688,1.4613711624383312,0.00350649558421481
spirals,A,grid,1.0,16,1.031494140625,169,1089,0.155188246097337,169,0.155188246097337,1e-06,0.0,3,2.4514278565004175,0.0028839201938260744,0.1310432304778304,2.320384626022587,0.0028839201938262774
spirals,B,grid,1.0,16,1.031494140625,169,1089,0.155188246097337,169,0.155188246097337,1e-06,0.0,3,1.2237459626493687,0.002338935579474023,0.28376586866410064,0.9399800939852682,0.002338935579474023
spots,A,grid,1.0,16,1.031494140625,169,1089,0.155188246097337,169,0.155188246097337,1e-06,0.0,3,3.4046672061409446,0.0005765586352574542,0.20374030409797217,3.2009269020429727,0.0005765586352574542
spots,B,grid,1.0,16,1.031494140625,169,1089,0.155188246097337,169,0.155188246097337,1e-06,0.0,3,1.2475536773294416,0.0034853005590653506,0.2615385291886721,0.9860151481407696,0.0034853005590653506
worms,A,grid,1.0,16,1.031494140625,169,1089,0.155188246097337,169,0.155188246097337,1e-06,0.0,3,3.1216796929103308,0.004519713165611525,0.2365762019631167,2.8851034909472144,0.004519713165611524
worms,B,grid,1.0,16,1.031494140625,169,1089,0.155188246097337,169,0.155188246097337,1e-06,0.0,3,1.1452087606495034,0.001986731342420209,0.3351919345254527,0.8100168261240506,0.001986731342420209
bubbles,A,random,50.0,16,50.0,8192,1089,7.522497704315886,1089,1.0,1e-06,0.0,3,0.2546718483213686,0.00038148141165889445,0.2434478710403647,0.011223977281003883,0.00038148141165889445
bubbles,B,random,50.0,16,50.0,8192,1089,7.522497704315886,1089,1.0,1e-06,0.0,3,0.33817787415043393,0.0004988950621996443,0.3233261695706953,0.014851704579738612,0.0004988950621996443
gliders,A,random,50.0,16,50.0,8192,1089,7.522497704315886,1089,1.0,1e-06,0.0,3,0.10715901939244177,6.345398870990342e-05,0.10261035442513168,0.004548664967310073,6.345398870990342e-05
gliders,B,random,50.0,16,50.0,8192,1089,7.522497704315886,1089,1.0,1e-06,0.0,3,0.25678362360865487,0.0002534881262698694,0.2460299144705538,0.01075370913810104,0.0002534881262698694
maze,A,random,50.0,16,50.0,8192,1089,7.522497704315886,1089,1.0,1e-06,0.0,3,0.20683666996181618,0.0002923181189500178,0.19757140485628003,0.009265265105536139,0.0002923181189500178
maze,B,random,50.0,16,50.0,8192,1089,7.522497704315886,1089,1.0,1e-06,0.0,3,0.2538324444042017,0.00030185005727820886,0.24253495583884688,0.011297488565354822,0.00030185005727820886
spirals,A,random,50.0,16,50.0,8192,1089,7.522497704315886,1089,1.0,1e-06,0.0,3,0.1369956313893165,0.00028166046453694785,0.1310432304778304,0.005952400911486105,0.00028166046453694785
spirals,B,random,50.0,16,50.0,8192,1089,7.522497704315886,1089,1.0,1e-06,0.0,3,0.29650429782631876,0.0005580000607653637,0.28376586866410064,0.012738429162218104,0.0005580000607653637
spots,A,random,50.0,16,50.0,8192,1089,7.522497704315886,1089,1.0,1e-06,0.0,3,0.21298817845853266,0.00024269325394027098,0.20374030409797217,0.009247874360560479,0.00024269325394027095
spots,B,random,50.0,16,50.0,8192,1089,7.522497704315886,1089,1.0,1e-06,0.0,3,0.27318262940285426,0.0002877602604666801,0.2615385291886721,0.011644100214182143,0.00028776026046668004
worms,A,random,50.0,16,50.0,8192,1089,7.522497704315886,1089,1.0,1e-06,0.0,3,0.24746387095115496,0.000469177514559529,0.2365762019631167,0.01088766898803826,0.000469177514559529
worms,B,random,50.0,16,50.0,8192,1089,7.522497704315886,1089,1.0,1e-06,0.0,3,0.3504027522603372,0.0006622249518195905,0.3351919345254527,0.015210817734884419,0.0006622249518195905
bubbles,A,random,25.0,16,25.0,4096,1089,3.761248852157943,1089,1.0,1e-06,0.0,3,0.28726287098668657,0.004252912949113724,0.2434478710403647,0.043814999946321855,0.004252912949113724
bubbles,B,random,25.0,16,25.0,4096,1089,3.761248852157943,1089,1.0,1e-06,0.0,3,0.38050578909043625,0.005309221981248964,0.3233261695706953,0.05717961951974091,0.005309221981248964
gliders,A,random,25.0,16,25.0,4096,1089,3.761248852157943,1089,1.0,1e-06,0.0,3,0.12124525549737171,0.0011641990267254986,0.10261035442513168,0.018634901072240046,0.0011641990267254986
gliders,B,random,25.0,16,25.0,4096,1089,3.761248852157943,1089,1.0,1e-06,0.0,3,0.2893588663111385,0.002619274582627042,0.2460299144705538,0.04332895184058469,0.002619274582627042
maze,A,random,25.0,16,25.0,4096,1089,3.761248852157943,1089,1.0,1e-06,0.0,3,0.23657842492042283,0.00288194326566876,0.19757140485628003,0.039007020064142826,0.00288194326566876
maze,B,random,25.0,16,25.0,4096,1089,3.761248852157943,1089,1.0,1e-06,0.0,3,0.289551622703942,0.0031349164646204976,0.24253495583884688,0.047016666865095126,0.0031349164646204976
spirals,A,random,25.0,16,25.0,4096,1089,3.761248852157943,1089,1.0,1e-06,0.0,3,0.15490358342636867,0.0012220977385943724,0.1310432304778304,0.023860352948538277,0.0012220977385943724
spirals,B,random,25.0,16,25.0,4096,1089,3.761248852157943,1089,1.0,1e-06,0.0,3,0.3341572984232501,0.0020512537767043803,0.28376586866410064,0.05039142975914938,0.0020512537767043803
spots,A,random,25.0,16,25.0,4096,1089,3.761248852157943,1089,1.0,1e-06,0.0,3,0.24220505593177852,0.0029132803432250325,0.20374030409797217,0.03846475183380633,0.0029132803432250325
spots,B,random,25.0,16,25.0,4096,1089,3.761248852157943,1089,1.0,1e-06,0.0,3,0.3091984305230932,0.003324669867277639,0.2615385291886721,0.04765990133442107,0.0033246698672776396
worms,A,random,25.0,16,25.0,4096,1089,3.761248852157943,1089,1.0,1e-06,0.0,3,0.2776042632611928,0.0015777106459800164,0.2365762019631167,0.041028061298076096,0.0015777106459800164
worms,B,random,25.0,16,25.0,4096,1089,3.761248852157943,1089,1.0,1e-06,0.0,3,0.3917587234513836,0.0019702747122068574,0.3351919345254527,0.05656678892593089,0.001970274712206857
bubbles,A,random,10.0,16,9.99755859375,1638,1089,1.5041322314049588,1089,1.0,1e-06,0.39567722530507793,3,0.7079436894706351,0.10243047398165894,0.2434478710403647,0.46449581843027055,0.10243047398165894
bubbles,B,random,10.0,16,9.99755859375,1638,1089,1.5041322314049588,1039,0.9540863177226814,0.1,0.295084859609443,3,0.6283237664235556,0.01118278156666114,0.3233261695706953,0.30499759685286026,0.01118278156666114
gliders,A,random,10.0,16,9.99755859375,1638,1089,1.5041322314049588,1089,1.0,1e-06,0.3087657872802077,3,0.2887047692373194,0.042586793455807764,0.10261035442513168,0.18609441481218778,0.042586793455807764
gliders,B,random,10.0,16,9.99755859375,1638,1089,1.5041322314049588,1039,0.9540863177226814,0.1,0.17658821321070714,3,0.5035446148963485,0.015117333202052377,0.2460299144705538,0.2575147004257947,0.015117333202052387
maze,A,random,10.0,16,9.99755859375,1638,1089,1.5041322314049588,1089,1.0,1e-06,0.034065074483068614,3,0.6002173273495522,0.05706917532043541,0.19757140485628003,0.4026459224932723,0.05706917532043541
maze,B,random,10.0,16,9.99755859375,1638,1089,1.5041322314049588,1039,0.9540863177226814,0.1,0.19100448895106473,3,0.5416207079451796,0.014591287813811863,0.24253495583884688,0.2990857521063327,0.014591287813811863
spirals,A,random,10.0,16,9.99755859375,1638,1089,1.5041322314049588,1089,1.0,1e-06,0.12829442195261465,3,0.37362577560697874,0.04485306350023183,0.1310432304778304,0.2425825451291483,0.04485306350023183
spirals,B,random,10.0,16,9.99755859375,1638,1089,1.5041322314049588,1039,0.9540863177226814,0.1,0.2194062430762247,3,0.5789499442177931,0.017105629614575322,0.28376586866410064,0.2951840755536925,0.017105629614575322
spots,A,random,10.0,16,9.99755859375,1638,1089,1.5041322314049588,1089,1.0,1e-06,0.08634720682698827,3,0.6070690306856402,0.07683822367694235,0.20374030409797217,0.4033287265876681,0.07683822367694235
spots,B,random,10.0,16,9.99755859375,1638,1089,1.5041322314049588,1039,0.9540863177226814,0.1,0.26298933733382573,3,0.5354219721074982,0.013884194715770988,0.2615385291886721,0.2738834429188261,0.013884194715770988
worms,A,random,10.0,16,9.99755859375,1638,1089,1.5041322314049588,1039,0.9540863177226814,0.1,0.03317356976845535,3,0.6499614108623973,0.03303341307100367,0.2365762019631167,0.4133852088992807,0.03303341307100367
worms,B,random,10.0,16,9.99755859375,1638,1089,1.5041322314049588,1039,0.9540863177226814,0.1,0.2492640994119393,3,0.6688059451909577,0.003733922648209526,0.3351919345254527,0.33361401066550506,0.003733922648209526
bubbles,A,random,5.0,16,4.998779296875,819,1089,0.7520661157024794,813,0.7465564738292011,0.01,0.2740284670179361,3,2.6481432096084023,0.04433225843107187,0.2434478710403647,2.4046953385680374,0.044332258431071705
bubbles,B,random,5.0,16,4.998779296875,819,1089,0.7520661157024794,722,0.6629935720844812,0.1,0.6474583278980547,3,0.7761273214210616,0.009929079069457884,0.3233261695706953,0.4528011518503663,0.009929079069457884
gliders,A,random,5.0,16,4.998779296875,819,1089,0.7520661157024794,813,0.7465564738292011,0.01,0.16857636225601694,3,1.3995936492635666,0.03297352108148399,0.10261035442513168,1.2969832948384346,0.03297352108148399
gliders,B,random,5.0,16,4.998779296875,819,1089,0.7520661157024794,722,0.6629935720844812,0.1,0.4371205978478341,3,0.7381110890083419,0.005030291692023581,0.2460299144705538,0.49208117453778816,0.005030291692023581
maze,A,random,5.0,16,4.998779296875,819,1089,0.7520661157024794,813,0.7465564738292011,0.01,0.11533053099363492,3,1.3773022939166273,0.024275283419650937,0.19757140485628003,1.1797308890603473,0.024275283419650937
maze,B,random,5.0,16,4.998779296875,819,1089,0.7520661157024794,722,0.6629935720844812,0.1,0.08547383001281177,3,0.9469063814413466,0.01988714134180221,0.24253495583884688,0.7043714256024997,0.01988714134180221
spirals,A,random,5.0,16,4.998779296875,819,1089,0.7520661157024794,813,0.7465564738292011,0.01,0.07701867924832391,3,1.1231613444097455,0.03574987963247796,0.1310432304778304,0.9921181139319147,0.03574987963247796
spirals,B,random,5.0,16,4.998779296875,819,1089,0.7520661157024794,722,0.6629935720844812,0.1,0.41186048554867244,3,0.8248361365692366,0.00596935234597959,0.28376586866410064,0.5410702679051359,0.005969352345979615
spots,A,random,5.0,16,4.998779296875,819,1089,0.7520661157024794,813,0.7465564738292011,0.01,0.11302099088027735,3,1.4773309989087888,0.030079006082895238,0.20374030409797217,1.2735906948108164,0.030079006082895238
spots,B,random,5.0,16,4.998779296875,819,1089,0.7520661157024794,722,0.6629935720844812,0.1,0.32174104288727795,3,0.8023523979690105,0.011864445988117832,0.2615385291886721,0.5408138687803384,0.011864445988117861
worms,A,random,5.0,16,4.998779296875,819,1089,0.7520661157024794,813,0.7465564738292011,0.01,0.05202997770255102,3,1.4639339428183664,0.03759511862005715,0.2365762019631167,1.2273577408552496,0.03759511862005715
worms,B,random,5.0,16,4.998779296875,819,1089,0.7520661157024794,722,0.6629935720844812,0.1,0.5274147408139892,3,0.8352657391179816,0.006869915492080258,0.3351919345254527,0.5000738045925289,0.006869915492080258
bubbles,A,random,2.0,16,2.001953125,328,1089,0.3011937557392103,328,0.3011937557392103,1e-06,0.0036432847707749496,3,5.0401242494452445,0.09048689593880453,0.2434478710403647,4.79667637840488,0.09048689593880453
bubbles,B,random,2.0,16,2.001953125,328,1089,0.3011937557392103,327,0.3002754820936639,0.1,0.0013716367872058284,3,0.9224549964298854,0.015438666291581122,0.3233261695706953,0.5991288268591901,0.01543866629158112
gliders,A,random,2.0,16,2.001953125,328,1089,0.3011937557392103,328,0.3011937557392103,1e-06,0.0017507820556496394,3,2.6820628028904543,0.041067603693289746,0.10261035442513168,2.579452448465322,0.041067603693289746
gliders,B,random,2.0,16,2.001953125,328,1089,0.3011937557392103,328,0.3011937557392103,1e-06,0.0003293545489843064,3,0.9525277133296739,0.005795275375318721,0.2460299144705538,0.7064977988591202,0.005795275375318721
maze,A,random,2.0,16,2.001953125,328,1089,0.3011937557392103,328,0.3011937557392103,1e-06,0.0011506509713997322,3,2.5017270763240975,0.04497897328898052,0.19757140485628003,2.3041556714678175,0.04497897328898052
maze,B,random,2.0,16,2.001953125,328,1089,0.3011937557392103,328,0.3011937557392103,1e-06,0.0014700868737174873,3,1.408390217439332,0.011832854938508391,0.24253495583884688,1.1658552616004851,0.011832854938508464
spirals,A,random,2.0,16,2.001953125,328,1089,0.3011937557392103,328,0.3011937557392103,1e-06,0.0019467766266748991,3,1.9987175172613185,0.03120591605673845,0.1310432304778304,1.8676742867834883,0.03120591605673845
spirals,B,random,2.0,16,2.001953125,328,1089,0.3011937557392103,327,0.3002754820936639,0.1,0.0010714148418377405,3,1.0725483272578986,0.017455672994075324,0.28376586866410064,0.788782458593798,0.017455672994075324
spots,A,random,2.0,16,2.001953125,328,1089,0.3011937557392103,328,0.3011937557392103,1e-06,0.0015358811204701321,3,2.724986584093416,0.043633862338486144,0.20374030409797217,2.521246279995444,0.043633862338486144
spots,B,random,2.0,16,2.001953125,328,1089,0.3011937557392103,327,0.3002754820936639,0.1,0.0005160611117140945,3,1.069753441203283,0.008282991819637424,0.2615385291886721,0.8082149120146108,0.008282991819637424
worms,A,random,2.0,16,2.001953125,328,1089,0.3011937557392103,328,0.3011937557392103,1e-06,0.0009389011573304925,3,2.4932998189544606,0.04025583893099521,0.2365762019631167,2.256723616991344,0.04025583893099521
worms,B,random,2.0,16,2.001953125,328,1089,0.3011937557392103,327,0.3002754820936639,0.1,0.0026068173771943335,3,1.0261570322172424,0.01112468415139203,0.3351919345254527,0.6909650976917897,0.01112468415139203
bubbles,A,random,1.0,16,1.0009765625,164,1089,0.15059687786960516,164,0.15059687786960516,1e-06,0.002468327715987447,3,6.12939124998353,0.03309677206892581,0.2434478710403647,5.885943378943165,0.03309677206892581
bubbles,B,random,1.0,16,1.0009765625,164,1089,0.15059687786960516,164,0.15059687786960516,1e-06,2.003121448272231e-05,3,0.9648651732019494,0.010917710747328013,0.3233261695706953,0.6415390036312542,0.01091771074732804
gliders,A,random,1.0,16,1.0009765625,164,1089,0.15059687786960516,164,0.15059687786960516,1e-06,0.0013351091916709024,3,3.2303879712494132,0.01679527262902587,0.10261035442513168,3.127777616824281,0.01679527262902587
gliders,B,random,1.0,16,1.0009765625,164,1089,0.15059687786960516,164,0.15059687786960516,1e-06,2.2037896685015806e-05,3,1.040057202719361,0.02167060428466291,0.2460299144705538,0.7940272882488072,0.02167060428466291
maze,A,random,1.0,16,1.0009765625,164,1089,0.15059687786960516,164,0.15059687786960516,1e-06,0.0008547337150243509,3,3.003067596816635,0.012045397337319214,0.19757140485628003,2.805496191960355,0.012045397337319214
maze,B,random,1.0,16,1.0009765625,164,1089,0.15059687786960516,164,0.15059687786960516,1e-06,0.0005617225224271069,3,1.648769169242482,0.00630025273673404,0.24253495583884688,1.406234213403635,0.006300252736734005
spirals,A,random,1.0,16,1.0009765625,164,1089,0.15059687786960516,164,0.15059687786960516,1e-06,0.000826691101141197,3,2.3613367365313507,0.01821789961025964,0.1310432304778304,2.23029350605352,0.01821789961025964
spirals,B,random,1.0,16,1.0009765625,164,1089,0.15059687786960516,164,0.15059687786960516,1e-06,0.00016090051585974466,3,1.2131054615556847,0.008219636100610677,0.28376586866410064,0.9293395928915839,0.008219636100610677
spots,A,random,1.0,16,1.0009765625,164,1089,0.15059687786960516,164,0.15059687786960516,1e-06,0.0009837223200106493,3,3.263077223777026,0.012173905386998148,0.20374030409797217,3.0593369196790534,0.012173905386997943
spots,B,random,1.0,16,1.0009765625,164,1089,0.15059687786960516,164,0.15059687786960516,1e-06,0.0006746143669175512,3,1.2227517058450215,0.002857250787376253,0.2615385291886721,0.9612131766563495,0.002857250787376253
worms,A,random,1.0,16,1.0009765625,164,1089,0.15059687786960516,164,0.15059687786960516,1e-06,0.0009759163850036797,3,2.987007788018337,0.002526148218878203,0.2365762019631167,2.7504315860552198,0.002526148218878203
worms,B,random,1.0,16,1.0009765625,164,1089,0.15059687786960516,164,0.15059687786960516,1e-06,2.9027465526724566e-05,3,1.137702305077995,0.015227017335140468,0.3351919345254527,0.8025103705525424,0.015227017335140468
bubbles,A,stations,50.0,16,39.7705078125,6516,1089,5.983471074380165,1089,1.0,1e-06,0.5946253710713961,3,0.5948156251599511,0.13042580115686603,0.2434478710403647,0.3513677541195865,0.13042580115686603
bubbles,B,stations,50.0,16,39.7705078125,6516,1089,5.983471074380165,1064,0.9770431588613406,0.1,0.21485863768033522,3,0.5555527114027905,0.008075066793240942,0.3233261695706953,0.23222654183209515,0.008075066793240942
gliders,A,stations,50.0,16,39.7705078125,6516,1089,5.983471074380165,1089,1.0,1e-06,0.3691513511998586,3,0.23944712000503018,0.052405746810821455,0.10261035442513168,0.13683676557989852,0.05240574681082146
gliders,B,stations,50.0,16,39.7705078125,6516,1089,5.983471074380165,1089,1.0,1e-06,0.09583671414546381,3,0.4523411943175774,0.018111630199461982,0.2460299144705538,0.20631127984702355,0.018111630199461982
maze,A,stations,50.0,16,39.7705078125,6516,1089,5.983471074380165,1089,1.0,1e-06,0.11303532030655915,3,0.5543149866400235,0.09417392603440174,0.19757140485628003,0.35674358178374366,0.09417392603440175
maze,B,stations,50.0,16,39.7705078125,6516,1089,5.983471074380165,1064,0.9770431588613406,0.1,0.18892775267086978,3,0.5054944229091624,0.015930430444236594,0.24253495583884688,0.26295946707031553,0.015930430444236594
spirals,A,stations,50.0,16,39.7705078125,6516,1089,5.983471074380165,1089,1.0,1e-06,0.20709906683790505,3,0.3143367685960929,0.060265609499953104,0.1310432304778304,0.18329353811826246,0.060265609499953104
spirals,B,stations,50.0,16,39.7705078125,6516,1089,5.983471074380165,1064,0.9770431588613406,0.1,0.12950909800327973,3,0.5205349108332743,0.014972319281023286,0.28376586866410064,0.23676904216917358,0.014972319281023286
spots,A,stations,50.0,16,39.7705078125,6516,1089,5.983471074380165,1089,1.0,1e-06,0.12131148263415654,3,0.5495091237744627,0.11810549751990262,0.20374030409797217,0.34576881967649054,0.11810549751990262
spots,B,stations,50.0,16,39.7705078125,6516,1089,5.983471074380165,1064,0.9770431588613406,0.1,0.19392444266934591,3,0.4744655167445195,0.004400189174074441,0.2615385291886721,0.21292698755584735,0.004400189174074441
worms,A,stations,50.0,16,39.7705078125,6516,1089,5.983471074380165,1089,1.0,1e-06,0.06877746054302185,3,0.5881520090425852,0.06779438728518143,0.2365762019631167,0.3515758070794685,0.06779438728518143
worms,B,stations,50.0,16,39.7705078125,6516,1089,5.983471074380165,1064,0.9770431588613406,0.1,0.20239385839086513,3,0.5928769322584024,0.01805725277107157,0.3351919345254527,0.25768499773294967,0.01805725277107157
bubbles,A,stations,25.0,16,22.1435546875,3628,1089,3.3314967860422406,1069,0.9816345270890725,0.01,5.507708603709524,3,1.5326536799424912,0.13975898531571498,0.2434478710403647,1.2892058089021263,0.13975898531571498
bubbles,B,stations,25.0,16,22.1435546875,3628,1089,3.3314967860422406,875,0.8034894398530762,0.1,7.867988149619253,3,0.7334265067133039,0.015556370057684149,0.3233261695706953,0.41010033714260846,0.015556370057684149
gliders,A,stations,25.0,16,22.1435546875,3628,1089,3.3314967860422406,1069,0.9816345270890725,0.01,1.3010361527798775,3,0.7404534293510684,0.05938561090573165,0.10261035442513168,0.6378430749259366,0.05938561090573164
gliders,B,stations,25.0,16,22.1435546875,3628,1089,3.3314967860422406,875,0.8034894398530762,0.1,3.869556147233608,3,0.6962802133788747,0.009822419784518805,0.2460299144705538,0.4502502989083208,0.009822419784518805
maze,A,stations,25.0,16,22.1435546875,3628,1089,3.3314967860422406,1069,0.9816345270890725,0.01,3.6335459215658616,3,1.0804771727527633,0.09172276225713905,0.19757140485628003,0.8829057678964833,0.09172276225713905
maze,B,stations,25.0,16,22.1435546875,3628,1089,3.3314967860422406,875,0.8034894398530762,0.1,4.790120263921824,3,0.8502784482538249,0.003206512038785379,0.24253495583884688,0.6077434924149779,0.003206512038785379
spirals,A,stations,25.0,16,22.1435546875,3628,1089,3.3314967860422406,1069,0.9816345270890725,0.01,1.398729439082972,3,0.7574277019930246,0.05100950265497992,0.1310432304778304,0.6263844715151943,0.05100950265497992
spirals,B,stations,25.0,16,22.1435546875,3628,1089,3.3314967860422406,875,0.8034894398530762,0.1,3.8615563589950743,3,0.7911648413148257,0.005712594781331138,0.28376586866410064,0.5073989726507251,0.0057125947813311635
spots,A,stations,25.0,16,22.1435546875,3628,1089,3.3314967860422406,1069,0.9816345270890725,0.01,2.7289282131866615,3,1.164181725347194,0.07531534200537965,0.20374030409797217,0.9604414212492219,0.07531534200537965
spots,B,stations,25.0,16,22.1435546875,3628,1089,3.3314967860422406,875,0.8034894398530762,0.1,4.412870755161813,3,0.6810821543343185,0.006028708201811198,0.2615385291886721,0.4195436251456464,0.006028708201811198
worms,A,stations,25.0,16,22.1435546875,3628,1089,3.3314967860422406,1069,0.9816345270890725,0.01,3.6617650527807037,3,1.2056428270972932,0.042087710129536805,0.2365762019631167,0.9690666251341765,0.04208771012953676
worms,B,stations,25.0,16,22.1435546875,3628,1089,3.3314967860422406,875,0.8034894398530762,0.1,6.18180267498731,3,0.7881200199943734,0.003689324036087699,0.3351919345254527,0.45292808546892077,0.003689324036087699
bubbles,A,stations,10.0,16,9.356689453125,1533,1089,1.4077134986225894,797,0.7318640955004592,0.01,860.6303384569945,3,3.353070232806069,0.07085589030732789,0.2434478710403647,3.109622361765705,0.07085589030732788
bubbles,B,stations,10.0,16,9.356689453125,1533,1089,1.4077134986225894,503,0.46189164370982555,0.1,1410.3558984621075,3,0.894799746695181,0.01428241115139619,0.3233261695706953,0.5714735771244858,0.01428241115139619
gliders,A,stations,10.0,16,9.356689453125,1533,1089,1.4077134986225894,797,0.7318640955004592,0.01,339.3002711264119,3,1.7382446779296181,0.03645410210535497,0.10261035442513168,1.6356343235044861,0.03645410210535497
gliders,B,stations,10.0,16,9.356689453125,1533,1089,1.4077134986225894,503,0.46189164370982555,0.1,1001.7254683134865,3,0.9448211576342254,0.010829448473879661,0.2460299144705538,0.6987912431636715,0.010829448473879661
maze,A,stations,10.0,16,9.356689453125,1533,1089,1.4077134986225894,797,0.7318640955004592,0.01,402.0499015878257,3,1.677858999599641,0.026256422297408405,0.19757140485628003,1.480287594743361,0.026256422297408405
maze,B,stations,10.0,16,9.356689453125,1533,1089,1.4077134986225894,797,0.7318640955004592,0.01,693.7083510699276,3,1.1984594212726336,0.00439415763082171,0.24253495583884688,0.955924465433787,0.00439415763082171
spirals,A,stations,10.0,16,9.356689453125,1533,1089,1.4077134986225894,797,0.7318640955004592,0.01,467.650768012857,3,1.3946337692086566,0.020829445687931727,0.1310432304778304,1.2635905387308262,0.020829445687931727
spirals,B,stations,10.0,16,9.356689453125,1533,1089,1.4077134986225894,503,0.46189164370982555,0.1,1155.5427805465736,3,1.0859607012947017,0.009470201802293219,0.28376586866410064,0.802194832630601,0.009470201802293219
spots,A,stations,10.0,16,9.356689453125,1533,1089,1.4077134986225894,797,0.7318640955004592,0.01,574.0069510543452,3,1.8454162203006235,0.03037827534441639,0.20374030409797217,1.6416759162026515,0.03037827534441639
spots,B,stations,10.0,16,9.356689453125,1533,1089,1.4077134986225894,503,0.46189164370982555,0.1,1024.8559099481256,3,1.026772825234423,0.006907680782435104,0.2615385291886721,0.765234296045751,0.006907680782435104
worms,A,stations,10.0,16,9.356689453125,1533,1089,1.4077134986225894,797,0.7318640955004592,0.01,858.5619102851397,3,1.8217033658435158,0.006183328251341593,0.2365762019631167,1.585127163880399,0.006183328251341593
worms,B,stations,10.0,16,9.356689453125,1533,1089,1.4077134986225894,503,0.46189164370982555,0.1,1407.4471057745932,3,1.0127594251555898,0.008986964579806422,0.3351919345254527,0.6775674906301372,0.008986964579806422
bubbles,A,stations,5.0,16,4.8828125,800,1089,0.7346189164370982,547,0.5022956841138659,0.01,441.36696473318983,3,4.744672835519967,0.0864089953439033,0.2434478710403647,4.5012249644796025,0.0864089953439033
bubbles,B,stations,5.0,16,4.8828125,800,1089,0.7346189164370982,304,0.27915518824609736,0.1,880.2345604754996,3,0.9644816850944385,0.019154052388475704,0.3233261695706953,0.6411555155237433,0.019154052388475753
gliders,A,stations,5.0,16,4.8828125,800,1089,0.7346189164370982,668,0.6134067952249771,0.001,106.17143980410049,3,2.5030181805591596,0.060431849951923834,0.10261035442513168,2.4004078261340274,0.060431849951923834
gliders,B,stations,5.0,16,4.8828125,800,1089,0.7346189164370982,304,0.27915518824609736,0.1,393.3779539909565,3,1.0289682703932472,0.005141402778478294,0.2460299144705538,0.7829383559226933,0.005141402778478294
maze,A,stations,5.0,16,4.8828125,800,1089,0.7346189164370982,547,0.5022956841138659,0.01,135.67738930448917,3,2.33096385160607,0.031382037094719914,0.19757140485628003,2.13339244674979,0.031382037094719914
maze,B,stations,5.0,16,4.8828125,800,1089,0.7346189164370982,547,0.5022956841138659,0.01,302.7946282722739,3,1.3767228540201655,0.007858242912175179,0.24253495583884688,1.1341878981813187,0.007858242912175078
spirals,A,stations,5.0,16,4.8828125,800,1089,0.7346189164370982,547,0.5022956841138659,0.01,144.54154091393085,3,1.8725796736820366,0.020665723591250153,0.1310432304778304,1.7415364432042064,0.020665723591250153
spirals,B,stations,5.0,16,4.8828125,800,1089,0.7346189164370982,304,0.27915518824609736,0.1,469.5549483945062,3,1.2309684036184345,0.012657161548320884,0.28376586866410064,0.9472025349543337,0.012657161548320884
spots,A,stations,5.0,16,4.8828125,800,1089,0.7346189164370982,547,0.5022956841138659,0.01,275.7506924084314,3,2.5453861242074614,0.017038244294220857,0.20374030409797217,2.341645820109489,0.01703824429422068
spots,B,stations,5.0,16,4.8828125,800,1089,0.7346189164370982,547,0.5022956841138659,0.01,598.8643726408503,3,1.1797806564564475,0.006894509317597412,0.2615385291886721,0.9182421272677755,0.006894509317597412
worms,A,stations,5.0,16,4.8828125,800,1089,0.7346189164370982,547,0.5022956841138659,0.01,403.9089265576022,3,2.3946237911636086,0.015253737952019557,0.2365762019631167,2.1580475892004922,0.015253737952019557
worms,B,stations,5.0,16,4.8828125,800,1089,0.7346189164370982,304,0.27915518824609736,0.1,852.1454048429204,3,1.139823823230289,0.005939265994035378,0.3351919345254527,0.8046318887048364,0.005939265994035378
bubbles,A,stations,2.0,16,1.9775390625,324,1089,0.2975206611570248,305,0.2800734618916437,0.001,5.535525790823517,3,6.093840242687087,0.12651832864665002,0.2434478710403647,5.8503923716467225,0.12651832864665002
bubbles,B,stations,2.0,16,1.9775390625,324,1089,0.2975206611570248,134,0.12304866850321396,0.1,16.00076348975124,3,1.0029681551571776,0.007977876465189453,0.3233261695706953,0.6796419855864823,0.0079778764651895
gliders,A,stations,2.0,16,1.9775390625,324,1089,0.2975206611570248,322,0.2956841138659321,0.0001,0.5653956822374867,3,3.170678488211442,0.019362952173720516,0.10261035442513168,3.0680681337863107,0.019362952173720516
gliders,B,stations,2.0,16,1.9775390625,324,1089,0.2975206611570248,134,0.12304866850321396,0.1,4.06042358209127,3,1.1055044412400878,0.007043565906093819,0.2460299144705538,0.859474526769534,0.007043565906093819
maze,A,stations,2.0,16,1.9775390625,324,1089,0.2975206611570248,305,0.2800734618916437,0.001,1.560981052581661,3,2.953059943298188,0.015607080735542792,0.19757140485628003,2.755488538441908,0.015607080735542792
maze,B,stations,2.0,16,1.9775390625,324,1089,0.2975206611570248,260,0.23875114784205692,0.01,6.142232536254856,3,1.6670783223354118,0.009468520497353052,0.24253495583884688,1.4245433664965652,0.009468520497353052
spirals,A,stations,2.0,16,1.9775390625,324,1089,0.2975206611570248,305,0.2800734618916437,0.001,0.5820155438758605,3,2.3467002677788815,0.019453255652031723,0.1310432304778304,2.2156570373010513,0.01945325565203179
spirals,B,stations,2.0,16,1.9775390625,324,1089,0.2975206611570248,260,0.23875114784205692,0.01,4.513722715711867,3,1.3064178437770084,0.004487153415842559,0.28376586866410064,1.0226519751129077,0.004487153415842559
spots,A,stations,2.0,16,1.9775390625,324,1089,0.2975206611570248,305,0.2800734618916437,0.001,3.0672962778487167,3,3.2543172533089613,0.04175791771385189,0.20374030409797217,3.0505769492109884,0.04175791771385192
spots,B,stations,2.0,16,1.9775390625,324,1089,0.2975206611570248,260,0.23875114784205692,0.01,10.641010141575812,3,1.2793052091447363,0.009024880557474522,0.2615385291886721,1.017766679956064,0.009024880557474522
worms,A,stations,2.0,16,1.9775390625,324,1089,0.2975206611570248,305,0.2800734618916437,0.001,2.200569524886046,3,3.009651211087508,0.013044556383979883,0.2365762019631167,2.773075009124392,0.013044556383979883
worms,B,stations,2.0,16,1.9775390625,324,1089,0.2975206611570248,134,0.12304866850321396,0.1,8.327022609940233,3,1.2149514270079609,0.0032310172473725,0.3351919345254527,0.8797594924825084,0.0032310172473724997
bubbles,A,stations,1.0,16,0.98876953125,162,1089,0.1487603305785124,160,0.14692378328741965,0.001,0.6427376592462535,3,6.668365004975063,0.033298389870733074,0.2434478710403647,6.424917133934698,0.033298389870733074
bubbles,B,stations,1.0,16,0.98876953125,162,1089,0.1487603305785124,72,0.06611570247933884,0.1,1.3379168968493849,3,1.0249409103215879,0.004310295079937596,0.3233261695706953,0.7016147407508925,0.004310295079937596
gliders,A,stations,1.0,16,0.98876953125,162,1089,0.1487603305785124,160,0.14692378328741965,0.001,0.33398545992955303,3,3.495706341723395,0.04306740880943716,0.10261035442513168,3.3930959872982633,0.04306740880943716
gliders,B,stations,1.0,16,0.98876953125,162,1089,0.1487603305785124,140,0.1285583103764922,0.01,0.3452510459774001,3,1.1316605992832465,0.004872818940351559,0.2460299144705538,0.8856306848126927,0.004872818940351559
maze,A,stations,1.0,16,0.98876953125,162,1089,0.1487603305785124,160,0.14692378328741965,0.001,0.30200833044712816,3,3.260917100278301,0.025704468993759205,0.19757140485628003,3.063345695422021,0.025704468993759205
maze,B,stations,1.0,16,0.98876953125,162,1089,0.1487603305785124,140,0.1285583103764922,0.01,0.42946613947740975,3,1.8018623758403205,0.009207628457529185,0.24253495583884688,1.559327420001474,0.009207628457529123
spirals,A,stations,1.0,16,0.98876953125,162,1089,0.1487603305785124,162,0.1487603305785124,1e-06,0.21729795619738143,3,2.5571795650319924,0.032924231001005805,0.1310432304778304,2.4261363345541618,0.032924231001005964
spirals,B,stations,1.0,16,0.98876953125,162,1089,0.1487603305785124,140,0.1285583103764922,0.01,0.45830859861563983,3,1.3345036591606751,0.00182585384602571,0.28376586866410064,1.0507377904965745,0.00182585384602571
spots,A,stations,1.0,16,0.98876953125,162,1089,0.1487603305785124,160,0.14692378328741965,0.001,0.39358262878831846,3,3.5766531587117103,0.05382245659289733,0.20374030409797217,3.372912854613738,0.05382245659289733
spots,B,stations,1.0,16,0.98876953125,162,1089,0.1487603305785124,140,0.1285583103764922,0.01,1.6789625010333458,3,1.3357165690878527,0.003690300666901456,0.2615385291886721,1.0741780398991807,0.003690300666901456
worms,A,stations,1.0,16,0.98876953125,162,1089,0.1487603305785124,160,0.14692378328741965,0.001,0.2528839021339939,3,3.2894218485633338,0.022622534043210293,0.2365762019631167,3.052845646600217,0.022622534043210293
worms,B,stations,1.0,16,0.98876953125,162,1089,0.1487603305785124,72,0.06611570247933884,0.1,0.9904061953570314,3,1.241380083055799,0.004148532115866941,0.3351919345254527,0.9061881485303463,0.004148532115866941
