family,scenario,field,segment,window,bin,freq_rel_nyquist,period_steps,period_time_units,share,cumulative_share,ar1_null_share
Turbulent radiative layer 2D,tcool_0.03,density,full,boxcar,1,0.02,101.0,161.300333,0.2640189589636142,0.2640189589636142,0.1161826602688297
Turbulent radiative layer 2D,tcool_0.03,density,full,boxcar,2,0.04,50.5,80.6501665,0.0689955388576694,0.3330144978212836,0.10671652899469211
Turbulent radiative layer 2D,tcool_0.03,density,full,boxcar,3,0.06,33.666666666666664,53.76677766666666,0.05482299434699068,0.3878374921682743,0.09398664677901378
Turbulent radiative layer 2D,tcool_0.03,density,full,boxcar,4,0.08,25.25,40.32508325,0.10103246943556135,0.48886996160383567,0.08058150700576074
Turbulent radiative layer 2D,tcool_0.03,density,full,boxcar,5,0.1,20.2,32.2600666,0.07526762831457716,0.5641375899184128,0.06814900019870981
Turbulent radiative layer 2D,tcool_0.03,density,full,boxcar,6,0.12,16.833333333333332,26.88338883333333,0.026189636159482485,0.5903272260778953,0.057395878877725744
Turbulent radiative layer 2D,tcool_0.03,density,full,boxcar,7,0.14,14.428571428571429,23.042904714285715,0.028160958392520422,0.6184881844704158,0.048434284934910414
Turbulent radiative layer 2D,tcool_0.03,density,full,boxcar,8,0.16,12.625,20.162541625,0.025229926700506475,0.6437181111709223,0.04109764937642055
Turbulent radiative layer 2D,tcool_0.03,density,full,boxcar,9,0.18,11.222222222222221,17.922259222222223,0.028742505739931135,0.6724606169108535,0.035129782987733046
Turbulent radiative layer 2D,tcool_0.03,density,full,boxcar,10,0.2,10.1,16.1300333,0.032546585949787,0.7050072028606406,0.03027432648395965
Turbulent radiative layer 2D,tcool_0.03,density,full,boxcar,11,0.22,9.181818181818182,14.663666636363637,0.023841850102946552,0.728849052963587,0.02630826431978157
Turbulent radiative layer 2D,tcool_0.03,density,full,boxcar,12,0.24,8.416666666666666,13.441694416666666,0.013462243604696278,0.7423112965682833,0.023049253167106012
Turbulent radiative layer 2D,tcool_0.03,density,full,boxcar,13,0.26,7.769230769230769,12.407717923076923,0.015163079178195378,0.7574743757464787,0.020352526967803496
Turbulent radiative layer 2D,tcool_0.03,density,full,boxcar,14,0.28,7.214285714285714,11.521452357142858,0.020609758885710133,0.7780841346321887,0.018104655469441042
Turbulent radiative layer 2D,tcool_0.03,density,full,boxcar,15,0.3,6.733333333333333,10.753355533333332,0.014403025481560291,0.7924871601137491,0.01621714247728493
Turbulent radiative layer 2D,tcool_0.03,density,full,boxcar,16,0.32,6.3125,10.0812708125,0.012360029610967552,0.8048471897247167,0.014620893294514062
Turbulent radiative layer 2D,tcool_0.03,density,full,boxcar,17,0.34,5.9411764705882355,9.48825488235294,0.011119822102567347,0.8159670118272839,0.013261763202300682
Turbulent radiative layer 2D,tcool_0.03,density,full,boxcar,18,0.36,5.611111111111111,8.961129611111112,0.011631465032838836,0.8275984768601228,0.012097095844018392
Turbulent radiative layer 2D,tcool_0.03,density,full,boxcar,19,0.38,5.315789473684211,8.489491210526316,0.009951801041263364,0.8375502779013861,0.011093075071968867
Turbulent radiative layer 2D,tcool_0.03,density,full,boxcar,20,0.4,5.05,8.06501665,0.008696945869230642,0.8462472237706168,0.01022271292638589
Turbulent radiative layer 2D,tcool_0.03,density,full,boxcar,21,0.42,4.809523809523809,7.680968238095238,0.008563098041347679,0.8548103218119645,0.009464323054372439
Turbulent radiative layer 2D,tcool_0.03,density,full,boxcar,22,0.44,4.590909090909091,7.331833318181818,0.007702956373686003,0.8625132781856505,0.00880036027587962
Turbulent radiative layer 2D,tcool_0.03,density,full,boxcar,23,0.46,4.391304347826087,7.013057956521739,0.008682155000071802,0.8711954331857222,0.008216535078114921
Turbulent radiative layer 2D,tcool_0.03,density,full,boxcar,24,0.48,4.208333333333333,6.720847208333333,0.007951243307997168,0.8791466764937194,0.007701134492849331
Turbulent radiative layer 2D,tcool_0.03,density,full,boxcar,25,0.5,4.04,6.45201332,0.007734070053643982,0.8868807465473634,0.007244498265382187
Turbulent radiative layer 2D,tcool_0.03,density,full,boxcar,26,0.52,3.8846153846153846,6.203858961538462,0.006643346401060328,0.8935240929484238,0.0068386123360453755
Turbulent radiative layer 2D,tcool_0.03,density,full,boxcar,27,0.54,3.740740740740741,5.974086407407407,0.005895893405626962,0.8994199863540507,0.006476791384446938
Turbulent radiative layer 2D,tcool_0.03,density,full,boxcar,28,0.56,3.607142857142857,5.760726178571429,0.005670486622661226,0.905090472976712,0.00615342936664942
Turbulent radiative layer 2D,tcool_0.03,density,full,boxcar,29,0.58,3.4827586206896552,5.562080448275862,0.0051537000923314105,0.9102441730690434,0.005863802267344165
Turbulent radiative layer 2D,tcool_0.03,density,full,boxcar,30,0.6,3.3666666666666667,5.376677766666666,0.0054645043830047245,0.9157086774520481,0.005603911194553299
Turbulent radiative layer 2D,tcool_0.03,density,full,boxcar,31,0.62,3.2580645161290325,5.203236548387097,0.005676079560255008,0.921384757012303,0.005370356835383194
Turbulent radiative layer 2D,tcool_0.03,density,full,boxcar,32,0.64,3.15625,5.04063540625,0.00501759099233318,0.9264023480046362,0.0051602384401757675
Turbulent radiative layer 2D,tcool_0.03,density,full,boxcar,33,0.66,3.0606060606060606,4.887888878787878,0.004895945464392141,0.9312982934690284,0.0049710721072638185
Turbulent radiative layer 2D,tcool_0.03,density,full,boxcar,34,0.68,2.9705882352941178,4.74412744117647,0.004795915153661124,0.9360942086226894,0.004800724345425458
Turbulent radiative layer 2D,tcool_0.03,density,full,boxcar,35,0.7,2.8857142857142857,4.6085809428571425,0.004521013417432804,0.9406152220401223,0.0046473578007219405
Turbulent radiative layer 2D,tcool_0.03,density,full,boxcar,36,0.72,2.8055555555555554,4.480564805555556,0.004096259655037955,0.9447114816951602,0.004509386724956283
Turbulent radiative layer 2D,tcool_0.03,density,full,boxcar,37,0.74,2.72972972972973,4.3594684594594595,0.004157404006790205,0.9488688857019505,0.004385440290262179
Turbulent radiative layer 2D,tcool_0.03,density,full,boxcar,38,0.76,2.6578947368421053,4.244745605263158,0.004048796121752122,0.9529176818237026,0.004274332259256699
Turbulent radiative layer 2D,tcool_0.03,density,full,boxcar,39,0.78,2.58974358974359,4.135905974358974,0.004628507725238759,0.9575461895489414,0.004175035832957708
Turbulent radiative layer 2D,tcool_0.03,density,full,boxcar,40,0.8,2.525,4.032508325,0.004294117124329417,0.9618403066732708,0.004086662741658938
Turbulent radiative layer 2D,tcool_0.03,density,full,boxcar,41,0.82,2.4634146341463414,3.934154463414634,0.00411103786107768,0.9659513445343485,0.004008445833851795
Turbulent radiative layer 2D,tcool_0.03,density,full,boxcar,42,0.84,2.4047619047619047,3.840484119047619,0.003664157890621582,0.9696155024249701,0.0039397245675812575
Turbulent radiative layer 2D,tcool_0.03,density,full,boxcar,43,0.86,2.3488372093023258,3.751170534883721,0.004183205840595581,0.9737987082655656,0.0038799329267425937
Turbulent radiative layer 2D,tcool_0.03,density,full,boxcar,44,0.88,2.2954545454545454,3.665916659090909,0.00402276523852679,0.9778214735040924,0.003828589378905844
Turbulent radiative layer 2D,tcool_0.03,density,full,boxcar,45,0.9,2.2444444444444445,3.584451844444444,0.003865349786915081,0.9816868232910075,0.0037852885667432716
Turbulent radiative layer 2D,tcool_0.03,density,full,boxcar,46,0.92,2.1956521739130435,3.5065289782608695,0.0037536313985009773,0.9854404546895085,0.0037496944862149112
Turbulent radiative layer 2D,tcool_0.03,density,full,boxcar,47,0.94,2.148936170212766,3.431921978723404,0.0038205314619310414,0.9892609861514394,0.003721534954578036
Turbulent radiative layer 2D,tcool_0.03,density,full,boxcar,48,0.96,2.1041666666666665,3.3604236041666664,0.0037672824560316806,0.9930282686074712,0.0037005972125578905
Turbulent radiative layer 2D,tcool_0.03,density,full,boxcar,49,0.98,2.061224489795918,3.291843530612245,0.0036292484861753286,0.9966575170936465,0.0036867245396493185
Turbulent radiative layer 2D,tcool_0.03,density,full,boxcar,50,1.0,2.02,3.22600666,0.003342482906353499,1.0,0.0036798137911148087
Turbulent radiative layer 2D,tcool_0.03,density,full,hann,1,0.02,101.0,161.300333,0.16625367148924278,0.16625367148924278,0.10590652802603848
Turbulent radiative layer 2D,tcool_0.03,density,full,hann,2,0.04,50.5,80.6501665,0.08920351865970085,0.25545719014894364,0.09864376431844264
Turbulent radiative layer 2D,tcool_0.03,density,full,hann,3,0.06,33.666666666666664,53.76677766666666,0.06984827714365675,0.3253054672926004,0.08854913177003532
Turbulent radiative layer 2D,tcool_0.03,density,full,hann,4,0.08,25.25,40.32508325,0.11110816343105093,0.4364136307236513,0.0774902501700977
Turbulent radiative layer 2D,tcool_0.03,density,full,hann,5,0.1,20.2,32.2600666,0.09827191756125617,0.5346855482849074,0.06681676244281885
Turbulent radiative layer 2D,tcool_0.03,density,full,hann,6,0.12,16.833333333333332,26.88338883333333,0.0397599623045943,0.5744455105895018,0.05724244198480762
Turbulent radiative layer 2D,tcool_0.03,density,full,hann,7,0.14,14.428571428571429,23.042904714285715,0.02501265087800809,0.5994581614675099,0.049007794668127665
Turbulent radiative layer 2D,tcool_0.03,density,full,hann,8,0.16,12.625,20.162541625,0.02399659411046513,0.623454755577975,0.0420857098042358
Turbulent radiative layer 2D,tcool_0.03,density,full,hann,9,0.18,11.222222222222221,17.922259222222223,0.030869688454363848,0.6543244440323388,0.03633071112149454
Turbulent radiative layer 2D,tcool_0.03,density,full,hann,10,0.2,10.1,16.1300333,0.032627507260762675,0.6869519512931016,0.031563644849755594
Turbulent radiative layer 2D,tcool_0.03,density,full,hann,11,0.22,9.181818181818182,14.663666636363637,0.021119606889310933,0.7080715581824124,0.02761192064589576
Turbulent radiative layer 2D,tcool_0.03,density,full,hann,12,0.24,8.416666666666666,13.441694416666666,0.01402757662743378,0.7220991348098462,0.024324952859875553
Turbulent radiative layer 2D,tcool_0.03,density,full,hann,13,0.26,7.769230769230769,12.407717923076923,0.01605065842062242,0.7381497932304686,0.021577530458453877
Turbulent radiative layer 2D,tcool_0.03,density,full,hann,14,0.28,7.214285714285714,11.521452357142858,0.019047307021959968,0.7571971002524286,0.019268058926019977
Turbulent radiative layer 2D,tcool_0.03,density,full,hann,15,0.3,6.733333333333333,10.753355533333332,0.014594292520898305,0.7717913927733269,0.017315078804061936
Turbulent radiative layer 2D,tcool_0.03,density,full,hann,16,0.32,6.3125,10.0812708125,0.013140463482523247,0.7849318562558502,0.01565357793675684
Turbulent radiative layer 2D,tcool_0.03,density,full,hann,17,0.34,5.9411764705882355,9.48825488235294,0.01183238343967457,0.7967642396955248,0.014231688187516352
Turbulent radiative layer 2D,tcool_0.03,density,full,hann,18,0.36,5.611111111111111,8.961129611111112,0.012337535869836163,0.809101775565361,0.013007933745296626
Turbulent radiative layer 2D,tcool_0.03,density,full,hann,19,0.38,5.315789473684211,8.489491210526316,0.012612999157662917,0.8217147747230239,0.011949020728366372
Turbulent radiative layer 2D,tcool_0.03,density,full,hann,20,0.4,5.05,8.06501665,0.009921910719984517,0.8316366854430084,0.011028094773539124
Turbulent radiative layer 2D,tcool_0.03,density,full,hann,21,0.42,4.809523809523809,7.680968238095238,0.009061590315723074,0.8406982757587315,0.010223380250484155
Turbulent radiative layer 2D,tcool_0.03,density,full,hann,22,0.44,4.590909090909091,7.331833318181818,0.00823819655974807,0.8489364723184795,0.009517121433556274
Turbulent radiative layer 2D,tcool_0.03,density,full,hann,23,0.46,4.391304347826087,7.013057956521739,0.008674569703278963,0.8576110420217583,0.008894758829507604
Turbulent radiative layer 2D,tcool_0.03,density,full,hann,24,0.48,4.208333333333333,6.720847208333333,0.00920365146618179,0.8668146934879402,0.008344287203096398
Turbulent radiative layer 2D,tcool_0.03,density,full,hann,25,0.5,4.04,6.45201332,0.008351545875402813,0.8751662393633429,0.007855753568177155
Turbulent radiative layer 2D,tcool_0.03,density,full,hann,26,0.52,3.8846153846153846,6.203858961538462,0.007261777876317096,0.88242801723966,0.007420862994040249
Turbulent radiative layer 2D,tcool_0.03,density,full,hann,27,0.54,3.740740740740741,5.974086407407407,0.0068117348112798634,0.8892397520509399,0.007032667620641136
Turbulent radiative layer 2D,tcool_0.03,density,full,hann,28,0.56,3.607142857142857,5.760726178571429,0.0061834523106861295,0.895423204361626,0.00668532009618789
Turbulent radiative layer 2D,tcool_0.03,density,full,hann,29,0.58,3.4827586206896552,5.562080448275862,0.00597473931617411,0.9013979436778002,0.006373877091481216
Turbulent radiative layer 2D,tcool_0.03,density,full,hann,30,0.6,3.3666666666666667,5.376677766666666,0.006070531849396753,0.907468475527197,0.006094141915992701
Turbulent radiative layer 2D,tcool_0.03,density,full,hann,31,0.62,3.2580645161290325,5.203236548387097,0.005639187365488191,0.9131076628926852,0.005842537814140398
Turbulent radiative layer 2D,tcool_0.03,density,full,hann,32,0.64,3.15625,5.04063540625,0.005228310930208,0.9183359738228932,0.005616005455486864
Turbulent radiative layer 2D,tcool_0.03,density,full,hann,33,0.66,3.0606060606060606,4.887888878787878,0.005242837581237775,0.9235788114041309,0.005411919602171548
Turbulent radiative layer 2D,tcool_0.03,density,full,hann,34,0.68,2.9705882352941178,4.74412744117647,0.005214400707797975,0.9287932121119289,0.005228021056174315
Turbulent radiative layer 2D,tcool_0.03,density,full,hann,35,0.7,2.8857142857142857,4.6085809428571425,0.004843560956431012,0.9336367730683599,0.005062360844626364
Turbulent radiative layer 2D,tcool_0.03,density,full,hann,36,0.72,2.8055555555555554,4.480564805555556,0.004323573791514022,0.9379603468598738,0.004913254258168765
Turbulent radiative layer 2D,tcool_0.03,density,full,hann,37,0.74,2.72972972972973,4.3594684594594595,0.0042612525313722345,0.9422215993912461,0.004779242863776785
Turbulent radiative layer 2D,tcool_0.03,density,full,hann,38,0.76,2.6578947368421053,4.244745605263158,0.004119630128975794,0.9463412295202219,0.004659063005789834
Turbulent radiative layer 2D,tcool_0.03,density,full,hann,39,0.78,2.58974358974359,4.135905974358974,0.004809021257441386,0.9511502507776632,0.004551619614309054
Turbulent radiative layer 2D,tcool_0.03,density,full,hann,40,0.8,2.525,4.032508325,0.005083631145495029,0.9562338819231583,0.004455964379100737
Turbulent radiative layer 2D,tcool_0.03,density,full,hann,41,0.82,2.4634146341463414,3.934154463414634,0.004650737176368728,0.960884619099527,0.004371277535111134
Turbulent radiative layer 2D,tcool_0.03,density,full,hann,42,0.84,2.4047619047619047,3.840484119047619,0.0047483739742583304,0.9656329930737854,0.00429685265435575
Turbulent radiative layer 2D,tcool_0.03,density,full,hann,43,0.86,2.3488372093023258,3.751170534883721,0.00492503718876555,0.9705580302625509,0.00423208395719952
Turbulent radiative layer 2D,tcool_0.03,density,full,hann,44,0.88,2.2954545454545454,3.665916659090909,0.004452666525398104,0.9750106967879489,0.004176455750706703
Turbulent radiative layer 2D,tcool_0.03,density,full,hann,45,0.9,2.2444444444444445,3.584451844444444,0.004171994500974689,0.9791826912889237,0.004129533678051541
Turbulent radiative layer 2D,tcool_0.03,density,full,hann,46,0.92,2.1956521739130435,3.5065289782608695,0.004288958549100135,0.9834716498380238,0.0040909575249995205
Turbulent radiative layer 2D,tcool_0.03,density,full,hann,47,0.94,2.148936170212766,3.431921978723404,0.004351442331032234,0.9878230921690561,0.004060435380356505
Turbulent radiative layer 2D,tcool_0.03,density,full,hann,48,0.96,2.1041666666666665,3.3604236041666664,0.004291505850455139,0.9921145980195112,0.004037738989526272
Turbulent radiative layer 2D,tcool_0.03,density,full,hann,49,0.98,2.061224489795918,3.291843530612245,0.004074105641733514,0.9961887036612448,0.0040227001758935035
Turbulent radiative layer 2D,tcool_0.03,density,full,hann,50,1.0,2.02,3.22600666,0.003811296338755067,0.9999999999999999,0.00401520823525362
Turbulent radiative layer 2D,tcool_0.03,density,train,boxcar,1,0.03333333333333333,60.0,95.82198,0.2318661654565758,0.2318661654565758,0.17316751257227425
Turbulent radiative layer 2D,tcool_0.03,density,train,boxcar,2,0.06666666666666667,30.0,47.91099,0.17417808057478762,0.40604424603136346,0.1455138768260014
Turbulent radiative layer 2D,tcool_0.03,density,train,boxcar,3,0.1,20.0,31.940659999999998,0.12766131204377612,0.5337055580751395,0.11510259513204703
Turbulent radiative layer 2D,tcool_0.03,density,train,boxcar,4,0.13333333333333333,15.0,23.955495,0.06227150385606807,0.5959770619312077,0.0892699658087996
Turbulent radiative layer 2D,tcool_0.03,density,train,boxcar,5,0.16666666666666666,12.0,19.164396,0.041454995221299196,0.6374320571525068,0.06950779632121831
Turbulent radiative layer 2D,tcool_0.03,density,train,boxcar,6,0.2,10.0,15.970329999999999,0.058578708509154906,0.6960107656616619,0.05492180229383835
Turbulent radiative layer 2D,tcool_0.03,density,train,boxcar,7,0.23333333333333334,8.571428571428571,13.688854285714285,0.026343851706575303,0.7223546173682371,0.044203575339029744
Turbulent radiative layer 2D,tcool_0.03,density,train,boxcar,8,0.26666666666666666,7.5,11.9777475,0.024263480394524282,0.7466180977627614,0.03625394944371518
Turbulent radiative layer 2D,tcool_0.03,density,train,boxcar,9,0.3,6.666666666666667,10.646886666666667,0.029642784057932293,0.7762608818206937,0.030270789256810298
Turbulent radiative layer 2D,tcool_0.03,density,train,boxcar,10,0.3333333333333333,6.0,9.582198,0.02064285081179737,0.796903732632491,0.025694582135360126
Turbulent radiative layer 2D,tcool_0.03,density,train,boxcar,11,0.36666666666666664,5.454545454545454,8.711089090909091,0.018637169250796917,0.815540901883288,0.022138868123661438
Turbulent radiative layer 2D,tcool_0.03,density,train,boxcar,12,0.4,5.0,7.985164999999999,0.017438029853183913,0.832978931736472,0.01933532300917102
Turbulent radiative layer 2D,tcool_0.03,density,train,boxcar,13,0.43333333333333335,4.615384615384615,7.3709215384615385,0.01581801973642964,0.8487969514729016,0.017095443994769546
Turbulent radiative layer 2D,tcool_0.03,density,train,boxcar,14,0.4666666666666667,4.285714285714286,6.844427142857143,0.016519119029742436,0.865316070502644,0.015284889572147081
Turbulent radiative layer 2D,tcool_0.03,density,train,boxcar,15,0.5,4.0,6.388132,0.014556049119058329,0.8798721196217023,0.01380646806747704
Turbulent radiative layer 2D,tcool_0.03,density,train,boxcar,16,0.5333333333333333,3.75,5.98887375,0.011603502513750351,0.8914756221354527,0.012588822030786427
Turbulent radiative layer 2D,tcool_0.03,density,train,boxcar,17,0.5666666666666667,3.5294117647058822,5.63658705882353,0.00927152447213244,0.9007471466075851,0.011578828463873786
Turbulent radiative layer 2D,tcool_0.03,density,train,boxcar,18,0.6,3.3333333333333335,5.3234433333333335,0.011120948248006373,0.9118680948555916,0.01073643054791549
Turbulent radiative layer 2D,tcool_0.03,density,train,boxcar,19,0.6333333333333333,3.1578947368421053,5.043262105263158,0.009414561284973007,0.9212826561405646,0.01003107497841475
Turbulent radiative layer 2D,tcool_0.03,density,train,boxcar,20,0.6666666666666666,3.0,4.791099,0.008479009722781714,0.9297616658633463,0.009439222397471372
Turbulent radiative layer 2D,tcool_0.03,density,train,boxcar,21,0.7,2.857142857142857,4.562951428571428,0.008406983509266176,0.9381686493726125,0.008942584734727315
Turbulent radiative layer 2D,tcool_0.03,density,train,boxcar,22,0.7333333333333333,2.727272727272727,4.355544545454546,0.008068376877967185,0.9462370262505796,0.008526861923516208
Turbulent radiative layer 2D,tcool_0.03,density,train,boxcar,23,0.7666666666666667,2.608695652173913,4.166173043478261,0.007707912252266905,0.9539449385028466,0.008180826636297513
Turbulent radiative layer 2D,tcool_0.03,density,train,boxcar,24,0.8,2.5,3.9925824999999997,0.008121638315952855,0.9620665768187994,0.00789565512939546
Turbulent radiative layer 2D,tcool_0.03,density,train,boxcar,25,0.8333333333333334,2.4,3.8328792,0.007101575684276459,0.9691681525030759,0.007664434789455588
Turbulent radiative layer 2D,tcool_0.03,density,train,boxcar,26,0.8666666666666667,2.3076923076923075,3.6854607692307693,0.006997944647904864,0.9761660971509807,0.007481800635782511
Turbulent radiative layer 2D,tcool_0.03,density,train,boxcar,27,0.9,2.2222222222222223,3.548962222222222,0.006622641294864616,0.9827887384458452,0.007343667689176351
Turbulent radiative layer 2D,tcool_0.03,density,train,boxcar,28,0.9333333333333333,2.142857142857143,3.4222135714285713,0.007024455032692993,0.9898131934785382,0.007247036206245478
Turbulent radiative layer 2D,tcool_0.03,density,train,boxcar,29,0.9666666666666667,2.0689655172413794,3.3042062068965516,0.006613100932665034,0.9964262944112032,0.0071898538689998915
Turbulent radiative layer 2D,tcool_0.03,density,train,boxcar,30,1.0,2.0,3.194066,0.003573705588796984,1.0000000000000002,0.003585462071621524
Turbulent radiative layer 2D,tcool_0.03,density,train,hann,1,0.03333333333333333,60.0,95.82198,0.1524374876555849,0.1524374876555849,0.15915307438079104
Turbulent radiative layer 2D,tcool_0.03,density,train,hann,2,0.06666666666666667,30.0,47.91099,0.09980561221858554,0.25224309987417043,0.13719524461978286
Turbulent radiative layer 2D,tcool_0.03,density,train,hann,3,0.1,20.0,31.940659999999998,0.1343802391240581,0.38662333899822854,0.11169846283566938
Turbulent radiative layer 2D,tcool_0.03,density,train,hann,4,0.13333333333333333,15.0,23.955495,0.0899131541675477,0.47653649316577623,0.08883829331594142
Turbulent radiative layer 2D,tcool_0.03,density,train,hann,5,0.16666666666666666,12.0,19.164396,0.06904891333218975,0.545585406497966,0.07054753548380234
Turbulent radiative layer 2D,tcool_0.03,density,train,hann,6,0.2,10.0,15.970329999999999,0.08299730522484254,0.6285827117228087,0.056573894807703015
Turbulent radiative layer 2D,tcool_0.03,density,train,hann,7,0.23333333333333334,8.571428571428571,13.688854285714285,0.05235705163967661,0.6809397633624852,0.04603729348617084
Turbulent radiative layer 2D,tcool_0.03,density,train,hann,8,0.26666666666666666,7.5,11.9777475,0.0320509931636553,0.7129907565261405,0.038070459215672287
Turbulent radiative layer 2D,tcool_0.03,density,train,hann,9,0.3,6.666666666666667,10.646886666666667,0.036738681530995194,0.7497294380571357,0.03198680579193784
Turbulent radiative layer 2D,tcool_0.03,density,train,hann,10,0.3333333333333333,6.0,9.582198,0.028737050233391653,0.7784664882905273,0.027282003132844183
Turbulent radiative layer 2D,tcool_0.03,density,train,hann,11,0.36666666666666664,5.454545454545454,8.711089090909091,0.0215347772392178,0.8000012655297452,0.023594952310211154
Turbulent radiative layer 2D,tcool_0.03,density,train,hann,12,0.4,5.0,7.985164999999999,0.019814363552625565,0.8198156290823706,0.02066825661824496
Turbulent radiative layer 2D,tcool_0.03,density,train,hann,13,0.43333333333333335,4.615384615384615,7.3709215384615385,0.01716828816464771,0.8369839172470184,0.018317456644942703
Turbulent radiative layer 2D,tcool_0.03,density,train,hann,14,0.4666666666666667,4.285714285714286,6.844427142857143,0.01651117430808208,0.8534950915551005,0.016409048034841976
Turbulent radiative layer 2D,tcool_0.03,density,train,hann,15,0.5,4.0,6.388132,0.016434995679685687,0.8699300872347862,0.01484525805649993
Turbulent radiative layer 2D,tcool_0.03,density,train,hann,16,0.5333333333333333,3.75,5.98887375,0.013618406344255138,0.8835484935790413,0.013553594171384697
Turbulent radiative layer 2D,tcool_0.03,density,train,hann,17,0.5666666666666667,3.5294117647058822,5.63658705882353,0.010869917366704365,0.8944184109457456,0.012479654584726274
Turbulent radiative layer 2D,tcool_0.03,density,train,hann,18,0.6,3.3333333333333335,5.3234433333333335,0.012985341331822477,0.907403752277568,0.011582146674105795
Turbulent radiative layer 2D,tcool_0.03,density,train,hann,19,0.6333333333333333,3.1578947368421053,5.043262105263158,0.01105558887527898,0.9184593411528471,0.010829401248322585
Turbulent radiative layer 2D,tcool_0.03,density,train,hann,20,0.6666666666666666,3.0,4.791099,0.008789008252456793,0.9272483494053039,0.010196906878138167
Turbulent radiative layer 2D,tcool_0.03,density,train,hann,21,0.7,2.857142857142857,4.562951428571428,0.008849103908661485,0.9360974533139653,0.009665546518261849
Turbulent radiative layer 2D,tcool_0.03,density,train,hann,22,0.7333333333333333,2.727272727272727,4.355544545454546,0.008528318051248452,0.9446257713652139,0.009220323069038205
Turbulent radiative layer 2D,tcool_0.03,density,train,hann,23,0.7666666666666667,2.608695652173913,4.166173043478261,0.008421758499990493,0.9530475298652044,0.008849429505852394
Turbulent radiative layer 2D,tcool_0.03,density,train,hann,24,0.8,2.5,3.9925824999999997,0.008400332489295916,0.9614478623545003,0.008543564996374124
Turbulent radiative layer 2D,tcool_0.03,density,train,hann,25,0.8333333333333334,2.4,3.8328792,0.007394590139902323,0.9688424524944025,0.008295429081107279
Turbulent radiative layer 2D,tcool_0.03,density,train,hann,26,0.8666666666666667,2.3076923076923075,3.6854607692307693,0.007290832056671993,0.9761332845510745,0.008099346735745822
Turbulent radiative layer 2D,tcool_0.03,density,train,hann,27,0.9,2.2222222222222223,3.548962222222222,0.00710546504635476,0.9832387495974292,0.007950991350365474
Turbulent radiative layer 2D,tcool_0.03,density,train,hann,28,0.9333333333333333,2.142857142857143,3.4222135714285713,0.006849112556635728,0.9900878621540649,0.007847182555509022
Turbulent radiative layer 2D,tcool_0.03,density,train,hann,29,0.9666666666666667,2.0689655172413794,3.3042062068965516,0.006413974771981888,0.9965018369260468,0.007785742848703115
Turbulent radiative layer 2D,tcool_0.03,density,train,hann,30,1.0,2.0,3.194066,0.0034981630739532106,1.0,0.003882701047309009
Turbulent radiative layer 2D,tcool_0.03,pressure,full,boxcar,1,0.02,101.0,161.300333,0.29244631728048415,0.29244631728048415,0.07912183745110436
Turbulent radiative layer 2D,tcool_0.03,pressure,full,boxcar,2,0.04,50.5,80.6501665,0.0348355281641504,0.3272818454446345,0.07604261262423802
Turbulent radiative layer 2D,tcool_0.03,pressure,full,boxcar,3,0.06,33.666666666666664,53.76677766666666,0.05443468085827745,0.381716526302912,0.07142195497203781
Turbulent radiative layer 2D,tcool_0.03,pressure,full,boxcar,4,0.08,25.25,40.32508325,0.04166337306015341,0.42337989936306536,0.06584244592684659
Turbulent radiative layer 2D,tcool_0.03,pressure,full,boxcar,5,0.1,20.2,32.2600666,0.02901407015913169,0.4523939695221971,0.05986104927813129
Turbulent radiative layer 2D,tcool_0.03,pressure,full,boxcar,6,0.12,16.833333333333332,26.88338883333333,0.03233599910217388,0.484729968624371,0.05391366478613358
Turbulent radiative layer 2D,tcool_0.03,pressure,full,boxcar,7,0.14,14.428571428571429,23.042904714285715,0.030150892623704108,0.5148808612480751,0.04828794928761932
Turbulent radiative layer 2D,tcool_0.03,pressure,full,boxcar,8,0.16,12.625,20.162541625,0.01878795652473329,0.5336688177728084,0.04314105672763319
Turbulent radiative layer 2D,tcool_0.03,pressure,full,boxcar,9,0.18,11.222222222222221,17.922259222222223,0.022528441303836143,0.5561972590766445,0.03853469691644713
Turbulent radiative layer 2D,tcool_0.03,pressure,full,boxcar,10,0.2,10.1,16.1300333,0.0386064825737122,0.5948037416503568,0.03446971815246357
Turbulent radiative layer 2D,tcool_0.03,pressure,full,boxcar,11,0.22,9.181818181818182,14.663666636363637,0.024436457547833194,0.61924019919819,0.03091292100401888
Turbulent radiative layer 2D,tcool_0.03,pressure,full,boxcar,12,0.24,8.416666666666666,13.441694416666666,0.010992549345093434,0.6302327485432834,0.027815166543015506
Turbulent radiative layer 2D,tcool_0.03,pressure,full,boxcar,13,0.26,7.769230769230769,12.407717923076923,0.011111718954268929,0.6413444674975523,0.025122432278721192
Turbulent radiative layer 2D,tcool_0.03,pressure,full,boxcar,14,0.28,7.214285714285714,11.521452357142858,0.042404749693397234,0.6837492171909495,0.022781956895386535
Turbulent radiative layer 2D,tcool_0.03,pressure,full,boxcar,15,0.3,6.733333333333333,10.753355533333332,0.027857380500403817,0.7116065976913534,0.02074527131747191
Turbulent radiative layer 2D,tcool_0.03,pressure,full,boxcar,16,0.32,6.3125,10.0812708125,0.012291019188360603,0.723897616879714,0.018969391926865968
Turbulent radiative layer 2D,tcool_0.03,pressure,full,boxcar,17,0.34,5.9411764705882355,9.48825488235294,0.015409154257630741,0.7393067711373448,0.017417000893114532
Turbulent radiative layer 2D,tcool_0.03,pressure,full,boxcar,18,0.36,5.611111111111111,8.961129611111112,0.013545330362938833,0.7528521015002836,0.016056114608230084
Turbulent radiative layer 2D,tcool_0.03,pressure,full,boxcar,19,0.38,5.315789473684211,8.489491210526316,0.01731633644590748,0.770168437946191,0.014859529400359162
Turbulent radiative layer 2D,tcool_0.03,pressure,full,boxcar,20,0.4,5.05,8.06501665,0.009097865616505519,0.7792663035626967,0.013804203096100929
Turbulent radiative layer 2D,tcool_0.03,pressure,full,boxcar,21,0.42,4.809523809523809,7.680968238095238,0.012080687239253297,0.79134699080195,0.012870653826352146
Turbulent radiative layer 2D,tcool_0.03,pressure,full,boxcar,22,0.44,4.590909090909091,7.331833318181818,0.012868518623840433,0.8042155094257905,0.01204241351980431
Turbulent radiative layer 2D,tcool_0.03,pressure,full,boxcar,23,0.46,4.391304347826087,7.013057956521739,0.012029061275734883,0.8162445707015253,0.01130554946670432
Turbulent radiative layer 2D,tcool_0.03,pressure,full,boxcar,24,0.48,4.208333333333333,6.720847208333333,0.00973009223015866,0.825974662931684,0.010648254832827326
Turbulent radiative layer 2D,tcool_0.03,pressure,full,boxcar,25,0.5,4.04,6.45201332,0.011199965521515262,0.8371746284531992,0.010060503035785222
Turbulent radiative layer 2D,tcool_0.03,pressure,full,boxcar,26,0.52,3.8846153846153846,6.203858961538462,0.008172637395872914,0.8453472658490722,0.009533758508879036
Turbulent radiative layer 2D,tcool_0.03,pressure,full,boxcar,27,0.54,3.740740740740741,5.974086407407407,0.008289633883611973,0.8536368997326841,0.009060735871422565
Turbulent radiative layer 2D,tcool_0.03,pressure,full,boxcar,28,0.56,3.607142857142857,5.760726178571429,0.00890615791957709,0.8625430576522611,0.008635199940692955
Turbulent radiative layer 2D,tcool_0.03,pressure,full,boxcar,29,0.58,3.4827586206896552,5.562080448275862,0.0068321490402657,0.8693752066925268,0.00825179983301448
Turbulent radiative layer 2D,tcool_0.03,pressure,full,boxcar,30,0.6,3.3666666666666667,5.376677766666666,0.005868405381849855,0.8752436120743767,0.007905931330815814
Turbulent radiative layer 2D,tcool_0.03,pressure,full,boxcar,31,0.62,3.2580645161290325,5.203236548387097,0.008217838242420549,0.8834614503167972,0.007593622598916608
Turbulent radiative layer 2D,tcool_0.03,pressure,full,boxcar,32,0.64,3.15625,5.04063540625,0.00723705096360329,0.8906985012804005,0.007311439153667783
Turbulent radiative layer 2D,tcool_0.03,pressure,full,boxcar,33,0.66,3.0606060606060606,4.887888878787878,0.0068465715060667025,0.8975450727864672,0.007056404700846334
Turbulent radiative layer 2D,tcool_0.03,pressure,full,boxcar,34,0.68,2.9705882352941178,4.74412744117647,0.0068481592623892374,0.9043932320488565,0.0068259350613023816
Turbulent radiative layer 2D,tcool_0.03,pressure,full,boxcar,35,0.7,2.8857142857142857,4.6085809428571425,0.007267137194183919,0.9116603692430404,0.006617782906006728
Turbulent radiative layer 2D,tcool_0.03,pressure,full,boxcar,36,0.72,2.8055555555555554,4.480564805555556,0.0075706086314499006,0.9192309778744903,0.006429991436891246
Turbulent radiative layer 2D,tcool_0.03,pressure,full,boxcar,37,0.74,2.72972972972973,4.3594684594594595,0.007802538678170534,0.9270335165526609,0.006260855489944683
Turbulent radiative layer 2D,tcool_0.03,pressure,full,boxcar,38,0.76,2.6578947368421053,4.244745605263158,0.005885256761500826,0.9329187733141617,0.00610888881484875
Turbulent radiative layer 2D,tcool_0.03,pressure,full,boxcar,39,0.78,2.58974358974359,4.135905974358974,0.005714239613507475,0.9386330129276692,0.0059727965120044855
Turbulent radiative layer 2D,tcool_0.03,pressure,full,boxcar,40,0.8,2.525,4.032508325,0.006654808423437562,0.9452878213511068,0.005851451792500701
Turbulent radiative layer 2D,tcool_0.03,pressure,full,boxcar,41,0.82,2.4634146341463414,3.934154463414634,0.006405063117194662,0.9516928844683014,0.005743876377271431
Turbulent radiative layer 2D,tcool_0.03,pressure,full,boxcar,42,0.84,2.4047619047619047,3.840484119047619,0.0052997891285210125,0.9569926735968224,0.00564922397486189
Turbulent radiative layer 2D,tcool_0.03,pressure,full,boxcar,43,0.86,2.3488372093023258,3.751170534883721,0.0051292602430238875,0.9621219338398462,0.005566766378176847
Turbulent radiative layer 2D,tcool_0.03,pressure,full,boxcar,44,0.88,2.2954545454545454,3.665916659090909,0.005718810483224461,0.9678407443230708,0.005495881803640403
Turbulent radiative layer 2D,tcool_0.03,pressure,full,boxcar,45,0.9,2.2444444444444445,3.584451844444444,0.006687860347098052,0.9745286046701689,0.0054360451648597175
Turbulent radiative layer 2D,tcool_0.03,pressure,full,boxcar,46,0.92,2.1956521739130435,3.5065289782608695,0.005548634910182329,0.9800772395803512,0.005386820030007376
Turbulent radiative layer 2D,tcool_0.03,pressure,full,boxcar,47,0.94,2.148936170212766,3.431921978723404,0.004428338544740887,0.9845055781250921,0.0053478520600379765
Turbulent radiative layer 2D,tcool_0.03,pressure,full,boxcar,48,0.96,2.1041666666666665,3.3604236041666664,0.005332608931853072,0.9898381870569452,0.005318863765433283
Turbulent radiative layer 2D,tcool_0.03,pressure,full,boxcar,49,0.98,2.061224489795918,3.291843530612245,0.005692762979374724,0.9955309500363199,0.005299650453992089
Turbulent radiative layer 2D,tcool_0.03,pressure,full,boxcar,50,1.0,2.02,3.22600666,0.004469049963680384,1.0000000000000002,0.005290077272551496
Turbulent radiative layer 2D,tcool_0.03,pressure,full,hann,1,0.02,101.0,161.300333,0.2222095407102317,0.2222095407102317,0.06301103578437708
Turbulent radiative layer 2D,tcool_0.03,pressure,full,hann,2,0.04,50.5,80.6501665,0.09893892652537062,0.3211484672356023,0.06147894795375957
Turbulent radiative layer 2D,tcool_0.03,pressure,full,hann,3,0.06,33.666666666666664,53.76677766666666,0.03699732754777283,0.3581457947833751,0.05909052140456496
Turbulent radiative layer 2D,tcool_0.03,pressure,full,hann,4,0.08,25.25,40.32508325,0.023713686608898787,0.3818594813922739,0.05605360870413298
Turbulent radiative layer 2D,tcool_0.03,pressure,full,hann,5,0.1,20.2,32.2600666,0.018113932337498407,0.3999734137297723,0.052596109176874246
Turbulent radiative layer 2D,tcool_0.03,pressure,full,hann,6,0.12,16.833333333333332,26.88338883333333,0.016515512709635773,0.4164889264394081,0.048931108013533314
Turbulent radiative layer 2D,tcool_0.03,pressure,full,hann,7,0.14,14.428571428571429,23.042904714285715,0.02048841159399225,0.4369773380334004,0.045234939013688684
Turbulent radiative layer 2D,tcool_0.03,pressure,full,hann,8,0.16,12.625,20.162541625,0.01669744975696489,0.45367478779036524,0.04163877015351267
Turbulent radiative layer 2D,tcool_0.03,pressure,full,hann,9,0.18,11.222222222222221,17.922259222222223,0.03854360129389467,0.4922183890842599,0.038230200212430336
Turbulent radiative layer 2D,tcool_0.03,pressure,full,hann,10,0.2,10.1,16.1300333,0.0498908494099445,0.5421092384942043,0.03506031457787551
Turbulent radiative layer 2D,tcool_0.03,pressure,full,hann,11,0.22,9.181818181818182,14.663666636363637,0.027163861586486687,0.5692731000806911,0.03215251364236839
Turbulent radiative layer 2D,tcool_0.03,pressure,full,hann,12,0.24,8.416666666666666,13.441694416666666,0.01529024604412918,0.5845633461248202,0.029510866610431827
Turbulent radiative layer 2D,tcool_0.03,pressure,full,hann,13,0.26,7.769230769230769,12.407717923076923,0.019674013550405798,0.6042373596752261,0.027126977097069505
Turbulent radiative layer 2D,tcool_0.03,pressure,full,hann,14,0.28,7.214285714285714,11.521452357142858,0.03287759275520009,0.6371149524304262,0.024985136680335713
Turbulent radiative layer 2D,tcool_0.03,pressure,full,hann,15,0.3,6.733333333333333,10.753355533333332,0.02171749052492052,0.6588324429553467,0.023065940577275956
Turbulent radiative layer 2D,tcool_0.03,pressure,full,hann,16,0.32,6.3125,10.0812708125,0.014584242839397285,0.673416685794744,0.021348681660186507
Turbulent radiative layer 2D,tcool_0.03,pressure,full,hann,17,0.34,5.9411764705882355,9.48825488235294,0.012604656504467425,0.6860213422992114,0.019812845568137356
Turbulent radiative layer 2D,tcool_0.03,pressure,full,hann,18,0.36,5.611111111111111,8.961129611111112,0.015688062947081978,0.7017094052462933,0.018438979636368487
Turbulent radiative layer 2D,tcool_0.03,pressure,full,hann,19,0.38,5.315789473684211,8.489491210526316,0.018276587748399548,0.7199859929946929,0.01720914451176429
Turbulent radiative layer 2D,tcool_0.03,pressure,full,hann,20,0.4,5.05,8.06501665,0.010433545113867746,0.7304195381085606,0.016107098861724112
Turbulent radiative layer 2D,tcool_0.03,pressure,full,hann,21,0.42,4.809523809523809,7.680968238095238,0.010437369015045083,0.7408569071236056,0.015118320876799301
Turbulent radiative layer 2D,tcool_0.03,pressure,full,hann,22,0.44,4.590909090909091,7.331833318181818,0.011649090740330523,0.7525059978639362,0.014229935660611865
Turbulent radiative layer 2D,tcool_0.03,pressure,full,hann,23,0.46,4.391304347826087,7.013057956521739,0.013304691094241637,0.7658106889581778,0.013430593165778833
Turbulent radiative layer 2D,tcool_0.03,pressure,full,hann,24,0.48,4.208333333333333,6.720847208333333,0.014311141186242082,0.7801218301444199,0.012710324660048199
Turbulent radiative layer 2D,tcool_0.03,pressure,full,hann,25,0.5,4.04,6.45201332,0.012381301381710213,0.7925031315261302,0.01206039462549645
Turbulent radiative layer 2D,tcool_0.03,pressure,full,hann,26,0.52,3.8846153846153846,6.203858961538462,0.008492131135970242,0.8009952626621004,0.011473157796210708
Turbulent radiative layer 2D,tcool_0.03,pressure,full,hann,27,0.54,3.740740740740741,5.974086407407407,0.009877649287392725,0.8108729119494932,0.010941926468922884
Turbulent radiative layer 2D,tcool_0.03,pressure,full,hann,28,0.56,3.607142857142857,5.760726178571429,0.010585621166230578,0.8214585331157237,0.010460850390179943
Turbulent radiative layer 2D,tcool_0.03,pressure,full,hann,29,0.58,3.4827586206896552,5.562080448275862,0.008716524659748376,0.8301750577754721,0.01002480982561074
Turbulent radiative layer 2D,tcool_0.03,pressure,full,hann,30,0.6,3.3666666666666667,5.376677766666666,0.0075221687215037405,0.8376972264969758,0.00962932144418285
Turbulent radiative layer 2D,tcool_0.03,pressure,full,hann,31,0.62,3.2580645161290325,5.203236548387097,0.008348034147367121,0.8460452606443428,0.00927045613386071
Turbulent radiative layer 2D,tcool_0.03,pressure,full,hann,32,0.64,3.15625,5.04063540625,0.007698594276493463,0.8537438549208364,0.008944767629345948
Turbulent radiative layer 2D,tcool_0.03,pressure,full,hann,33,0.66,3.0606060606060606,4.887888878787878,0.007490163240169971,0.8612340181610063,0.008649230764686646
Turbulent radiative layer 2D,tcool_0.03,pressure,full,hann,34,0.68,2.9705882352941178,4.74412744117647,0.008006585056347099,0.8692406032173534,0.00838118819176001
Turbulent radiative layer 2D,tcool_0.03,pressure,full,hann,35,0.7,2.8857142857142857,4.6085809428571425,0.008596276982315647,0.8778368801996691,0.008138304485098441
Turbulent radiative layer 2D,tcool_0.03,pressure,full,hann,36,0.72,2.8055555555555554,4.480564805555556,0.010240203000812428,0.8880770832004816,0.007918526656732008
Turbulent radiative layer 2D,tcool_0.03,pressure,full,hann,37,0.74,2.72972972972973,4.3594684594594595,0.010015610184969156,0.8980926933854507,0.00772005021525044
Turbulent radiative layer 2D,tcool_0.03,pressure,full,hann,38,0.76,2.6578947368421053,4.244745605263158,0.007171700359033696,0.9052643937444844,0.007541290011759772
Turbulent radiative layer 2D,tcool_0.03,pressure,full,hann,39,0.78,2.58974358974359,4.135905974358974,0.007338697511554348,0.9126030912560388,0.007380855216819698
Turbulent radiative layer 2D,tcool_0.03,pressure,full,hann,40,0.8,2.525,4.032508325,0.009266859389123432,0.9218699506451622,0.007237527864480388
Turbulent radiative layer 2D,tcool_0.03,pressure,full,hann,41,0.82,2.4634146341463414,3.934154463414634,0.008557415976348877,0.9304273666215112,0.007110244481478003
Turbulent radiative layer 2D,tcool_0.03,pressure,full,hann,42,0.84,2.4047619047619047,3.840484119047619,0.008321632434891842,0.938748999056403,0.006998080391701715
Turbulent radiative layer 2D,tcool_0.03,pressure,full,hann,43,0.86,2.3488372093023258,3.751170534883721,0.007903016234323117,0.9466520152907262,0.00690023634891206
Turbulent radiative layer 2D,tcool_0.03,pressure,full,hann,44,0.88,2.2954545454545454,3.665916659090909,0.008027456879583823,0.9546794721703099,0.006816027205305474
Turbulent radiative layer 2D,tcool_0.03,pressure,full,hann,45,0.9,2.2444444444444445,3.584451844444444,0.00902406066989474,0.9637035328402047,0.006744872370897566
Turbulent radiative layer 2D,tcool_0.03,pressure,full,hann,46,0.92,2.1956521739130435,3.5065289782608695,0.008716497384294235,0.972420030224499,0.006686287859845431
Turbulent radiative layer 2D,tcool_0.03,pressure,full,hann,47,0.94,2.148936170212766,3.431921978723404,0.007121754062555277,0.9795417842870543,0.006639879755699947
Turbulent radiative layer 2D,tcool_0.03,pressure,full,hann,48,0.96,2.1041666666666665,3.3604236041666664,0.007029856762297306,0.9865716410493516,0.006605338959051949
Turbulent radiative layer 2D,tcool_0.03,pressure,full,hann,49,0.98,2.061224489795918,3.291843530612245,0.007219838358217527,0.9937914794075691,0.006582437108910355
Turbulent radiative layer 2D,tcool_0.03,pressure,full,hann,50,1.0,2.02,3.22600666,0.0062085205924312,1.0000000000000002,0.006571023594150076
Turbulent radiative layer 2D,tcool_0.03,pressure,train,boxcar,1,0.03333333333333333,60.0,95.82198,0.31973352572218583,0.31973352572218583,0.15338983514038307
Turbulent radiative layer 2D,tcool_0.03,pressure,train,boxcar,2,0.06666666666666667,30.0,47.91099,0.20548243079114697,0.5252159565133327,0.13356632318491948
Turbulent radiative layer 2D,tcool_0.03,pressure,train,boxcar,3,0.1,20.0,31.940659999999998,0.050453842397125734,0.5756697989104586,0.1100380215646469
Turbulent radiative layer 2D,tcool_0.03,pressure,train,boxcar,4,0.13333333333333333,15.0,23.955495,0.025299634979934996,0.6009694338903936,0.08846152368925203
Turbulent radiative layer 2D,tcool_0.03,pressure,train,boxcar,5,0.16666666666666666,12.0,19.164396,0.02866710514324518,0.6296365390336387,0.07085978352205459
Turbulent radiative layer 2D,tcool_0.03,pressure,train,boxcar,6,0.2,10.0,15.970329999999999,0.057633261148196016,0.6872698001818348,0.057204686256211924
Turbulent radiative layer 2D,tcool_0.03,pressure,train,boxcar,7,0.23333333333333334,8.571428571428571,13.688854285714285,0.026259123747613786,0.7135289239294487,0.04678676572345822
Turbulent radiative layer 2D,tcool_0.03,pressure,train,boxcar,8,0.26666666666666666,7.5,11.9777475,0.020876462907036663,0.7344053868364853,0.03883921855756926
Turbulent radiative layer 2D,tcool_0.03,pressure,train,boxcar,9,0.3,6.666666666666667,10.646886666666667,0.016558685585282857,0.7509640724217682,0.0327289564507864
Turbulent radiative layer 2D,tcool_0.03,pressure,train,boxcar,10,0.3333333333333333,6.0,9.582198,0.02462757206813201,0.7755916444899001,0.02797880622025295
Turbulent radiative layer 2D,tcool_0.03,pressure,train,boxcar,11,0.36666666666666664,5.454545454545454,8.711089090909091,0.020336704044623653,0.7959283485345239,0.02424101179856751
Turbulent radiative layer 2D,tcool_0.03,pressure,train,boxcar,12,0.4,5.0,7.985164999999999,0.016185771155943742,0.8121141196904677,0.021264472032458803
Turbulent radiative layer 2D,tcool_0.03,pressure,train,boxcar,13,0.43333333333333335,4.615384615384615,7.3709215384615385,0.010997577126231685,0.8231116968166993,0.018867478558517312
Turbulent radiative layer 2D,tcool_0.03,pressure,train,boxcar,14,0.4666666666666667,4.285714285714286,6.844427142857143,0.01258296549369438,0.8356946623103937,0.01691752115423474
Turbulent radiative layer 2D,tcool_0.03,pressure,train,boxcar,15,0.5,4.0,6.388132,0.012290460776151271,0.847985123086545,0.015316973198328847
Turbulent radiative layer 2D,tcool_0.03,pressure,train,boxcar,16,0.5333333333333333,3.75,5.98887375,0.013996611298134318,0.8619817343846793,0.013993101362802228
Turbulent radiative layer 2D,tcool_0.03,pressure,train,boxcar,17,0.5666666666666667,3.5294117647058822,5.63658705882353,0.010266512580454372,0.8722482469651336,0.012891108515771377
Turbulent radiative layer 2D,tcool_0.03,pressure,train,boxcar,18,0.6,3.3333333333333335,5.3234433333333335,0.011432299286377227,0.8836805462515108,0.011969267121246734
Turbulent radiative layer 2D,tcool_0.03,pressure,train,boxcar,19,0.6333333333333333,3.1578947368421053,5.043262105263158,0.008040166834271778,0.8917207130857827,0.011195488128442507
Turbulent radiative layer 2D,tcool_0.03,pressure,train,boxcar,20,0.6666666666666666,3.0,4.791099,0.008234294591331879,0.8999550076771146,0.010544879041963962
Turbulent radiative layer 2D,tcool_0.03,pressure,train,boxcar,21,0.7,2.857142857142857,4.562951428571428,0.00889683579989463,0.9088518434770092,0.009997988704099502
Turbulent radiative layer 2D,tcool_0.03,pressure,train,boxcar,22,0.7333333333333333,2.727272727272727,4.355544545454546,0.01076180050014823,0.9196136439771574,0.00953953342859176
Turbulent radiative layer 2D,tcool_0.03,pressure,train,boxcar,23,0.7666666666666667,2.608695652173913,4.166173043478261,0.01044098283440873,0.930054626811566,0.00915746427725927
Turbulent radiative layer 2D,tcool_0.03,pressure,train,boxcar,24,0.8,2.5,3.9925824999999997,0.013835603113418738,0.9438902299249848,0.008842279047335335
Turbulent radiative layer 2D,tcool_0.03,pressure,train,boxcar,25,0.8333333333333334,2.4,3.8328792,0.01053874111062187,0.9544289710356068,0.008586512127835788
Turbulent radiative layer 2D,tcool_0.03,pressure,train,boxcar,26,0.8666666666666667,2.3076923076923075,3.6854607692307693,0.010849975663591797,0.9652789466991986,0.008384355565255255
Turbulent radiative layer 2D,tcool_0.03,pressure,train,boxcar,27,0.9,2.2222222222222223,3.548962222222222,0.011151006049081993,0.9764299527482805,0.008231378603502553
Turbulent radiative layer 2D,tcool_0.03,pressure,train,boxcar,28,0.9333333333333333,2.142857142857143,3.4222135714285713,0.009327898111252331,0.9857578508595328,0.00812432271056193
Turbulent radiative layer 2D,tcool_0.03,pressure,train,boxcar,29,0.9666666666666667,2.0689655172413794,3.3042062068965516,0.009854981013914906,0.9956128318734477,0.008060956058046784
Turbulent radiative layer 2D,tcool_0.03,pressure,train,boxcar,30,1.0,2.0,3.194066,0.004387168126552232,1.0,0.0040199882556430375
Turbulent radiative layer 2D,tcool_0.03,pressure,train,hann,1,0.03333333333333333,60.0,95.82198,0.3483813363411255,0.3483813363411255,0.15273513306689496
Turbulent radiative layer 2D,tcool_0.03,pressure,train,hann,2,0.06666666666666667,30.0,47.91099,0.1415802277035684,0.48996156404469393,0.13314642446776376
Turbulent radiative layer 2D,tcool_0.03,pressure,train,hann,3,0.1,20.0,31.940659999999998,0.04948640988864707,0.539447973933341,0.10983931291039287
Turbulent radiative layer 2D,tcool_0.03,pressure,train,hann,4,0.13333333333333333,15.0,23.955495,0.031629665683564206,0.5710776396169052,0.08841059486563418
Turbulent radiative layer 2D,tcool_0.03,pressure,train,hann,5,0.16666666666666666,12.0,19.164396,0.039094530815760815,0.610172170432666,0.07089025506319294
Turbulent radiative layer 2D,tcool_0.03,pressure,train,hann,6,0.2,10.0,15.970329999999999,0.0532584563032051,0.663430626735871,0.057273998758304204
Turbulent radiative layer 2D,tcool_0.03,pressure,train,hann,7,0.23333333333333334,8.571428571428571,13.688854285714285,0.023260950279493722,0.6866915770153648,0.04687139419415002
Turbulent radiative layer 2D,tcool_0.03,pressure,train,hann,8,0.26666666666666666,7.5,11.9777475,0.02555732951418763,0.7122489065295524,0.03892718333438966
Turbulent radiative layer 2D,tcool_0.03,pressure,train,hann,9,0.3,6.666666666666667,10.646886666666667,0.01658670677713284,0.7288356133066853,0.03281456671856125
Turbulent radiative layer 2D,tcool_0.03,pressure,train,hann,10,0.3333333333333333,6.0,9.582198,0.022856625491026187,0.7516922387977115,0.028059628281858574
Turbulent radiative layer 2D,tcool_0.03,pressure,train,hann,11,0.36666666666666664,5.454545454545454,8.711089090909091,0.03007573144481524,0.7817679702425268,0.024316245597488854
Turbulent radiative layer 2D,tcool_0.03,pressure,train,hann,12,0.4,5.0,7.985164999999999,0.021289570452560535,0.8030575406950873,0.021334108129984476
Turbulent radiative layer 2D,tcool_0.03,pressure,train,hann,13,0.43333333333333335,4.615384615384615,7.3709215384615385,0.012312043540638298,0.8153695842357255,0.018931866878198637
Turbulent radiative layer 2D,tcool_0.03,pressure,train,hann,14,0.4666666666666667,4.285714285714286,6.844427142857143,0.011194713509450073,0.8265642977451756,0.01697715322727338
Turbulent radiative layer 2D,tcool_0.03,pressure,train,hann,15,0.5,4.0,6.388132,0.01367893134202316,0.8402432290871988,0.015372374565197926
Turbulent radiative layer 2D,tcool_0.03,pressure,train,hann,16,0.5333333333333333,3.75,5.98887375,0.019660702112973077,0.859903931200172,0.014044780704959873
Turbulent radiative layer 2D,tcool_0.03,pressure,train,hann,17,0.5666666666666667,3.5294117647058822,5.63658705882353,0.012615374935334323,0.8725193061355062,0.01293953586335547
Turbulent radiative layer 2D,tcool_0.03,pressure,train,hann,18,0.6,3.3333333333333335,5.3234433333333335,0.010335070954717102,0.8828543770902233,0.012014866764536555
Turbulent radiative layer 2D,tcool_0.03,pressure,train,hann,19,0.6333333333333333,3.1578947368421053,5.043262105263158,0.008933666721884587,0.891788043812108,0.011238638742753519
Turbulent radiative layer 2D,tcool_0.03,pressure,train,hann,20,0.6666666666666666,3.0,4.791099,0.008973521331874224,0.9007615651439822,0.010585917129183688
Turbulent radiative layer 2D,tcool_0.03,pressure,train,hann,21,0.7,2.857142857142857,4.562951428571428,0.010838616574657957,0.9116001817186402,0.010037213344336859
Turbulent radiative layer 2D,tcool_0.03,pressure,train,hann,22,0.7333333333333333,2.727272727272727,4.355544545454546,0.010655298201638214,0.9222554799202785,0.00957721133462498
Turbulent radiative layer 2D,tcool_0.03,pressure,train,hann,23,0.7666666666666667,2.608695652173913,4.166173043478261,0.008828993121625108,0.9310844730419036,0.009193834673016876
Turbulent radiative layer 2D,tcool_0.03,pressure,train,hann,24,0.8,2.5,3.9925824999999997,0.01236915140723679,0.9434536244491404,0.00887755816961885
Turbulent radiative layer 2D,tcool_0.03,pressure,train,hann,25,0.8333333333333334,2.4,3.8328792,0.008344576797398327,0.9517982012465387,0.008620897294433438
Turbulent radiative layer 2D,tcool_0.03,pressure,train,hann,26,0.8666666666666667,2.3076923076923075,3.6854607692307693,0.010733054767980347,0.9625312560145189,0.008418028824853915
Turbulent radiative layer 2D,tcool_0.03,pressure,train,hann,27,0.9,2.2222222222222223,3.548962222222222,0.011630386443106362,0.9741616424576254,0.008264510017024548
Turbulent radiative layer 2D,tcool_0.03,pressure,train,hann,28,0.9333333333333333,2.142857142857143,3.4222135714285713,0.008938312821901792,0.9830999552795272,0.0081570733279999
Turbulent radiative layer 2D,tcool_0.03,pressure,train,hann,29,0.9666666666666667,2.0689655172413794,3.3042062068965516,0.011791259674764786,0.994891214954292,0.008093480659491482
Turbulent radiative layer 2D,tcool_0.03,pressure,train,hann,30,1.0,2.0,3.194066,0.005108785045708258,1.0000000000000002,0.004036213090524571
Turbulent radiative layer 2D,tcool_0.06,density,full,boxcar,1,0.02,101.0,161.300333,0.1924397950085993,0.1924397950085993,0.09892677849464353
Turbulent radiative layer 2D,tcool_0.06,density,full,boxcar,2,0.04,50.5,80.6501665,0.08733906329685988,0.2797788583054592,0.09296490829419868
Turbulent radiative layer 2D,tcool_0.06,density,full,boxcar,3,0.06,33.666666666666664,53.76677766666666,0.0844755025481297,0.3642543608535889,0.08449946628043122
Turbulent radiative layer 2D,tcool_0.06,density,full,boxcar,4,0.08,25.25,40.32508325,0.07778683852780728,0.44204119938139624,0.07497792453312792
Turbulent radiative layer 2D,tcool_0.06,density,full,boxcar,5,0.1,20.2,32.2600666,0.05880402407013417,0.5008452234515305,0.0655328309552346
Turbulent radiative layer 2D,tcool_0.06,density,full,boxcar,6,0.12,16.833333333333332,26.88338883333333,0.03389501651023832,0.5347402399617688,0.056838329740511916
Turbulent radiative layer 2D,tcool_0.06,density,full,boxcar,7,0.14,14.428571428571429,23.042904714285715,0.037647811898015665,0.5723880518597844,0.049186138978115614
Turbulent radiative layer 2D,tcool_0.06,density,full,boxcar,8,0.16,12.625,20.162541625,0.041526400724089724,0.6139144525838741,0.042624933907629704
Turbulent radiative layer 2D,tcool_0.06,density,full,boxcar,9,0.18,11.222222222222221,17.922259222222223,0.02728368311427055,0.6411981356981447,0.037077958241725766
Turbulent radiative layer 2D,tcool_0.06,density,full,boxcar,10,0.2,10.1,16.1300333,0.029374138022381608,0.6705722737205263,0.03241846713534383
Turbulent radiative layer 2D,tcool_0.06,density,full,boxcar,11,0.22,9.181818181818182,14.663666636363637,0.019566167277326088,0.6901384409978524,0.028510584465196675
Turbulent radiative layer 2D,tcool_0.06,density,full,boxcar,12,0.24,8.416666666666666,13.441694416666666,0.016426681271988947,0.7065651222698414,0.025228268092109006
Turbulent radiative layer 2D,tcool_0.06,density,full,boxcar,13,0.26,7.769230769230769,12.407717923076923,0.014143619719601699,0.7207087419894431,0.022462264605962883
Turbulent radiative layer 2D,tcool_0.06,density,full,boxcar,14,0.28,7.214285714285714,11.521452357142858,0.015577985151780356,0.7362867271412236,0.020121166274480223
Turbulent radiative layer 2D,tcool_0.06,density,full,boxcar,15,0.3,6.733333333333333,10.753355533333332,0.01566307266710955,0.7519497998083331,0.018129922051308776
Turbulent radiative layer 2D,tcool_0.06,density,full,boxcar,16,0.32,6.3125,10.0812708125,0.016260075272397003,0.7682098750807301,0.016427490359807048
Turbulent radiative layer 2D,tcool_0.06,density,full,boxcar,17,0.34,5.9411764705882355,9.48825488235294,0.014894320796377121,0.7831041958771072,0.014964414357397869
Turbulent radiative layer 2D,tcool_0.06,density,full,boxcar,18,0.36,5.611111111111111,8.961129611111112,0.0125609708643626,0.7956651667414698,0.01370063828560638
Turbulent radiative layer 2D,tcool_0.06,density,full,boxcar,19,0.38,5.315789473684211,8.489491210526316,0.012703141201734922,0.8083683079432047,0.012603661946509916
Turbulent radiative layer 2D,tcool_0.06,density,full,boxcar,20,0.4,5.05,8.06501665,0.012779747567866054,0.8211480555110708,0.011647031981669253
Turbulent radiative layer 2D,tcool_0.06,density,full,boxcar,21,0.42,4.809523809523809,7.680968238095238,0.0113801302168675,0.8325281857279383,0.010809130567226086
Turbulent radiative layer 2D,tcool_0.06,density,full,boxcar,22,0.44,4.590909090909091,7.331833318181818,0.010327308245608943,0.8428554939735473,0.01007221209963268
Turbulent radiative layer 2D,tcool_0.06,density,full,boxcar,23,0.46,4.391304347826087,7.013057956521739,0.009143914224480737,0.851999408198028,0.009421640430332332
Turbulent radiative layer 2D,tcool_0.06,density,full,boxcar,24,0.48,4.208333333333333,6.720847208333333,0.00845560622468246,0.8604550144227104,0.008845285570601526
Turbulent radiative layer 2D,tcool_0.06,density,full,boxcar,25,0.5,4.04,6.45201332,0.007902511100906052,0.8683575255236164,0.008333046060894226
Turbulent radiative layer 2D,tcool_0.06,density,full,boxcar,26,0.52,3.8846153846153846,6.203858961538462,0.007757535499494916,0.8761150610231113,0.00787646994440038
Turbulent radiative layer 2D,tcool_0.06,density,full,boxcar,27,0.54,3.740740740740741,5.974086407407407,0.00580122911741883,0.8819162901405301,0.0074684530178758075
Turbulent radiative layer 2D,tcool_0.06,density,full,boxcar,28,0.56,3.607142857142857,5.760726178571429,0.007020944991616596,0.8889372351321467,0.007102997693275948
Turbulent radiative layer 2D,tcool_0.06,density,full,boxcar,29,0.58,3.4827586206896552,5.562080448275862,0.007043854839605037,0.8959810899717517,0.006775019499188654
Turbulent radiative layer 2D,tcool_0.06,density,full,boxcar,30,0.6,3.3666666666666667,5.376677766666666,0.006788576262787832,0.9027696662345396,0.006480191140182291
Turbulent radiative layer 2D,tcool_0.06,density,full,boxcar,31,0.62,3.2580645161290325,5.203236548387097,0.006212653981477174,0.9089823202160169,0.0062148162733271
Turbulent radiative layer 2D,tcool_0.06,density,full,boxcar,32,0.64,3.15625,5.04063540625,0.0059495734023750435,0.9149318936183919,0.005975726892991295
Turbulent radiative layer 2D,tcool_0.06,density,full,boxcar,33,0.66,3.0606060606060606,4.887888878787878,0.0054034441928858526,0.9203353378112776,0.005760199551663477
Turbulent radiative layer 2D,tcool_0.06,density,full,boxcar,34,0.68,2.9705882352941178,4.74412744117647,0.0056238855212185765,0.9259592233324963,0.005565886676749982
Turbulent radiative layer 2D,tcool_0.06,density,full,boxcar,35,0.7,2.8857142857142857,4.6085809428571425,0.005076030981770684,0.9310352543142669,0.005390760041789799
Turbulent radiative layer 2D,tcool_0.06,density,full,boxcar,36,0.72,2.8055555555555554,4.480564805555556,0.005317137062804324,0.9363523913770713,0.005233064069851581
Turbulent radiative layer 2D,tcool_0.06,density,full,boxcar,37,0.74,2.72972972972973,4.3594684594594595,0.0048860156716897425,0.9412384070487609,0.005091277128783468
Turbulent radiative layer 2D,tcool_0.06,density,full,boxcar,38,0.76,2.6578947368421053,4.244745605263158,0.004997181563247413,0.9462355886120083,0.004964079354348758
Turbulent radiative layer 2D,tcool_0.06,density,full,boxcar,39,0.78,2.58974358974359,4.135905974358974,0.004667235259693664,0.950902823871702,0.004850325832401349
Turbulent radiative layer 2D,tcool_0.06,density,full,boxcar,40,0.8,2.525,4.032508325,0.004784563910662147,0.9556873877823641,0.004749024203675246
Turbulent radiative layer 2D,tcool_0.06,density,full,boxcar,41,0.82,2.4634146341463414,3.934154463414634,0.004518668717954772,0.9602060565003189,0.004659315938651043
Turbulent radiative layer 2D,tcool_0.06,density,full,boxcar,42,0.84,2.4047619047619047,3.840484119047619,0.004592509292453556,0.9647985657927723,0.00458046067617528
Turbulent radiative layer 2D,tcool_0.06,density,full,boxcar,43,0.86,2.3488372093023258,3.751170534883721,0.004654417244873134,0.9694529830376455,0.004511823136390047
Turbulent radiative layer 2D,tcool_0.06,density,full,boxcar,44,0.88,2.2954545454545454,3.665916659090909,0.004322975947535834,0.9737759589851813,0.004452862212519809
Turbulent radiative layer 2D,tcool_0.06,density,full,boxcar,45,0.9,2.2444444444444445,3.584451844444444,0.004265609800769498,0.9780415687859508,0.0044031219221522455
Turbulent radiative layer 2D,tcool_0.06,density,full,boxcar,46,0.92,2.1956521739130435,3.5065289782608695,0.004763463884533105,0.9828050326704839,0.004362223960731705
Turbulent radiative layer 2D,tcool_0.06,density,full,boxcar,47,0.94,2.148936170212766,3.431921978723404,0.004389475603827994,0.9871945082743119,0.004329861651111768
Turbulent radiative layer 2D,tcool_0.06,density,full,boxcar,48,0.96,2.1041666666666665,3.3604236041666664,0.004057758259858639,0.9912522665341705,0.004305795125603349
Turbulent radiative layer 2D,tcool_0.06,density,full,boxcar,49,0.98,2.061224489795918,3.291843530612245,0.004197714482874036,0.9954499810170446,0.004289847612939376
Turbulent radiative layer 2D,tcool_0.06,density,full,boxcar,50,1.0,2.02,3.22600666,0.004550018982955455,1.0,0.004281902733522509
Turbulent radiative layer 2D,tcool_0.06,density,full,hann,1,0.02,101.0,161.300333,0.10451316908455371,0.10451316908455371,0.09738354816381363
Turbulent radiative layer 2D,tcool_0.06,density,full,hann,2,0.04,50.5,80.6501665,0.07490092628603444,0.17941409537058817,0.0916885499894345
Turbulent radiative layer 2D,tcool_0.06,density,full,hann,3,0.06,33.666666666666664,53.76677766666666,0.09879553750950912,0.2782096328800973,0.08356476850342695
Turbulent radiative layer 2D,tcool_0.06,density,full,hann,4,0.08,25.25,40.32508325,0.11958725450507547,0.3977968873851727,0.07437483420375
Turbulent radiative layer 2D,tcool_0.06,density,full,hann,5,0.1,20.2,32.2600666,0.07029785719015352,0.46809474457532624,0.06520309997241949
Turbulent radiative layer 2D,tcool_0.06,density,full,hann,6,0.12,16.833333333333332,26.88338883333333,0.04519025905838608,0.5132850036337123,0.05671086099982172
Turbulent radiative layer 2D,tcool_0.06,density,full,hann,7,0.14,14.428571428571429,23.042904714285715,0.04126573754481348,0.5545507411785258,0.04919719903069306
Turbulent radiative layer 2D,tcool_0.06,density,full,hann,8,0.16,12.625,20.162541625,0.04193508497721118,0.596485826155737,0.042725116070978064
Turbulent radiative layer 2D,tcool_0.06,density,full,hann,9,0.18,11.222222222222221,17.922259222222223,0.03268207291138861,0.6291678990671256,0.037231990538814604
Turbulent radiative layer 2D,tcool_0.06,density,full,hann,10,0.2,10.1,16.1300333,0.0299322107060317,0.6591001097731573,0.03260243051041112
Turbulent radiative layer 2D,tcool_0.06,density,full,hann,11,0.22,9.181818181818182,14.663666636363637,0.024699331128720626,0.6837994409018779,0.028708827733997373
Turbulent radiative layer 2D,tcool_0.06,density,full,hann,12,0.24,8.416666666666666,13.441694416666666,0.019439749826147854,0.7032391907280257,0.02543084663274386
Turbulent radiative layer 2D,tcool_0.06,density,full,hann,13,0.26,7.769230769230769,12.407717923076923,0.014608486988877557,0.7178476777169033,0.022663049819281023
Turbulent radiative layer 2D,tcool_0.06,density,full,hann,14,0.28,7.214285714285714,11.521452357142858,0.01752884048168781,0.7353765181985911,0.020316530420806642
Turbulent radiative layer 2D,tcool_0.06,density,full,hann,15,0.3,6.733333333333333,10.753355533333332,0.01663482989026378,0.7520113480888547,0.0183178524434877
Turbulent radiative layer 2D,tcool_0.06,density,full,hann,16,0.32,6.3125,10.0812708125,0.014907546640955753,0.7669188947298106,0.01660700353230428
Turbulent radiative layer 2D,tcool_0.06,density,full,hann,17,0.34,5.9411764705882355,9.48825488235294,0.013103646904254298,0.7800225416340648,0.015135172732795769
Turbulent radiative layer 2D,tcool_0.06,density,full,hann,18,0.36,5.611111111111111,8.961129611111112,0.011369896777749225,0.7913924384118141,0.0138627010455761
Turbulent radiative layer 2D,tcool_0.06,density,full,hann,19,0.38,5.315789473684211,8.489491210526316,0.012005420534555803,0.8033978589463698,0.012757323997469237
Turbulent radiative layer 2D,tcool_0.06,density,full,hann,20,0.4,5.05,8.06501665,0.012641323215767044,0.816039182162137,0.011792720477801766
Turbulent radiative layer 2D,tcool_0.06,density,full,hann,21,0.42,4.809523809523809,7.680968238095238,0.011396673056400373,0.8274358552185374,0.010947338960510429
Turbulent radiative layer 2D,tcool_0.06,density,full,hann,22,0.44,4.590909090909091,7.331833318181818,0.011629429158848341,0.8390652843773857,0.010203458631891555
Turbulent radiative layer 2D,tcool_0.06,density,full,hann,23,0.46,4.391304347826087,7.013057956521739,0.010680449677111216,0.8497457340544968,0.00954644252716155
Turbulent radiative layer 2D,tcool_0.06,density,full,hann,24,0.48,4.208333333333333,6.720847208333333,0.010050435194383148,0.85979616924888,0.008964144558861796
Turbulent radiative layer 2D,tcool_0.06,density,full,hann,25,0.5,4.04,6.45201332,0.00888322008369495,0.8686793893325749,0.008446438560556603
Turbulent radiative layer 2D,tcool_0.06,density,full,hann,26,0.52,3.8846153846153846,6.203858961538462,0.007394594970538324,0.8760739843031133,0.007984843543918818
Turbulent radiative layer 2D,tcool_0.06,density,full,hann,27,0.54,3.740740740740741,5.974086407407407,0.006302846343975769,0.882376830647089,0.007572224665286451
Turbulent radiative layer 2D,tcool_0.06,density,full,hann,28,0.56,3.607142857142857,5.760726178571429,0.007069926546891181,0.8894467571939803,0.007202553775184097
Turbulent radiative layer 2D,tcool_0.06,density,full,hann,29,0.58,3.4827586206896552,5.562080448275862,0.006744094205625174,0.8961908513996054,0.006870716935153493
Turbulent radiative layer 2D,tcool_0.06,density,full,hann,30,0.6,3.3666666666666667,5.376677766666666,0.0063770786780062315,0.9025679300776116,0.006572359054499061
Turbulent radiative layer 2D,tcool_0.06,density,full,hann,31,0.62,3.2580645161290325,5.203236548387097,0.006442435360188233,0.9090103654377998,0.006303757961250031
Turbulent radiative layer 2D,tcool_0.06,density,full,hann,32,0.64,3.15625,5.04063540625,0.005818985781583533,0.9148293512193832,0.0060617219010501945
Turbulent radiative layer 2D,tcool_0.06,density,full,hann,33,0.66,3.0606060606060606,4.887888878787878,0.005407689292737446,0.9202370405121207,0.005843505759601667
Turbulent radiative layer 2D,tcool_0.06,density,full,hann,34,0.68,2.9705882352941178,4.74412744117647,0.005855184912737624,0.9260922254248584,0.005646742313402431
Turbulent radiative layer 2D,tcool_0.06,density,full,hann,35,0.7,2.8857142857142857,4.6085809428571425,0.005244262571565307,0.9313364879964237,0.005469385596633863
Turbulent radiative layer 2D,tcool_0.06,density,full,hann,36,0.72,2.8055555555555554,4.480564805555556,0.004801344021277689,0.9361378320177014,0.005309664081117565
Turbulent radiative layer 2D,tcool_0.06,density,full,hann,37,0.74,2.72972972972973,4.3594684594594595,0.004613460786892557,0.9407512928045939,0.005166041841322094
Turbulent radiative layer 2D,tcool_0.06,density,full,hann,38,0.76,2.6578947368421053,4.244745605263158,0.004721262779427809,0.9454725555840218,0.005037186248202653
Turbulent radiative layer 2D,tcool_0.06,density,full,hann,39,0.78,2.58974358974359,4.135905974358974,0.004541275363145274,0.9500138309471671,0.0049219410277511425
Turbulent radiative layer 2D,tcool_0.06,density,full,hann,40,0.8,2.525,4.032508325,0.004488423090454811,0.9545022540376218,0.004819303750559178
Turbulent radiative layer 2D,tcool_0.06,density,full,hann,41,0.82,2.4634146341463414,3.934154463414634,0.0044745210873593025,0.9589767751249811,0.004728407001284508
Turbulent radiative layer 2D,tcool_0.06,density,full,hann,42,0.84,2.4047619047619047,3.840484119047619,0.004676081804152784,0.9636528569291339,0.004648502622291017
Turbulent radiative layer 2D,tcool_0.06,density,full,hann,43,0.86,2.3488372093023258,3.751170534883721,0.004593207303222865,0.9682460642323567,0.004578948542095071
Turbulent radiative layer 2D,tcool_0.06,density,full,hann,44,0.88,2.2954545454545454,3.665916659090909,0.004470483593399637,0.9727165478257563,0.004519197792932582
Turbulent radiative layer 2D,tcool_0.06,density,full,hann,45,0.9,2.2444444444444445,3.584451844444444,0.004665618085491119,0.9773821659112475,0.004468789397683695
Turbulent radiative layer 2D,tcool_0.06,density,full,hann,46,0.92,2.1956521739130435,3.5065289782608695,0.004883091775498007,0.9822652576867454,0.0044273408683999154
Turbulent radiative layer 2D,tcool_0.06,density,full,hann,47,0.94,2.148936170212766,3.431921978723404,0.00464724115755116,0.9869124988442965,0.004394542109793769
Turbulent radiative layer 2D,tcool_0.06,density,full,hann,48,0.96,2.1041666666666665,3.3604236041666664,0.004243159902742963,0.9911556587470395,0.004370150563668249
Turbulent radiative layer 2D,tcool_0.06,density,full,hann,49,0.98,2.061224489795918,3.291843530612245,0.00424323641313856,0.9953988951601781,0.004353987466300602
Turbulent radiative layer 2D,tcool_0.06,density,full,hann,50,1.0,2.02,3.22600666,0.0046011048398214415,0.9999999999999996,0.004345935121808982
Turbulent radiative layer 2D,tcool_0.06,density,train,boxcar,1,0.03333333333333333,60.0,95.82198,0.17280273975443602,0.17280273975443602,0.14129483941639576
Turbulent radiative layer 2D,tcool_0.06,density,train,boxcar,2,0.06666666666666667,30.0,47.91099,0.11756149657478093,0.290364236329217,0.12555809275634036
Turbulent radiative layer 2D,tcool_0.06,density,train,boxcar,3,0.1,20.0,31.940659999999998,0.14866848699475915,0.43903272332397614,0.1060215925666916
Turbulent radiative layer 2D,tcool_0.06,density,train,boxcar,4,0.13333333333333333,15.0,23.955495,0.07002142499292263,0.5090541483168988,0.0872286730806601
Turbulent radiative layer 2D,tcool_0.06,density,train,boxcar,5,0.16666666666666666,12.0,19.164396,0.056041673860744864,0.5650958221776436,0.07123311283968775
Turbulent radiative layer 2D,tcool_0.06,density,train,boxcar,6,0.2,10.0,15.970329999999999,0.05007447695845352,0.6151702991360971,0.0583882941910165
Turbulent radiative layer 2D,tcool_0.06,density,train,boxcar,7,0.23333333333333334,8.571428571428571,13.688854285714285,0.03865717658730198,0.653827475723399,0.048320381367412506
Turbulent radiative layer 2D,tcool_0.06,density,train,boxcar,8,0.26666666666666666,7.5,11.9777475,0.02649599757952875,0.6803234733029279,0.04047803107943311
Turbulent radiative layer 2D,tcool_0.06,density,train,boxcar,9,0.3,6.666666666666667,10.646886666666667,0.0349852730207822,0.71530874632371,0.03435072729878172
Turbulent radiative layer 2D,tcool_0.06,density,train,boxcar,10,0.3333333333333333,6.0,9.582198,0.037419111965326074,0.7527278582890361,0.02952723469706618
Turbulent radiative layer 2D,tcool_0.06,density,train,boxcar,11,0.36666666666666664,5.454545454545454,8.711089090909091,0.031785104137033185,0.7845129624260693,0.025694142309579733
Turbulent radiative layer 2D,tcool_0.06,density,train,boxcar,12,0.4,5.0,7.985164999999999,0.024723401354669033,0.8092363637807383,0.022617718529607003
Turbulent radiative layer 2D,tcool_0.06,density,train,boxcar,13,0.43333333333333335,4.615384615384615,7.3709215384615385,0.018013302533862175,0.8272496663146005,0.02012465922270126
Turbulent radiative layer 2D,tcool_0.06,density,train,boxcar,14,0.4666666666666667,4.285714285714286,6.844427142857143,0.018606294874301422,0.8458559611889018,0.018086177792285815
Turbulent radiative layer 2D,tcool_0.06,density,train,boxcar,15,0.5,4.0,6.388132,0.01642077267501569,0.8622767338639176,0.016405964306581495
Turbulent radiative layer 2D,tcool_0.06,density,train,boxcar,16,0.5333333333333333,3.75,5.98887375,0.011222303953640357,0.873499037817558,0.015011399052548698
Turbulent radiative layer 2D,tcool_0.06,density,train,boxcar,17,0.5666666666666667,3.5294117647058822,5.63658705882353,0.013016107389724458,0.8865151452072825,0.013847231348721583
Turbulent radiative layer 2D,tcool_0.06,density,train,boxcar,18,0.6,3.3333333333333335,5.3234433333333335,0.0122853024419951,0.8988004476492776,0.012871046448782392
Turbulent radiative layer 2D,tcool_0.06,density,train,boxcar,19,0.6333333333333333,3.1578947368421053,5.043262105263158,0.011128640946611664,0.9099290885958893,0.012050006341849944
Turbulent radiative layer 2D,tcool_0.06,density,train,boxcar,20,0.6666666666666666,3.0,4.791099,0.010106062234322429,0.9200351508302117,0.011358493281714722
Turbulent radiative layer 2D,tcool_0.06,density,train,boxcar,21,0.7,2.857142857142857,4.562951428571428,0.009831543327475425,0.9298666941576872,0.010776393965009054
Turbulent radiative layer 2D,tcool_0.06,density,train,boxcar,22,0.7333333333333333,2.727272727272727,4.355544545454546,0.009680184894398498,0.9395468790520858,0.010287840842775287
Turbulent radiative layer 2D,tcool_0.06,density,train,boxcar,23,0.7666666666666667,2.608695652173913,4.166173043478261,0.008710763242566654,0.9482576422946525,0.009880282215741457
Turbulent radiative layer 2D,tcool_0.06,density,train,boxcar,24,0.8,2.5,3.9925824999999997,0.008167837880302684,0.9564254801749552,0.009543791116611001
Turbulent radiative layer 2D,tcool_0.06,density,train,boxcar,25,0.8333333333333334,2.4,3.8328792,0.007879180903530769,0.964304661078486,0.009270549608322675
Turbulent radiative layer 2D,tcool_0.06,density,train,boxcar,26,0.8666666666666667,2.3076923076923075,3.6854607692307693,0.007805471960981614,0.9721101330394676,0.009054463683127041
Turbulent radiative layer 2D,tcool_0.06,density,train,boxcar,27,0.9,2.2222222222222223,3.548962222222222,0.007844978434074806,0.9799551114735423,0.008890876981512393
Turbulent radiative layer 2D,tcool_0.06,density,train,boxcar,28,0.9333333333333333,2.142857142857143,3.4222135714285713,0.008438264557882541,0.9883933760314249,0.00877636081453039
Turbulent radiative layer 2D,tcool_0.06,density,train,boxcar,29,0.9666666666666667,2.0689655172413794,3.3042062068965516,0.0074919353657002365,0.9958853113971251,0.008708564670440426
Turbulent radiative layer 2D,tcool_0.06,density,train,boxcar,30,1.0,2.0,3.194066,0.004114688602875129,1.0000000000000002,0.004343058174072336
Turbulent radiative layer 2D,tcool_0.06,density,train,hann,1,0.03333333333333333,60.0,95.82198,0.13147195951619778,0.13147195951619778,0.11483816310522588
Turbulent radiative layer 2D,tcool_0.06,density,train,hann,2,0.06666666666666667,30.0,47.91099,0.08648361479145128,0.21795557430764906,0.1062238980193607
Turbulent radiative layer 2D,tcool_0.06,density,train,hann,3,0.1,20.0,31.940659999999998,0.11840752133649782,0.3363630956441469,0.0944962635625502
Turbulent radiative layer 2D,tcool_0.06,density,train,hann,4,0.13333333333333333,15.0,23.955495,0.060805588349444606,0.3971686839935915,0.08196613380563793
Turbulent radiative layer 2D,tcool_0.06,density,train,hann,5,0.16666666666666666,12.0,19.164396,0.06048850017007579,0.4576571841636673,0.07017766383345489
Turbulent radiative layer 2D,tcool_0.06,density,train,hann,6,0.2,10.0,15.970329999999999,0.06600781936662085,0.5236650035302882,0.05985107377193695
Turbulent radiative layer 2D,tcool_0.06,density,train,hann,7,0.23333333333333334,8.571428571428571,13.688854285714285,0.04937718672099735,0.5730421902512856,0.051153529053684955
Turbulent radiative layer 2D,tcool_0.06,density,train,hann,8,0.26666666666666666,7.5,11.9777475,0.031625369174023255,0.6046675594253088,0.04397346085064787
Turbulent radiative layer 2D,tcool_0.06,density,train,hann,9,0.3,6.666666666666667,10.646886666666667,0.04160169640636159,0.6462692558316704,0.038096466687820754
Turbulent radiative layer 2D,tcool_0.06,density,train,hann,10,0.3333333333333333,6.0,9.582198,0.04585524736159882,0.6921245031932691,0.033294434539230956
Turbulent radiative layer 2D,tcool_0.06,density,train,hann,11,0.36666666666666664,5.454545454545454,8.711089090909091,0.03776411909355997,0.729888622286829,0.029362367475324107
Turbulent radiative layer 2D,tcool_0.06,density,train,hann,12,0.4,5.0,7.985164999999999,0.03241351663783293,0.7623021389246619,0.026129080495293326
Turbulent radiative layer 2D,tcool_0.06,density,train,hann,13,0.43333333333333335,4.615384615384615,7.3709215384615385,0.02229008785865436,0.7845922267833163,0.023456623522420963
Turbulent radiative layer 2D,tcool_0.06,density,train,hann,14,0.4666666666666667,4.285714285714286,6.844427142857143,0.019617343201106235,0.8042095699844225,0.021235719808576137
Turbulent radiative layer 2D,tcool_0.06,density,train,hann,15,0.5,4.0,6.388132,0.02040947086362685,0.8246190408480493,0.019380428589465065
Turbulent radiative layer 2D,tcool_0.06,density,train,hann,16,0.5333333333333333,3.75,5.98887375,0.015050024830852823,0.8396690656789021,0.017823271176932096
Turbulent radiative layer 2D,tcool_0.06,density,train,hann,17,0.5666666666666667,3.5294117647058822,5.63658705882353,0.016284714380771746,0.8559537800596738,0.01651118347593171
Turbulent radiative layer 2D,tcool_0.06,density,train,hann,18,0.6,3.3333333333333335,5.3234433333333335,0.016546955130194142,0.8725007351898679,0.015402302460194663
Turbulent radiative layer 2D,tcool_0.06,density,train,hann,19,0.6333333333333333,3.1578947368421053,5.043262105263158,0.013744050077290114,0.886244785267158,0.014463471813410265
Turbulent radiative layer 2D,tcool_0.06,density,train,hann,20,0.6666666666666666,3.0,4.791099,0.013408761295230403,0.8996535465623884,0.013668327195950895
Turbulent radiative layer 2D,tcool_0.06,density,train,hann,21,0.7,2.857142857142857,4.562951428571428,0.013099622817924924,0.9127531693803134,0.012995833486537166
Turbulent radiative layer 2D,tcool_0.06,density,train,hann,22,0.7333333333333333,2.727272727272727,4.355544545454546,0.012879981227691776,0.9256331506080051,0.012429168813660291
Turbulent radiative layer 2D,tcool_0.06,density,train,hann,23,0.7666666666666667,2.608695652173913,4.166173043478261,0.010996824685630381,0.9366299752936355,0.01195487291220509
Turbulent radiative layer 2D,tcool_0.06,density,train,hann,24,0.8,2.5,3.9925824999999997,0.00966691935093056,0.9462968946445661,0.011562196833638422
Turbulent radiative layer 2D,tcool_0.06,density,train,hann,25,0.8333333333333334,2.4,3.8328792,0.009075693522622889,0.9553725881671891,0.011242606630562901
Turbulent radiative layer 2D,tcool_0.06,density,train,hann,26,0.8666666666666667,2.3076923076923075,3.6854607692307693,0.009433342750029172,0.9648059309172182,0.010989405695039384
Turbulent radiative layer 2D,tcool_0.06,density,train,hann,27,0.9,2.2222222222222223,3.548962222222222,0.010101131292219205,0.9749070622094373,0.010797449614483152
Turbulent radiative layer 2D,tcool_0.06,density,train,hann,28,0.9333333333333333,2.142857142857143,3.4222135714285713,0.010577291858498617,0.9854843540679359,0.010662934380145397
Turbulent radiative layer 2D,tcool_0.06,density,train,hann,29,0.9666666666666667,2.0689655172413794,3.3042062068965516,0.009602428104050311,0.9950867821719862,0.010583244107868246
Turbulent radiative layer 2D,tcool_0.06,density,train,hann,30,1.0,2.0,3.194066,0.004913217828013563,0.9999999999999997,0.005278424282809568
Turbulent radiative layer 2D,tcool_0.06,pressure,full,boxcar,1,0.02,101.0,161.300333,0.280347081874992,0.280347081874992,0.0804250699219949
Turbulent radiative layer 2D,tcool_0.06,pressure,full,boxcar,2,0.04,50.5,80.6501665,0.043728001482186744,0.3240750833571788,0.07719096824208485
Turbulent radiative layer 2D,tcool_0.06,pressure,full,boxcar,3,0.06,33.666666666666664,53.76677766666666,0.07234491820425716,0.3964200015614359,0.07235422386256578
Turbulent radiative layer 2D,tcool_0.06,pressure,full,boxcar,4,0.08,25.25,40.32508325,0.04253779891095058,0.4389578004723865,0.06653974191411698
Turbulent radiative layer 2D,tcool_0.06,pressure,full,boxcar,5,0.1,20.2,32.2600666,0.03127085753466493,0.4702286580070514,0.060337761933970814
Turbulent radiative layer 2D,tcool_0.06,pressure,full,boxcar,6,0.12,16.833333333333332,26.88338883333333,0.015666972706039624,0.48589563071309105,0.05420293181995628
Turbulent radiative layer 2D,tcool_0.06,pressure,full,boxcar,7,0.14,14.428571428571429,23.042904714285715,0.05571468638069586,0.5416103170937868,0.04842894647175335
Turbulent radiative layer 2D,tcool_0.06,pressure,full,boxcar,8,0.16,12.625,20.162541625,0.040687720853179433,0.5822980379469663,0.043170954024071215
Turbulent radiative layer 2D,tcool_0.06,pressure,full,boxcar,9,0.18,11.222222222222221,17.922259222222223,0.02915239710145602,0.6114504350484223,0.038484923294859336
Turbulent radiative layer 2D,tcool_0.06,pressure,full,boxcar,10,0.2,10.1,16.1300333,0.026446060991955813,0.6378964960403781,0.03436504935925793
Turbulent radiative layer 2D,tcool_0.06,pressure,full,boxcar,11,0.22,9.181818181818182,14.663666636363637,0.01736138310479547,0.6552578791451736,0.030772010654242756
Turbulent radiative layer 2D,tcool_0.06,pressure,full,boxcar,12,0.24,8.416666666666666,13.441694416666666,0.01249643267026952,0.6677543118154431,0.02765161679353148
Turbulent radiative layer 2D,tcool_0.06,pressure,full,boxcar,13,0.26,7.769230769230769,12.407717923076923,0.011802897619638028,0.6795572094350811,0.024945926719887025
Turbulent radiative layer 2D,tcool_0.06,pressure,full,boxcar,14,0.28,7.214285714285714,11.521452357142858,0.013802459400275725,0.6933596688353569,0.022599252447304086
Turbulent radiative layer 2D,tcool_0.06,pressure,full,boxcar,15,0.3,6.733333333333333,10.753355533333332,0.012179506582138115,0.705539175417495,0.020560991861766846
Turbulent radiative layer 2D,tcool_0.06,pressure,full,boxcar,16,0.32,6.3125,10.0812708125,0.014170563372863609,0.7197097387903586,0.018786632179254994
Turbulent radiative layer 2D,tcool_0.06,pressure,full,boxcar,17,0.34,5.9411764705882355,9.48825488235294,0.0124204432833303,0.732130182073689,0.01723777225896479
Turbulent radiative layer 2D,tcool_0.06,pressure,full,boxcar,18,0.36,5.611111111111111,8.961129611111112,0.00995935361323084,0.7420895356869197,0.015881668276092182
Turbulent radiative layer 2D,tcool_0.06,pressure,full,boxcar,19,0.38,5.315789473684211,8.489491210526316,0.01362829200183312,0.755717827688753,0.014690587720748867
Turbulent radiative layer 2D,tcool_0.06,pressure,full,boxcar,20,0.4,5.05,8.06501665,0.015776792207272714,0.7714946198960256,0.013641124014445737
Turbulent radiative layer 2D,tcool_0.06,pressure,full,boxcar,21,0.42,4.809523809523809,7.680968238095238,0.015152676517713442,0.7866472964137391,0.012713547130769276
Turbulent radiative layer 2D,tcool_0.06,pressure,full,boxcar,22,0.44,4.590909090909091,7.331833318181818,0.01473890729919031,0.8013862037129293,0.011891222697111738
Turbulent radiative layer 2D,tcool_0.06,pressure,full,boxcar,23,0.46,4.391304347826087,7.013057956521739,0.013742843917369052,0.8151290476302985,0.011160109131004809
Turbulent radiative layer 2D,tcool_0.06,pressure,full,boxcar,24,0.48,4.208333333333333,6.720847208333333,0.007109499233533221,0.8222385468638317,0.010508330850639423
Turbulent radiative layer 2D,tcool_0.06,pressure,full,boxcar,25,0.5,4.04,6.45201332,0.008650989760035347,0.830889536623867,0.009925820411308777
Turbulent radiative layer 2D,tcool_0.06,pressure,full,boxcar,26,0.52,3.8846153846153846,6.203858961538462,0.009014607408570303,0.8399041440324373,0.00940402061790436
Turbulent radiative layer 2D,tcool_0.06,pressure,full,boxcar,27,0.54,3.740740740740741,5.974086407407407,0.008362388680829062,0.8482665327132665,0.008935637584227838
Turbulent radiative layer 2D,tcool_0.06,pressure,full,boxcar,28,0.56,3.607142857142857,5.760726178571429,0.009611602025273166,0.8578781347385396,0.008514436432344221
Turbulent radiative layer 2D,tcool_0.06,pressure,full,boxcar,29,0.58,3.4827586206896552,5.562080448275862,0.01042589478793396,0.8683040295264736,0.008135072355106287
Turbulent radiative layer 2D,tcool_0.06,pressure,full,boxcar,30,0.6,3.3666666666666667,5.376677766666666,0.007607818115643595,0.875911847642117,0.007792950848058373
Turbulent radiative layer 2D,tcool_0.06,pressure,full,boxcar,31,0.62,3.2580645161290325,5.203236548387097,0.007830715614450144,0.8837425632565673,0.007484111931737182
Turbulent radiative layer 2D,tcool_0.06,pressure,full,boxcar,32,0.64,3.15625,5.04063540625,0.008402440341380667,0.892145003597948,0.007205134082143237
Turbulent radiative layer 2D,tcool_0.06,pressure,full,boxcar,33,0.66,3.0606060606060606,4.887888878787878,0.005838160683211764,0.8979831642811598,0.006953054353309791
Turbulent radiative layer 2D,tcool_0.06,pressure,full,boxcar,34,0.68,2.9705882352941178,4.74412744117647,0.008076337918758544,0.9060595021999182,0.0067253018170569615
Turbulent radiative layer 2D,tcool_0.06,pressure,full,boxcar,35,0.7,2.8857142857142857,4.6085809428571425,0.005114956616330894,0.911174458816249,0.006519641974620965
Turbulent radiative layer 2D,tcool_0.06,pressure,full,boxcar,36,0.72,2.8055555555555554,4.480564805555556,0.006109501905422299,0.9172839607216714,0.0063341302287231605
Turbulent radiative layer 2D,tcool_0.06,pressure,full,boxcar,37,0.74,2.72972972972973,4.3594684594594595,0.004124889175085975,0.9214088498967573,0.006167072858329142
Turbulent radiative layer 2D,tcool_0.06,pressure,full,boxcar,38,0.76,2.6578947368421053,4.244745605263158,0.006037697940421856,0.9274465478371792,0.006016994225884629
Turbulent radiative layer 2D,tcool_0.06,pressure,full,boxcar,39,0.78,2.58974358974359,4.135905974358974,0.005033357945598496,0.9324799057827776,0.005882609180328306
Turbulent radiative layer 2D,tcool_0.06,pressure,full,boxcar,40,0.8,2.525,4.032508325,0.005767321290262553,0.9382472270730402,0.005762799808863532
Turbulent radiative layer 2D,tcool_0.06,pressure,full,boxcar,41,0.82,2.4634146341463414,3.934154463414634,0.006320299428532602,0.9445675265015728,0.00565659584474193
Turbulent radiative layer 2D,tcool_0.06,pressure,full,boxcar,42,0.84,2.4047619047619047,3.840484119047619,0.006739564774768763,0.9513070912763416,0.00556315816405514
Turbulent radiative layer 2D,tcool_0.06,pressure,full,boxcar,43,0.86,2.3488372093023258,3.751170534883721,0.006715495080993579,0.9580225863573352,0.005481764907334902
Turbulent radiative layer 2D,tcool_0.06,pressure,full,boxcar,44,0.88,2.2954545454545454,3.665916659090909,0.00631849220742366,0.9643410785647588,0.005411799846146975
Turbulent radiative layer 2D,tcool_0.06,pressure,full,boxcar,45,0.9,2.2444444444444445,3.584451844444444,0.005178969847619727,0.9695200484123786,0.005352742684483939
Turbulent radiative layer 2D,tcool_0.06,pressure,full,boxcar,46,0.92,2.1956521739130435,3.5065289782608695,0.0056662871008479115,0.9751863355132265,0.00530416104256949
Turbulent radiative layer 2D,tcool_0.06,pressure,full,boxcar,47,0.94,2.148936170212766,3.431921978723404,0.0060947357231359465,0.9812810712363624,0.005265703919077901
Turbulent radiative layer 2D,tcool_0.06,pressure,full,boxcar,48,0.96,2.1041666666666665,3.3604236041666664,0.00525361139822481,0.9865346826345872,0.005237096468699746
Turbulent radiative layer 2D,tcool_0.06,pressure,full,boxcar,49,0.98,2.061224489795918,3.291843530612245,0.005561217761527538,0.9920959003961147,0.005218135967054184
Turbulent radiative layer 2D,tcool_0.06,pressure,full,boxcar,50,1.0,2.02,3.22600666,0.007904099603885079,0.9999999999999998,0.00520868886549331
Turbulent radiative layer 2D,tcool_0.06,pressure,full,hann,1,0.02,101.0,161.300333,0.17936778371000212,0.17936778371000212,0.06312742128887501
Turbulent radiative layer 2D,tcool_0.06,pressure,full,hann,2,0.04,50.5,80.6501665,0.07264770144176995,0.2520154851517721,0.06158645978455674
Turbulent radiative layer 2D,tcool_0.06,pressure,full,hann,3,0.06,33.666666666666664,53.76677766666666,0.043585235112120896,0.295600720263893,0.05918480285674237
Turbulent radiative layer 2D,tcool_0.06,pressure,full,hann,4,0.08,25.25,40.32508325,0.05064249811433173,0.34624321837822475,0.05613212830689825
Turbulent radiative layer 2D,tcool_0.06,pressure,full,hann,5,0.1,20.2,32.2600666,0.027349666894218052,0.3735928852724428,0.052658128828640245
Turbulent radiative layer 2D,tcool_0.06,pressure,full,hann,6,0.12,16.833333333333332,26.88338883333333,0.030459115048139293,0.404052000320582,0.0489773159826491
Turbulent radiative layer 2D,tcool_0.06,pressure,full,hann,7,0.14,14.428571428571429,23.042904714285715,0.04348372146962782,0.4475357217902099,0.04526694913403759
Turbulent radiative layer 2D,tcool_0.06,pressure,full,hann,8,0.16,12.625,20.162541625,0.04002055606128512,0.48755627785149497,0.041658650461279936
Turbulent radiative layer 2D,tcool_0.06,pressure,full,hann,9,0.18,11.222222222222221,17.922259222222223,0.03468449372746,0.522240771578955,0.038240115548364366
Turbulent radiative layer 2D,tcool_0.06,pressure,full,hann,10,0.2,10.1,16.1300333,0.029139522706458403,0.5513802942854134,0.03506229994862552
Turbulent radiative layer 2D,tcool_0.06,pressure,full,hann,11,0.22,9.181818181818182,14.663666636363637,0.02600098766101887,0.5773812819464322,0.03214835728247344
Turbulent radiative layer 2D,tcool_0.06,pressure,full,hann,12,0.24,8.416666666666666,13.441694416666666,0.014152713059493975,0.5915339950059262,0.029502069648545265
Turbulent radiative layer 2D,tcool_0.06,pressure,full,hann,13,0.26,7.769230769230769,12.407717923076923,0.00930064490435905,0.6008346399102853,0.02711475930265953
Turbulent radiative layer 2D,tcool_0.06,pressure,full,hann,14,0.28,7.214285714285714,11.521452357142858,0.012972810044223695,0.613807449954509,0.024970465663042812
Turbulent radiative layer 2D,tcool_0.06,pressure,full,hann,15,0.3,6.733333333333333,10.753355533333332,0.01403030095665373,0.6278377509111627,0.02304956987276612
Turbulent radiative layer 2D,tcool_0.06,pressure,full,hann,16,0.32,6.3125,10.0812708125,0.0162550497976152,0.644092800708778,0.021331189393753683
Turbulent radiative layer 2D,tcool_0.06,pressure,full,hann,17,0.34,5.9411764705882355,9.48825488235294,0.01549723220352658,0.6595900329123046,0.019794669579097188
Turbulent radiative layer 2D,tcool_0.06,pressure,full,hann,18,0.36,5.611111111111111,8.961129611111112,0.011605455513296198,0.6711954884256008,0.018420447470986975
Turbulent radiative layer 2D,tcool_0.06,pressure,full,hann,19,0.38,5.315789473684211,8.489491210526316,0.020089624456138645,0.6912851128817394,0.017190498069877908
Turbulent radiative layer 2D,tcool_0.06,pressure,full,hann,20,0.4,5.05,8.06501665,0.02425592279960757,0.715541035681347,0.016088514146494343
Turbulent radiative layer 2D,tcool_0.06,pressure,full,hann,21,0.42,4.809523809523809,7.680968238095238,0.019138248159805322,0.7346792838411522,0.01509992355292789
Turbulent radiative layer 2D,tcool_0.06,pressure,full,hann,22,0.44,4.590909090909091,7.331833318181818,0.022587573344333377,0.7572668571854856,0.01421181316709576
Turbulent radiative layer 2D,tcool_0.06,pressure,full,hann,23,0.46,4.391304347826087,7.013057956521739,0.019132906803590748,0.7763997639890763,0.013412804068786692
Turbulent radiative layer 2D,tcool_0.06,pressure,full,hann,24,0.48,4.208333333333333,6.720847208333333,0.01214347429438178,0.7885432382834581,0.01269290583258507
Turbulent radiative layer 2D,tcool_0.06,pressure,full,hann,25,0.5,4.04,6.45201332,0.010299323999087966,0.798842562282546,0.012043366735390802
Turbulent radiative layer 2D,tcool_0.06,pressure,full,hann,26,0.52,3.8846153846153846,6.203858961538462,0.009263006321854738,0.8081055686044009,0.011456529487436376
Turbulent radiative layer 2D,tcool_0.06,pressure,full,hann,27,0.54,3.740740740740741,5.974086407407407,0.0100109647950699,0.8181165333994707,0.010925697538860912
Turbulent radiative layer 2D,tcool_0.06,pressure,full,hann,28,0.56,3.607142857142857,5.760726178571429,0.011089904871051406,0.8292064382705221,0.010445014197960695
Turbulent radiative layer 2D,tcool_0.06,pressure,full,hann,29,0.58,3.4827586206896552,5.562080448275862,0.010792839202004785,0.8399992774725269,0.010009355112874044
Turbulent radiative layer 2D,tcool_0.06,pressure,full,hann,30,0.6,3.3666666666666667,5.376677766666666,0.008591259882322672,0.8485905373548496,0.009614233707411412
Turbulent radiative layer 2D,tcool_0.06,pressure,full,hann,31,0.62,3.2580645161290325,5.203236548387097,0.01027987952157241,0.858870416876422,0.009255718654740069
Turbulent radiative layer 2D,tcool_0.06,pressure,full,hann,32,0.64,3.15625,5.04063540625,0.009415853186853512,0.8682862700632754,0.00893036224443928
Turbulent radiative layer 2D,tcool_0.06,pressure,full,hann,33,0.66,3.0606060606060606,4.887888878787878,0.00674081849061139,0.8750270885538869,0.008635138436440109
Turbulent radiative layer 2D,tcool_0.06,pressure,full,hann,34,0.68,2.9705882352941178,4.74412744117647,0.009341497411972984,0.8843685859658599,0.008367389428137133
Turbulent radiative layer 2D,tcool_0.06,pressure,full,hann,35,0.7,2.8857142857142857,4.6085809428571425,0.006262259096141385,0.8906308450620013,0.008124779643921427
Turbulent radiative layer 2D,tcool_0.06,pressure,full,hann,36,0.72,2.8055555555555554,4.480564805555556,0.005654756271227124,0.8962856013332284,0.007905256162258179
Turbulent radiative layer 2D,tcool_0.06,pressure,full,hann,37,0.74,2.72972972972973,4.3594684594594595,0.0057557120795983935,0.9020413134128268,0.007707014707997359
Turbulent radiative layer 2D,tcool_0.06,pressure,full,hann,38,0.76,2.6578947368421053,4.244745605263158,0.006215919643721714,0.9082572330565485,0.0075284704476255545
Turbulent radiative layer 2D,tcool_0.06,pressure,full,hann,39,0.78,2.58974358974359,4.135905974358974,0.005715044686574683,0.9139722777431232,0.007368232927754843
Turbulent radiative layer 2D,tcool_0.06,pressure,full,hann,40,0.8,2.525,4.032508325,0.00691689930284806,0.9208891770459712,0.007225084590072344
Turbulent radiative layer 2D,tcool_0.06,pressure,full,hann,41,0.82,2.4634146341463414,3.934154463414634,0.007440910285127617,0.9283300873310988,0.007097962378595525
Turbulent radiative layer 2D,tcool_0.06,pressure,full,hann,42,0.84,2.4047619047619047,3.840484119047619,0.008594455468295731,0.9369245427993945,0.006985942027651201
Turbulent radiative layer 2D,tcool_0.06,pressure,full,hann,43,0.86,2.3488372093023258,3.751170534883721,0.008119369508647509,0.945043912308042,0.006888224682259502
Turbulent radiative layer 2D,tcool_0.06,pressure,full,hann,44,0.88,2.2954545454545454,3.665916659090909,0.0076971901788552306,0.9527411024868971,0.006804125557522196
Turbulent radiative layer 2D,tcool_0.06,pressure,full,hann,45,0.9,2.2444444444444445,3.584451844444444,0.007274589693942047,0.9600156921808392,0.006733064391225374
Turbulent radiative layer 2D,tcool_0.06,pressure,full,hann,46,0.92,2.1956521739130435,3.5065289782608695,0.007206850601817231,0.9672225427826564,0.0066745574851930466
Turbulent radiative layer 2D,tcool_0.06,pressure,full,hann,47,0.94,2.148936170212766,3.431921978723404,0.007964874041467845,0.9751874168241241,0.006628211166937861
Turbulent radiative layer 2D,tcool_0.06,pressure,full,hann,48,0.96,2.1041666666666665,3.3604236041666664,0.006541099906952319,0.9817285167310765,0.006593716534735798
Turbulent radiative layer 2D,tcool_0.06,pressure,full,hann,49,0.98,2.061224489795918,3.291843530612245,0.007315063833572797,0.9890435805646494,0.006570845377211171
Turbulent radiative layer 2D,tcool_0.06,pressure,full,hann,50,1.0,2.02,3.22600666,0.010956419435350386,0.9999999999999998,0.00655944718358599
Turbulent radiative layer 2D,tcool_0.06,pressure,train,boxcar,1,0.03333333333333333,60.0,95.82198,0.1640212462882567,0.1640212462882567,0.13097721798747008
Turbulent radiative layer 2D,tcool_0.06,pressure,train,boxcar,2,0.06666666666666667,30.0,47.91099,0.22679718765204626,0.39081843394030297,0.1183107079355338
Turbulent radiative layer 2D,tcool_0.06,pressure,train,boxcar,3,0.1,20.0,31.940659999999998,0.11870050166292384,0.5095189356032268,0.10199182708358
Turbulent radiative layer 2D,tcool_0.06,pressure,train,boxcar,4,0.13333333333333333,15.0,23.955495,0.06158461326141975,0.5711035488646464,0.08563653398880765
Turbulent radiative layer 2D,tcool_0.06,pressure,train,boxcar,5,0.16666666666666666,12.0,19.164396,0.03404026608764656,0.605143814952293,0.0711771122047226
Turbulent radiative layer 2D,tcool_0.06,pressure,train,boxcar,6,0.2,10.0,15.970329999999999,0.026957661271102665,0.6321014762233956,0.059187988867496065
Turbulent radiative layer 2D,tcool_0.06,pressure,train,boxcar,7,0.23333333333333334,8.571428571428571,13.688854285714285,0.04658555632466076,0.6786870325480564,0.04954503213991067
Turbulent radiative layer 2D,tcool_0.06,pressure,train,boxcar,8,0.26666666666666666,7.5,11.9777475,0.021958810753949363,0.7006458433020057,0.04187876873055185
Turbulent radiative layer 2D,tcool_0.06,pressure,train,boxcar,9,0.3,6.666666666666667,10.646886666666667,0.016067253939914716,0.7167130972419204,0.03579199543543714
Turbulent radiative layer 2D,tcool_0.06,pressure,train,boxcar,10,0.3333333333333333,6.0,9.582198,0.015575402239376016,0.7322884994812965,0.030939208449900002
Turbulent radiative layer 2D,tcool_0.06,pressure,train,boxcar,11,0.36666666666666664,5.454545454545454,8.711089090909091,0.016856953846289782,0.7491454533275862,0.027043725422064475
Turbulent radiative layer 2D,tcool_0.06,pressure,train,boxcar,12,0.4,5.0,7.985164999999999,0.02355073762054513,0.7726961909481314,0.02389182622921557
Turbulent radiative layer 2D,tcool_0.06,pressure,train,boxcar,13,0.43333333333333335,4.615384615384615,7.3709215384615385,0.015915891494220374,0.7886120824423518,0.021320827309660697
Turbulent radiative layer 2D,tcool_0.06,pressure,train,boxcar,14,0.4666666666666667,4.285714285714286,6.844427142857143,0.02060770524002674,0.8092197876823785,0.01920735632888932
Turbulent radiative layer 2D,tcool_0.06,pressure,train,boxcar,15,0.5,4.0,6.388132,0.016935175961113245,0.8261549636434917,0.017457659757622906
Turbulent radiative layer 2D,tcool_0.06,pressure,train,boxcar,16,0.5333333333333333,3.75,5.98887375,0.013698843718401217,0.8398538073618929,0.01600012622150145
Turbulent radiative layer 2D,tcool_0.06,pressure,train,boxcar,17,0.5666666666666667,3.5294117647058822,5.63658705882353,0.015273273154206112,0.8551270805160991,0.014779694443520383
Turbulent radiative layer 2D,tcool_0.06,pressure,train,boxcar,18,0.6,3.3333333333333335,5.3234433333333335,0.015657943881978473,0.8707850243980775,0.013753725307952734
Turbulent radiative layer 2D,tcool_0.06,pressure,train,boxcar,19,0.6333333333333333,3.1578947368421053,5.043262105263158,0.016294185341892073,0.8870792097399696,0.012888966685122641
Turbulent radiative layer 2D,tcool_0.06,pressure,train,boxcar,20,0.6666666666666666,3.0,4.791099,0.013324970123750184,0.9004041798637197,0.01215931940465916
Turbulent radiative layer 2D,tcool_0.06,pressure,train,boxcar,21,0.7,2.857142857142857,4.562951428571428,0.011546966138712112,0.9119511460024318,0.011544186821952865
Turbulent radiative layer 2D,tcool_0.06,pressure,train,boxcar,22,0.7333333333333333,2.727272727272727,4.355544545454546,0.0090341839080399,0.9209853299104716,0.011027249534847454
Turbulent radiative layer 2D,tcool_0.06,pressure,train,boxcar,23,0.7666666666666667,2.608695652173913,4.166173043478261,0.01221495760308104,0.9332002875135527,0.010595551103040795
Turbulent radiative layer 2D,tcool_0.06,pressure,train,boxcar,24,0.8,2.5,3.9925824999999997,0.008914269347997869,0.9421145568615505,0.0102388128547528
Turbulent radiative layer 2D,tcool_0.06,pressure,train,boxcar,25,0.8333333333333334,2.4,3.8328792,0.00994472790204465,0.9520592847635952,0.009948919018422866
Turbulent radiative layer 2D,tcool_0.06,pressure,train,boxcar,26,0.8666666666666667,2.3076923076923075,3.6854607692307693,0.009174436089010786,0.9612337208526059,0.009719529990522738
Turbulent radiative layer 2D,tcool_0.06,pressure,train,boxcar,27,0.9,2.2222222222222223,3.548962222222222,0.009745779021091014,0.9709794998736969,0.009545793447824179
Turbulent radiative layer 2D,tcool_0.06,pressure,train,boxcar,28,0.9333333333333333,2.142857142857143,3.4222135714285713,0.012113748744323579,0.9830932486180206,0.009424131623994103
Turbulent radiative layer 2D,tcool_0.06,pressure,train,boxcar,29,0.9666666666666667,2.0689655172413794,3.3042062068965516,0.010033612745149047,0.9931268613631697,0.009352089393575026
Turbulent radiative layer 2D,tcool_0.06,pressure,train,boxcar,30,1.0,2.0,3.194066,0.006873138636829815,0.9999999999999996,0.004664116277448222
Turbulent radiative layer 2D,tcool_0.06,pressure,train,hann,1,0.03333333333333333,60.0,95.82198,0.08443822214133233,0.08443822214133233,0.06298266522021866
Turbulent radiative layer 2D,tcool_0.06,pressure,train,hann,2,0.06666666666666667,30.0,47.91099,0.08977921559665145,0.1742174377379838,0.061777546334882645
Turbulent radiative layer 2D,tcool_0.06,pressure,train,hann,3,0.1,20.0,31.940659999999998,0.05895767825611195,0.23317511599409574,0.05988185386918485
Turbulent radiative layer 2D,tcool_0.06,pressure,train,hann,4,0.13333333333333333,15.0,23.955495,0.038310336437596425,0.2714854524316922,0.05744126753631484
Turbulent radiative layer 2D,tcool_0.06,pressure,train,hann,5,0.16666666666666666,12.0,19.164396,0.021482991927852454,0.29296844435954467,0.05462108719409398
Turbulent radiative layer 2D,tcool_0.06,pressure,train,hann,6,0.2,10.0,15.970329999999999,0.04118827512726636,0.334156719486811,0.0515828597540452
Turbulent radiative layer 2D,tcool_0.06,pressure,train,hann,7,0.23333333333333334,8.571428571428571,13.688854285714285,0.08474325852950172,0.41889997801631274,0.04846773323668208
Turbulent radiative layer 2D,tcool_0.06,pressure,train,hann,8,0.26666666666666666,7.5,11.9777475,0.06472012350533231,0.48362010152164503,0.045387924171775104
Turbulent radiative layer 2D,tcool_0.06,pressure,train,hann,9,0.3,6.666666666666667,10.646886666666667,0.032745382643075784,0.5163654841647208,0.042425063831255695
Turbulent radiative layer 2D,tcool_0.06,pressure,train,hann,10,0.3333333333333333,6.0,9.582198,0.03272062390690024,0.549086108071621,0.039633052416057656
Turbulent radiative layer 2D,tcool_0.06,pressure,train,hann,11,0.36666666666666664,5.454545454545454,8.711089090909091,0.033420514584504825,0.5825066226561258,0.03704310163925
Turbulent radiative layer 2D,tcool_0.06,pressure,train,hann,12,0.4,5.0,7.985164999999999,0.028892593138123,0.6113992157942488,0.03466927191636251
Turbulent radiative layer 2D,tcool_0.06,pressure,train,hann,13,0.43333333333333335,4.615384615384615,7.3709215384615385,0.022046735538589872,0.6334459513328387,0.03251352246903719
Turbulent radiative layer 2D,tcool_0.06,pressure,train,hann,14,0.4666666666666667,4.285714285714286,6.844427142857143,0.020394159289736234,0.6538401106225749,0.030569850270403386
Turbulent radiative layer 2D,tcool_0.06,pressure,train,hann,15,0.5,4.0,6.388132,0.016723877625577123,0.670563988248152,0.02882744327759712
Turbulent radiative layer 2D,tcool_0.06,pressure,train,hann,16,0.5333333333333333,3.75,5.98887375,0.020970821824310974,0.691534810072463,0.027272951483896232
Turbulent radiative layer 2D,tcool_0.06,pressure,train,hann,17,0.5666666666666667,3.5294117647058822,5.63658705882353,0.027062923727832876,0.7185977338002958,0.025892045263977967
Turbulent radiative layer 2D,tcool_0.06,pressure,train,hann,18,0.6,3.3333333333333335,5.3234433333333335,0.03382303593114663,0.7524207697314426,0.024670434916585438
Turbulent radiative layer 2D,tcool_0.06,pressure,train,hann,19,0.6333333333333333,3.1578947368421053,5.043262105263158,0.03776693153621426,0.7901877012676567,0.023594502176163056
Turbulent radiative layer 2D,tcool_0.06,pressure,train,hann,20,0.6666666666666666,3.0,4.791099,0.03403443082225716,0.8242221320899139,0.022651663133586682
Turbulent radiative layer 2D,tcool_0.06,pressure,train,hann,21,0.7,2.857142857142857,4.562951428571428,0.027958706100113147,0.852180838190027,0.021830551937516412
Turbulent radiative layer 2D,tcool_0.06,pressure,train,hann,22,0.7333333333333333,2.727272727272727,4.355544545454546,0.025936054700451634,0.8781168928904786,0.02112108952856373
Turbulent radiative layer 2D,tcool_0.06,pressure,train,hann,23,0.7666666666666667,2.608695652173913,4.166173043478261,0.01836580848300357,0.8964827013734822,0.02051448221684693
Turbulent radiative layer 2D,tcool_0.06,pressure,train,hann,24,0.8,2.5,3.9925824999999997,0.01284614949396434,0.9093288508674464,0.020003180582845188
Turbulent radiative layer 2D,tcool_0.06,pressure,train,hann,25,0.8333333333333334,2.4,3.8328792,0.014089409847582727,0.9234182607150292,0.019580818975604996
Turbulent radiative layer 2D,tcool_0.06,pressure,train,hann,26,0.8666666666666667,2.3076923076923075,3.6854607692307693,0.014329954802140938,0.9377482155171701,0.019242148804400918
Turbulent radiative layer 2D,tcool_0.06,pressure,train,hann,27,0.9,2.2222222222222223,3.548962222222222,0.01651236895940403,0.9542605844765741,0.018982974020402377
Turbulent radiative layer 2D,tcool_0.06,pressure,train,hann,28,0.9333333333333333,2.142857142857143,3.4222135714285713,0.019434983550576514,0.9736955680271507,0.01880009399816477
Turbulent radiative layer 2D,tcool_0.06,pressure,train,hann,29,0.9666666666666667,2.0689655172413794,3.3042062068965516,0.017260751014859743,0.9909563190420104,0.018691256955836955
Turbulent radiative layer 2D,tcool_0.06,pressure,train,hann,30,1.0,2.0,3.194066,0.009043680957989379,0.9999999999999999,0.009327562868447367
Turbulent radiative layer 2D,tcool_0.10,density,full,boxcar,1,0.02,101.0,161.300333,0.16026531725649515,0.16026531725649515,0.09878864939348353
Turbulent radiative layer 2D,tcool_0.10,density,full,boxcar,2,0.04,50.5,80.6501665,0.06910117957261935,0.2293664968291145,0.09285096853789354
Turbulent radiative layer 2D,tcool_0.10,density,full,boxcar,3,0.06,33.666666666666664,53.76677766666666,0.1012421560777189,0.33060865290683344,0.08441638618378139
Turbulent radiative layer 2D,tcool_0.10,density,full,boxcar,4,0.08,25.25,40.32508325,0.08198636707933545,0.4125950199861689,0.07492466016173774
Turbulent radiative layer 2D,tcool_0.10,density,full,boxcar,5,0.1,20.2,32.2600666,0.05477260906615785,0.46736762905232676,0.0655040199772773
Turbulent radiative layer 2D,tcool_0.10,density,full,boxcar,6,0.12,16.833333333333332,26.88338883333333,0.05886754045643607,0.5262351695087628,0.05682751509557671
Turbulent radiative layer 2D,tcool_0.10,density,full,boxcar,7,0.14,14.428571428571429,23.042904714285715,0.03583116242460525,0.5620663319333681,0.049187580586583825
Turbulent radiative layer 2D,tcool_0.10,density,full,boxcar,8,0.16,12.625,20.162541625,0.03850436690382455,0.6005706988371926,0.04263421164054729
Turbulent radiative layer 2D,tcool_0.10,density,full,boxcar,9,0.18,11.222222222222221,17.922259222222223,0.029657731412691894,0.6302284302498845,0.037091934795114696
Turbulent radiative layer 2D,tcool_0.10,density,full,boxcar,10,0.2,10.1,16.1300333,0.02718629022217654,0.6574147204720611,0.03243502631869113
Turbulent radiative layer 2D,tcool_0.10,density,full,boxcar,11,0.22,9.181818181818182,14.663666636363637,0.023011767416814436,0.6804264878888755,0.02852834874525091
Turbulent radiative layer 2D,tcool_0.10,density,full,boxcar,12,0.24,8.416666666666666,13.441694416666666,0.021850327046772453,0.702276814935648,0.02524636695710166
Turbulent radiative layer 2D,tcool_0.10,density,full,boxcar,13,0.26,7.769230769230769,12.407717923076923,0.01914919752561345,0.7214260124612614,0.022480164956504324
Turbulent radiative layer 2D,tcool_0.10,density,full,boxcar,14,0.28,7.214285714285714,11.521452357142858,0.019210022255885154,0.7406360347171466,0.02013855514553223
Turbulent radiative layer 2D,tcool_0.10,density,full,boxcar,15,0.3,6.733333333333333,10.753355533333332,0.017765646586871096,0.7584016813040177,0.01814662801176651
Turbulent radiative layer 2D,tcool_0.10,density,full,boxcar,16,0.32,6.3125,10.0812708125,0.0189963790882545,0.7773980603922721,0.01644343175302573
Turbulent radiative layer 2D,tcool_0.10,density,full,boxcar,17,0.34,5.9411764705882355,9.48825488235294,0.014289137919677538,0.7916871983119497,0.014979565565669479
Turbulent radiative layer 2D,tcool_0.10,density,full,boxcar,18,0.36,5.611111111111111,8.961129611111112,0.012002872206022851,0.8036900705179726,0.013715007887977491
Turbulent radiative layer 2D,tcool_0.10,density,full,boxcar,19,0.38,5.315789473684211,8.489491210526316,0.010739841408336443,0.814429911926309,0.012617278654001562
Turbulent radiative layer 2D,tcool_0.10,density,full,boxcar,20,0.4,5.05,8.06501665,0.011111636625563456,0.8255415485518725,0.011659935636348168
Turbulent radiative layer 2D,tcool_0.10,density,full,boxcar,21,0.42,4.809523809523809,7.680968238095238,0.008930773985238415,0.8344723225371109,0.010821366432033864
Turbulent radiative layer 2D,tcool_0.10,density,full,boxcar,22,0.44,4.590909090909091,7.331833318181818,0.009289474973753821,0.8437617975108649,0.010083827284586145
Turbulent radiative layer 2D,tcool_0.10,density,full,boxcar,23,0.46,4.391304347826087,7.013057956521739,0.008756828056397674,0.8525186255672625,0.009432681703982699
Turbulent radiative layer 2D,tcool_0.10,density,full,boxcar,24,0.48,4.208333333333333,6.720847208333333,0.0088753763819149,0.8613940019491774,0.008855798067560934
Turbulent radiative layer 2D,tcool_0.10,density,full,boxcar,25,0.5,4.04,6.45201332,0.007194257821789413,0.8685882597709667,0.00834307256632104
Turbulent radiative layer 2D,tcool_0.10,density,full,boxcar,26,0.52,3.8846153846153846,6.203858961538462,0.006665769751790866,0.8752540295227575,0.007886050546976013
Turbulent radiative layer 2D,tcool_0.10,density,full,boxcar,27,0.54,3.740740740740741,5.974086407407407,0.007709974008956186,0.8829640035317138,0.007477624994980461
Turbulent radiative layer 2D,tcool_0.10,density,full,boxcar,28,0.56,3.607142857142857,5.760726178571429,0.006828256180951019,0.8897922597126648,0.007111795539302654
Turbulent radiative layer 2D,tcool_0.10,density,full,boxcar,29,0.58,3.4827586206896552,5.562080448275862,0.007250296404590325,0.8970425561172551,0.006783475038939708
Turbulent radiative layer 2D,tcool_0.10,density,full,boxcar,30,0.6,3.3666666666666667,5.376677766666666,0.007196214554160697,0.9042387706714159,0.006488333689698757
Turbulent radiative layer 2D,tcool_0.10,density,full,boxcar,31,0.62,3.2580645161290325,5.203236548387097,0.0064007013995928995,0.9106394720710088,0.006222672823957871
Turbulent radiative layer 2D,tcool_0.10,density,full,boxcar,32,0.64,3.15625,5.04063540625,0.006239343982280319,0.9168788160532892,0.005983322303386809
Turbulent radiative layer 2D,tcool_0.10,density,full,boxcar,33,0.66,3.0606060606060606,4.887888878787878,0.005898380331571255,0.9227771963848604,0.005767556738232712
Turbulent radiative layer 2D,tcool_0.10,density,full,boxcar,34,0.68,2.9705882352941178,4.74412744117647,0.005856247281460007,0.9286334436663204,0.005573026796967214
Turbulent radiative layer 2D,tcool_0.10,density,full,boxcar,35,0.7,2.8857142857142857,4.6085809428571425,0.005080252735314651,0.9337136964016352,0.005397702667252776
Turbulent radiative layer 2D,tcool_0.10,density,full,boxcar,36,0.72,2.8055555555555554,4.480564805555556,0.004753250416730018,0.9384669468183651,0.005239827347621353
Turbulent radiative layer 2D,tcool_0.10,density,full,boxcar,37,0.74,2.72972972972973,4.3594684594594595,0.004882589840214386,0.9433495366585796,0.005097877930574826
Turbulent radiative layer 2D,tcool_0.10,density,full,boxcar,38,0.76,2.6578947368421053,4.244745605263158,0.0045175873727360105,0.9478671240313155,0.00497053341378763
Turbulent radiative layer 2D,tcool_0.10,density,full,boxcar,39,0.78,2.58974358974359,4.135905974358974,0.00471381619492583,0.9525809402262413,0.004856647870954039
Turbulent radiative layer 2D,tcool_0.10,density,full,boxcar,40,0.8,2.525,4.032508325,0.004758785685833914,0.9573397259120752,0.004755228046073299
Turbulent radiative layer 2D,tcool_0.10,density,full,boxcar,41,0.82,2.4634146341463414,3.934154463414634,0.0045300297729164865,0.9618697556849916,0.004665414618744524
Turbulent radiative layer 2D,tcool_0.10,density,full,boxcar,42,0.84,2.4047619047619047,3.840484119047619,0.004583318935077502,0.966453074620069,0.004586466534186453
Turbulent radiative layer 2D,tcool_0.10,density,full,boxcar,43,0.86,2.3488372093023258,3.751170534883721,0.004372098163488377,0.9708251727835574,0.004517747908535804
Turbulent radiative layer 2D,tcool_0.10,density,full,boxcar,44,0.88,2.2954545454545454,3.665916659090909,0.0043242458469514725,0.9751494186305089,0.004458717113942605
Turbulent radiative layer 2D,tcool_0.10,density,full,boxcar,45,0.9,2.2444444444444445,3.584451844444444,0.004115903641464163,0.979265322271973,0.004408917724057676
Turbulent radiative layer 2D,tcool_0.10,density,full,boxcar,46,0.92,2.1956521739130435,3.5065289782608695,0.004171376539356279,0.9834366988113293,0.004367971062584161
Turbulent radiative layer 2D,tcool_0.10,density,full,boxcar,47,0.94,2.148936170212766,3.431921978723404,0.004196332202595567,0.9876330310139249,0.004335570148692801
Turbulent radiative layer 2D,tcool_0.10,density,full,boxcar,48,0.96,2.1041666666666665,3.3604236041666664,0.003918429491021434,0.9915514605049462,0.004311474875693928
Turbulent radiative layer 2D,tcool_0.10,density,full,boxcar,49,0.98,2.061224489795918,3.291843530612245,0.004170286506521128,0.9957217470114673,0.0042955082953490325
Turbulent radiative layer 2D,tcool_0.10,density,full,boxcar,50,1.0,2.02,3.22600666,0.004278252988532694,1.0,0.004287553911156922
Turbulent radiative layer 2D,tcool_0.10,density,full,hann,1,0.02,101.0,161.300333,0.09438463930262922,0.09438463930262922,0.09797590174304194
Turbulent radiative layer 2D,tcool_0.10,density,full,hann,2,0.04,50.5,80.6501665,0.07518311512922161,0.16956775443185085,0.09217934421614206
Turbulent radiative layer 2D,tcool_0.10,density,full,hann,3,0.06,33.666666666666664,53.76677766666666,0.10958614755569951,0.2791539019875504,0.08392523050870195
Turbulent radiative layer 2D,tcool_0.10,density,full,hann,4,0.08,25.25,40.32508325,0.09372803408314144,0.3728819360706918,0.07460840701441415
Turbulent radiative layer 2D,tcool_0.10,density,full,hann,5,0.1,20.2,32.2600666,0.06097645779531151,0.43385839386600333,0.06533170992581105
Turbulent radiative layer 2D,tcool_0.10,density,full,hann,6,0.12,16.833333333333332,26.88338883333333,0.05936914584515389,0.49322753971115724,0.05676152525497289
Turbulent radiative layer 2D,tcool_0.10,density,full,hann,7,0.14,14.428571428571429,23.042904714285715,0.051477354649945774,0.544704894361103,0.04919427597477904
Turbulent radiative layer 2D,tcool_0.10,density,full,hann,8,0.16,12.625,20.162541625,0.04217808182794838,0.5868829761890514,0.04268757458879618
Turbulent radiative layer 2D,tcool_0.10,density,full,hann,9,0.18,11.222222222222221,17.922259222222223,0.03465183605235416,0.6215348122414055,0.037173426031983745
Turbulent radiative layer 2D,tcool_0.10,density,full,hann,10,0.2,10.1,16.1300333,0.028806192823461182,0.6503410050648667,0.03253209557242625
Turbulent radiative layer 2D,tcool_0.10,density,full,hann,11,0.22,9.181818181818182,14.663666636363637,0.023869336069008245,0.6742103411338749,0.028632797751169364
Turbulent radiative layer 2D,tcool_0.10,density,full,hann,12,0.24,8.416666666666666,13.441694416666666,0.022768010947183785,0.6969783520810586,0.025352995841603027
Turbulent radiative layer 2D,tcool_0.10,density,full,hann,13,0.26,7.769230769230769,12.407717923076923,0.020562184034969747,0.7175405361160284,0.022585775728480913
Turbulent radiative layer 2D,tcool_0.10,density,full,hann,14,0.28,7.214285714285714,11.521452357142858,0.02148465830432372,0.7390251944203521,0.020241259839961338
Turbulent radiative layer 2D,tcool_0.10,density,full,hann,15,0.3,6.733333333333333,10.753355533333332,0.017821450142116134,0.7568466445624682,0.01824538345553258
Turbulent radiative layer 2D,tcool_0.10,density,full,hann,16,0.32,6.3125,10.0812708125,0.019000356013971233,0.7758470005764394,0.016537732313719723
Turbulent radiative layer 2D,tcool_0.10,density,full,hann,17,0.34,5.9411764705882355,9.48825488235294,0.014986840440557812,0.7908338410169972,0.015069242362598025
Turbulent radiative layer 2D,tcool_0.10,density,full,hann,18,0.36,5.611111111111111,8.961129611111112,0.011989991186806874,0.802823832203804,0.01380009845987607
Turbulent radiative layer 2D,tcool_0.10,density,full,hann,19,0.38,5.315789473684211,8.489491210526316,0.011292356361070349,0.8141161885648744,0.012697942818417745
Turbulent radiative layer 2D,tcool_0.10,density,full,hann,20,0.4,5.05,8.06501665,0.012053146296838197,0.8261693348617126,0.01173640149449356
Turbulent radiative layer 2D,tcool_0.10,density,full,hann,21,0.42,4.809523809523809,7.680968238095238,0.009328052610776958,0.8354973874724897,0.010893896007145333
Turbulent radiative layer 2D,tcool_0.10,density,full,hann,22,0.44,4.590909090909091,7.331833318181818,0.008759534833661839,0.8442569223061515,0.01015269493436968
Turbulent radiative layer 2D,tcool_0.10,density,full,hann,23,0.46,4.391304347826087,7.013057956521739,0.008507654496513835,0.8527645768026653,0.00949816083473842
Turbulent radiative layer 2D,tcool_0.10,density,full,hann,24,0.48,4.208333333333333,6.720847208333333,0.008456274046385824,0.8612208508490511,0.008918153231453962
Turbulent radiative layer 2D,tcool_0.10,density,full,hann,25,0.5,4.04,6.45201332,0.007543310706224548,0.8687641615552756,0.008402555034334375
Turbulent radiative layer 2D,tcool_0.10,density,full,hann,26,0.52,3.8846153846153846,6.203858961538462,0.006859411116918461,0.875623572672194,0.007942896109019298
Turbulent radiative layer 2D,tcool_0.10,density,full,hann,27,0.54,3.740740740740741,5.974086407407407,0.007384726086163935,0.883008298758358,0.007532053169228785
Turbulent radiative layer 2D,tcool_0.10,density,full,hann,28,0.56,3.607142857142857,5.760726178571429,0.006767975290487996,0.8897762740488458,0.0071640096551083806
Turbulent radiative layer 2D,tcool_0.10,density,full,hann,29,0.58,3.4827586206896552,5.562080448275862,0.007215927628502527,0.8969922016773484,0.006833662843268568
Turbulent radiative layer 2D,tcool_0.10,density,full,hann,30,0.6,3.3666666666666667,5.376677766666666,0.0068953375087636775,0.9038875391861121,0.006536668249417648
Turbulent radiative layer 2D,tcool_0.10,density,full,hann,31,0.62,3.2580645161290325,5.203236548387097,0.00636740884187636,0.9102549480279885,0.00626931357714433
Turbulent radiative layer 2D,tcool_0.10,density,full,hann,32,0.64,3.15625,5.04063540625,0.00647972515200811,0.9167346731799967,0.006028416166280806
Turbulent radiative layer 2D,tcool_0.10,density,full,hann,33,0.66,3.0606060606060606,4.887888878787878,0.006399817370338852,0.9231344905503356,0.005811239209769973
Turbulent radiative layer 2D,tcool_0.10,density,full,hann,34,0.68,2.9705882352941178,4.74412744117647,0.006005707386458024,0.9291401979367936,0.005615423026111224
Turbulent radiative layer 2D,tcool_0.10,density,full,hann,35,0.7,2.8857142857142857,4.6085809428571425,0.005305564202586692,0.9344457621393801,0.0054389284636061136
Turbulent radiative layer 2D,tcool_0.10,density,full,hann,36,0.72,2.8055555555555554,4.480564805555556,0.004901009150269486,0.9393467712896496,0.00527999012571855
Turbulent radiative layer 2D,tcool_0.10,density,full,hann,37,0.74,2.72972972972973,4.3594684594594595,0.0046026841452615225,0.9439494554349112,0.0051370775846200055
Turbulent radiative layer 2D,tcool_0.10,density,full,hann,38,0.76,2.6578947368421053,4.244745605263158,0.0045420562016427486,0.9484915116365539,0.0050088631235917745
Turbulent radiative layer 2D,tcool_0.10,density,full,hann,39,0.78,2.58974358974359,4.135905974358974,0.0046752382874702715,0.9531667499240242,0.004894194842248075
Turbulent radiative layer 2D,tcool_0.10,density,full,hann,40,0.8,2.525,4.032508325,0.004559708799973296,0.9577264587239975,0.004792074189760846
Turbulent radiative layer 2D,tcool_0.10,density,full,hann,41,0.82,2.4634146341463414,3.934154463414634,0.00435484019254743,0.9620812989165449,0.004701637174373501
Turbulent radiative layer 2D,tcool_0.10,density,full,hann,42,0.84,2.4047619047619047,3.840484119047619,0.004187369113165807,0.9662686680297108,0.004622138643204518
Turbulent radiative layer 2D,tcool_0.10,density,full,hann,43,0.86,2.3488372093023258,3.751170534883721,0.004082616255790021,0.9703512842855008,0.004552939142914093
Turbulent radiative layer 2D,tcool_0.10,density,full,hann,44,0.88,2.2954545454545454,3.665916659090909,0.004189764387556084,0.9745410486730568,0.004493493965614489
Turbulent radiative layer 2D,tcool_0.10,density,full,hann,45,0.9,2.2444444444444445,3.584451844444444,0.004117395261227307,0.9786584439342843,0.004443344060397455
Turbulent radiative layer 2D,tcool_0.10,density,full,hann,46,0.92,2.1956521739130435,3.5065289782608695,0.0042120599315665615,0.9828705038658508,0.004402108552892564
Turbulent radiative layer 2D,tcool_0.10,density,full,hann,47,0.94,2.148936170212766,3.431921978723404,0.0044054359489087746,0.9872759398147596,0.004369478666393686
Turbulent radiative layer 2D,tcool_0.10,density,full,hann,48,0.96,2.1041666666666665,3.3604236041666664,0.004301766670540881,0.9915777064853005,0.004345212880700108
Turbulent radiative layer 2D,tcool_0.10,density,full,hann,49,0.98,2.061224489795918,3.291843530612245,0.004169252423457054,0.9957469589087576,0.004329133200837631
Turbulent radiative layer 2D,tcool_0.10,density,full,hann,50,1.0,2.02,3.22600666,0.004253041091242242,0.9999999999999998,0.004321122438814211
Turbulent radiative layer 2D,tcool_0.10,density,train,boxcar,1,0.03333333333333333,60.0,95.82198,0.17738687801125474,0.17738687801125474,0.144249513146727
Turbulent radiative layer 2D,tcool_0.10,density,train,boxcar,2,0.06666666666666667,30.0,47.91099,0.13912747339148554,0.3165143514027403,0.1275632746354299
Turbulent radiative layer 2D,tcool_0.10,density,train,boxcar,3,0.1,20.0,31.940659999999998,0.06613085032151417,0.3826452017242545,0.10707141302227517
Turbulent radiative layer 2D,tcool_0.10,density,train,boxcar,4,0.13333333333333333,15.0,23.955495,0.10115658265763798,0.4838017843818924,0.08758916483565575
Turbulent radiative layer 2D,tcool_0.10,density,train,boxcar,5,0.16666666666666666,12.0,19.164396,0.07653646974598398,0.5603382541278763,0.07118139253587516
Turbulent radiative layer 2D,tcool_0.10,density,train,boxcar,6,0.2,10.0,15.970329999999999,0.05181881813595051,0.6121570722638269,0.05812006485600972
Turbulent radiative layer 2D,tcool_0.10,density,train,boxcar,7,0.23333333333333334,8.571428571428571,13.688854285714285,0.046491016333990456,0.6586480885978173,0.04795292133200418
Turbulent radiative layer 2D,tcool_0.10,density,train,boxcar,8,0.26666666666666666,7.5,11.9777475,0.03244150504344102,0.6910895936412583,0.04007578896576322
Turbulent radiative layer 2D,tcool_0.10,density,train,boxcar,9,0.3,6.666666666666667,10.646886666666667,0.04941428060844748,0.7405038742497058,0.0339470310953383
Turbulent radiative layer 2D,tcool_0.10,density,train,boxcar,10,0.3333333333333333,6.0,9.582198,0.030347763153834254,0.77085163740354,0.029138177309307314
Turbulent radiative layer 2D,tcool_0.10,density,train,boxcar,11,0.36666666666666664,5.454545454545454,8.711089090909091,0.022819757437867988,0.793671394841408,0.02532658920956913
Turbulent radiative layer 2D,tcool_0.10,density,train,boxcar,12,0.4,5.0,7.985164999999999,0.017178570122734823,0.8108499649641429,0.022273726235125104
Turbulent radiative layer 2D,tcool_0.10,density,train,boxcar,13,0.43333333333333335,4.615384615384615,7.3709215384615385,0.018921537127050726,0.8297715020911935,0.019803864751440334
Turbulent radiative layer 2D,tcool_0.10,density,train,boxcar,14,0.4666666666666667,4.285714285714286,6.844427142857143,0.01909952772373955,0.848871029814933,0.017787075919295757
Turbulent radiative layer 2D,tcool_0.10,density,train,boxcar,15,0.5,4.0,6.388132,0.011681409414973493,0.8605524392299064,0.016126582017417602
Turbulent radiative layer 2D,tcool_0.10,density,train,boxcar,16,0.5333333333333333,3.75,5.98887375,0.015400963446313224,0.8759534026762197,0.014749644366888913
Turbulent radiative layer 2D,tcool_0.10,density,train,boxcar,17,0.5666666666666667,3.5294117647058822,5.63658705882353,0.013495870424990581,0.8894492731012104,0.013601066531082682
Turbulent radiative layer 2D,tcool_0.10,density,train,boxcar,18,0.6,3.3333333333333335,5.3234433333333335,0.013119386957581785,0.9025686600587921,0.012638566913718547
Turbulent radiative layer 2D,tcool_0.10,density,train,boxcar,19,0.6333333333333333,3.1578947368421053,5.043262105263158,0.012058303515692544,0.9146269635744846,0.011829469472096758
Turbulent radiative layer 2D,tcool_0.10,density,train,boxcar,20,0.6666666666666666,3.0,4.791099,0.01058482687418101,0.9252117904486655,0.011148321265279048
Turbulent radiative layer 2D,tcool_0.10,density,train,boxcar,21,0.7,2.857142857142857,4.562951428571428,0.009284392032384639,0.9344961824810503,0.010575163778004193
Turbulent radiative layer 2D,tcool_0.10,density,train,boxcar,22,0.7333333333333333,2.727272727272727,4.355544545454546,0.008064078988591569,0.9425602614696418,0.010094268471896638
Turbulent radiative layer 2D,tcool_0.10,density,train,boxcar,23,0.7666666666666667,2.608695652173913,4.166173043478261,0.008007882879146376,0.9505681443487882,0.009693204882670042
Turbulent radiative layer 2D,tcool_0.10,density,train,boxcar,24,0.8,2.5,3.9925824999999997,0.008016585322237995,0.9585847296710263,0.009362149422746003
Turbulent radiative layer 2D,tcool_0.10,density,train,boxcar,25,0.8333333333333334,2.4,3.8328792,0.008628037362559118,0.9672127670335853,0.009093370499663397
Turbulent radiative layer 2D,tcool_0.10,density,train,boxcar,26,0.8666666666666667,2.3076923076923075,3.6854607692307693,0.007268972188976142,0.9744817392225614,0.008880844576653293
Turbulent radiative layer 2D,tcool_0.10,density,train,boxcar,27,0.9,2.2222222222222223,3.548962222222222,0.007537866999352668,0.9820196062219141,0.00871997109281559
Turbulent radiative layer 2D,tcool_0.10,density,train,boxcar,28,0.9333333333333333,2.142857142857143,3.4222135714285713,0.007126500790556416,0.9891461070124705,0.008607363567699394
Turbulent radiative layer 2D,tcool_0.10,density,train,boxcar,29,0.9666666666666667,2.0689655172413794,3.3042062068965516,0.007111565771896718,0.9962576727843673,0.008540700990940576
Turbulent radiative layer 2D,tcool_0.10,density,train,boxcar,30,1.0,2.0,3.194066,0.0037423272156324773,0.9999999999999998,0.004259314300611211
Turbulent radiative layer 2D,tcool_0.10,density,train,hann,1,0.03333333333333333,60.0,95.82198,0.08695159855424733,0.08695159855424733,0.12242923965886963
Turbulent radiative layer 2D,tcool_0.10,density,train,hann,2,0.06666666666666667,30.0,47.91099,0.06257891190815565,0.14953051046240298,0.11202127658004396
Turbulent radiative layer 2D,tcool_0.10,density,train,hann,3,0.1,20.0,31.940659999999998,0.07692128005751482,0.2264517905199178,0.09820815227807227
Turbulent radiative layer 2D,tcool_0.10,density,train,hann,4,0.13333333333333333,15.0,23.955495,0.10878024720221662,0.3352320377221344,0.08388584414751356
Turbulent radiative layer 2D,tcool_0.10,density,train,hann,5,0.16666666666666666,12.0,19.164396,0.10985542582444437,0.4450874635465788,0.07080471445530238
Turbulent radiative layer 2D,tcool_0.10,density,train,hann,6,0.2,10.0,15.970329999999999,0.09183949351507369,0.5369269570616525,0.059646308825951004
Turbulent radiative layer 2D,tcool_0.10,density,train,hann,7,0.23333333333333334,8.571428571428571,13.688854285714285,0.06358849332456536,0.6005154503862178,0.05045804551255082
Turbulent radiative layer 2D,tcool_0.10,density,train,hann,8,0.26666666666666666,7.5,11.9777475,0.04301097456477683,0.6435264249509947,0.0430130667083808
Turbulent radiative layer 2D,tcool_0.10,density,train,hann,9,0.3,6.666666666666667,10.646886666666667,0.055895210353433714,0.6994216353044284,0.03701123027707602
Turbulent radiative layer 2D,tcool_0.10,density,train,hann,10,0.3333333333333333,6.0,9.582198,0.04031479763419569,0.739736432938624,0.032167403900733096
Turbulent radiative layer 2D,tcool_0.10,density,train,hann,11,0.36666666666666664,5.454545454545454,8.711089090909091,0.02433415123123092,0.7640705841698548,0.028240764840162986
Turbulent radiative layer 2D,tcool_0.10,density,train,hann,12,0.4,5.0,7.985164999999999,0.02177547411409702,0.7858460582839518,0.025038324240322953
Turbulent radiative layer 2D,tcool_0.10,density,train,hann,13,0.43333333333333335,4.615384615384615,7.3709215384615385,0.022539955841297546,0.8083860141252494,0.022409135457251234
Turbulent radiative layer 2D,tcool_0.10,density,train,hann,14,0.4666666666666667,4.285714285714286,6.844427142857143,0.02230724018446006,0.8306932543097095,0.02023631386997076
Turbulent radiative layer 2D,tcool_0.10,density,train,hann,15,0.5,4.0,6.388132,0.015627380379272145,0.8463206346889816,0.01842956220549689
Turbulent radiative layer 2D,tcool_0.10,density,train,hann,16,0.5333333333333333,3.75,5.98887375,0.01828757884483118,0.8646082135338127,0.01691898999682314
Turbulent radiative layer 2D,tcool_0.10,density,train,hann,17,0.5666666666666667,3.5294117647058822,5.63658705882353,0.016549027009275248,0.881157240543088,0.015650275291411955
Turbulent radiative layer 2D,tcool_0.10,density,train,hann,18,0.6,3.3333333333333335,5.3234433333333335,0.012298701897990148,0.8934559424410782,0.0145809743777513
Turbulent radiative layer 2D,tcool_0.10,density,train,hann,19,0.6333333333333333,3.1578947368421053,5.043262105263158,0.011744351029317548,0.9052002934703958,0.013677740387454985
Turbulent radiative layer 2D,tcool_0.10,density,train,hann,20,0.6666666666666666,3.0,4.791099,0.011698387300041172,0.916898680770437,0.012914235910981758
Turbulent radiative layer 2D,tcool_0.10,density,train,hann,21,0.7,2.857142857142857,4.562951428571428,0.010248540145963643,0.9271472209164007,0.0122695666344916
Turbulent radiative layer 2D,tcool_0.10,density,train,hann,22,0.7333333333333333,2.727272727272727,4.355544545454546,0.009521553547261351,0.936668774463662,0.011727103525321842
Turbulent radiative layer 2D,tcool_0.10,density,train,hann,23,0.7666666666666667,2.608695652173913,4.166173043478261,0.009130600579451236,0.9457993750431132,0.011273594632343559
Turbulent radiative layer 2D,tcool_0.10,density,train,hann,24,0.8,2.5,3.9925824999999997,0.008986939020647417,0.9547863140637606,0.010898493546234534
Turbulent radiative layer 2D,tcool_0.10,density,train,hann,25,0.8333333333333334,2.4,3.8328792,0.008673959064368186,0.9634602731281288,0.010593451059825915
Turbulent radiative layer 2D,tcool_0.10,density,train,hann,26,0.8666666666666667,2.3076923076923075,3.6854607692307693,0.007906995033616719,0.9713672681617455,0.0103519309879813
Turbulent radiative layer 2D,tcool_0.10,density,train,hann,27,0.9,2.2222222222222223,3.548962222222222,0.008110332933524133,0.9794776010952696,0.010168921727495499
Turbulent radiative layer 2D,tcool_0.10,density,train,hann,28,0.9333333333333333,2.142857142857143,3.4222135714285713,0.008011368127086598,0.9874889692223562,0.010040722988787372
Turbulent radiative layer 2D,tcool_0.10,density,train,hann,29,0.9666666666666667,2.0689655172413794,3.3042062068965516,0.008158291401551745,0.995647260623908,0.00996479299923672
Turbulent radiative layer 2D,tcool_0.10,density,train,hann,30,1.0,2.0,3.194066,0.004352739376091938,0.9999999999999999,0.0049698229761600396
Turbulent radiative layer 2D,tcool_0.10,pressure,full,boxcar,1,0.02,101.0,161.300333,0.32368898512740607,0.32368898512740607,0.10665950995228193
Turbulent radiative layer 2D,tcool_0.10,pressure,full,boxcar,2,0.04,50.5,80.6501665,0.07916985470110822,0.4028588398285143,0.0992470757541683
Turbulent radiative layer 2D,tcool_0.10,pressure,full,boxcar,3,0.06,33.666666666666664,53.76677766666666,0.038131433176319514,0.44099027300483384,0.08896867783016205
Turbulent radiative layer 2D,tcool_0.10,pressure,full,boxcar,4,0.08,25.25,40.32508325,0.07663768491090081,0.5176279579157347,0.07774074799333196
Turbulent radiative layer 2D,tcool_0.10,pressure,full,boxcar,5,0.1,20.2,32.2600666,0.05217594692291698,0.5698039048386517,0.06693596373252031
Turbulent radiative layer 2D,tcool_0.10,pressure,full,boxcar,6,0.12,16.833333333333332,26.88338883333333,0.026402836664206154,0.5962067415028579,0.05727038234523472
Turbulent radiative layer 2D,tcool_0.10,pressure,full,boxcar,7,0.14,14.428571428571429,23.042904714285715,0.03678626112982773,0.6329930026326855,0.04897722429133476
Turbulent radiative layer 2D,tcool_0.10,pressure,full,boxcar,8,0.16,12.625,20.162541625,0.02809096235180136,0.661083964984487,0.04202020181924605
Turbulent radiative layer 2D,tcool_0.10,pressure,full,boxcar,9,0.18,11.222222222222221,17.922259222222223,0.027532365051614507,0.6886163300361015,0.036246035151465385
Turbulent radiative layer 2D,tcool_0.10,pressure,full,boxcar,10,0.2,10.1,16.1300333,0.019796031702471413,0.7084123617385729,0.03146986748046104
Turbulent radiative layer 2D,tcool_0.10,pressure,full,boxcar,11,0.22,9.181818181818182,14.663666636363637,0.016041372610072373,0.7244537343486452,0.02751524396347432
Turbulent radiative layer 2D,tcool_0.10,pressure,full,boxcar,12,0.24,8.416666666666666,13.441694416666666,0.009435410958911952,0.7338891453075571,0.024229067425217625
Turbulent radiative layer 2D,tcool_0.10,pressure,full,boxcar,13,0.26,7.769230769230769,12.407717923076923,0.017186270774869127,0.7510754160824263,0.021484535108259796
Turbulent radiative layer 2D,tcool_0.10,pressure,full,boxcar,14,0.28,7.214285714285714,11.521452357142858,0.019489885990694684,0.770565302073121,0.0191790611823445
Turbulent radiative layer 2D,tcool_0.10,pressure,full,boxcar,15,0.3,6.733333333333333,10.753355533333332,0.008713736849911722,0.7792790389230327,0.017230578346153654
Turbulent radiative layer 2D,tcool_0.10,pressure,full,boxcar,16,0.32,6.3125,10.0812708125,0.015329156001665074,0.7946081949246978,0.015573708559771941
Turbulent radiative layer 2D,tcool_0.10,pressure,full,boxcar,17,0.34,5.9411764705882355,9.48825488235294,0.00921486850862115,0.803823063433319,0.014156369318596219
Turbulent radiative layer 2D,tcool_0.10,pressure,full,boxcar,18,0.36,5.611111111111111,8.961129611111112,0.00909762830236263,0.8129206917356817,0.012936964732463089
Turbulent radiative layer 2D,tcool_0.10,pressure,full,boxcar,19,0.38,5.315789473684211,8.489491210526316,0.008805432956551722,0.8217261246922335,0.011882139081150413
Turbulent radiative layer 2D,tcool_0.10,pressure,full,boxcar,20,0.4,5.05,8.06501665,0.010166968021982411,0.8318930927142159,0.010965011737896787
Turbulent radiative layer 2D,tcool_0.10,pressure,full,boxcar,21,0.42,4.809523809523809,7.680968238095238,0.006523824067653204,0.8384169167818691,0.01016380214775955
Turbulent radiative layer 2D,tcool_0.10,pressure,full,boxcar,22,0.44,4.590909090909091,7.331833318181818,0.006525229307916808,0.8449421460897859,0.009460762073728706
Turbulent radiative layer 2D,tcool_0.10,pressure,full,boxcar,23,0.46,4.391304347826087,7.013057956521739,0.006489877610756182,0.8514320237005422,0.008841346349024727
Turbulent radiative layer 2D,tcool_0.10,pressure,full,boxcar,24,0.48,4.208333333333333,6.720847208333333,0.0067922093600018656,0.858224233060544,0.008293567445059746
Turbulent radiative layer 2D,tcool_0.10,pressure,full,boxcar,25,0.5,4.04,6.45201332,0.006156391272556402,0.8643806243331005,0.007807491345396446
Turbulent radiative layer 2D,tcool_0.10,pressure,full,boxcar,26,0.52,3.8846153846153846,6.203858961538462,0.006051482333002481,0.8704321066661029,0.0073748420835695015
Turbulent radiative layer 2D,tcool_0.10,pressure,full,boxcar,27,0.54,3.740740740740741,5.974086407407407,0.005696687905760032,0.876128794571863,0.006988690025944141
Turbulent radiative layer 2D,tcool_0.10,pressure,full,boxcar,28,0.56,3.607142857142857,5.760726178571429,0.007096039070628298,0.8832248336424913,0.006643204913950716
Turbulent radiative layer 2D,tcool_0.10,pressure,full,boxcar,29,0.58,3.4827586206896552,5.562080448275862,0.005907775597281927,0.8891326092397732,0.006333459192888935
Turbulent radiative layer 2D,tcool_0.10,pressure,full,boxcar,30,0.6,3.3666666666666667,5.376677766666666,0.00814836039017589,0.8972809696299492,0.006055270570955317
Turbulent radiative layer 2D,tcool_0.10,pressure,full,boxcar,31,0.62,3.2580645161290325,5.203236548387097,0.0066849179732302935,0.9039658876031795,0.005805075334997524
Turbulent radiative layer 2D,tcool_0.10,pressure,full,boxcar,32,0.64,3.15625,5.04063540625,0.0052163677029643295,0.9091822553061437,0.005579825903648483
Turbulent radiative layer 2D,tcool_0.10,pressure,full,boxcar,33,0.66,3.0606060606060606,4.887888878787878,0.005244942396932163,0.914427197703076,0.005376907580249481
Turbulent radiative layer 2D,tcool_0.10,pressure,full,boxcar,34,0.68,2.9705882352941178,4.74412744117647,0.008636584819172849,0.9230637825222487,0.0051940705951093675
Turbulent radiative layer 2D,tcool_0.10,pressure,full,boxcar,35,0.7,2.8857142857142857,4.6085809428571425,0.006022593254351284,0.9290863757766001,0.005029374387331431
Turbulent radiative layer 2D,tcool_0.10,pressure,full,boxcar,36,0.72,2.8055555555555554,4.480564805555556,0.004650699614360792,0.933737075390961,0.004881141736481091
Turbulent radiative layer 2D,tcool_0.10,pressure,full,boxcar,37,0.74,2.72972972972973,4.3594684594594595,0.003914939282921102,0.9376520146738822,0.004747920862868311
Turbulent radiative layer 2D,tcool_0.10,pressure,full,boxcar,38,0.76,2.6578947368421053,4.244745605263158,0.0038987092749582495,0.9415507239488403,0.004628454008858365
Turbulent radiative layer 2D,tcool_0.10,pressure,full,boxcar,39,0.78,2.58974358974359,4.135905974358974,0.003639003855001665,0.9451897278038419,0.004521651319866599
Turbulent radiative layer 2D,tcool_0.10,pressure,full,boxcar,40,0.8,2.525,4.032508325,0.005471639143972535,0.9506613669478146,0.004426569083165267
Turbulent radiative layer 2D,tcool_0.10,pressure,full,boxcar,41,0.82,2.4634146341463414,3.934154463414634,0.004041279713592931,0.9547026466614075,0.0043423915708844935
Turbulent radiative layer 2D,tcool_0.10,pressure,full,boxcar,42,0.84,2.4047619047619047,3.840484119047619,0.0037705404190269114,0.9584731870804344,0.004268415882398658
Turbulent radiative layer 2D,tcool_0.10,pressure,full,boxcar,43,0.86,2.3488372093023258,3.751170534883721,0.003866535798987388,0.9623397228794217,0.004204039299609005
Turbulent radiative layer 2D,tcool_0.10,pressure,full,boxcar,44,0.88,2.2954545454545454,3.665916659090909,0.005589552530514618,0.9679292754099362,0.004148748763308021
Turbulent radiative layer 2D,tcool_0.10,pressure,full,boxcar,45,0.9,2.2444444444444445,3.584451844444444,0.004668846132131204,0.9725981215420674,0.004102112155103116
Turbulent radiative layer 2D,tcool_0.10,pressure,full,boxcar,46,0.92,2.1956521739130435,3.5065289782608695,0.003523451640909726,0.9761215731829772,0.004063771131356277
Turbulent radiative layer 2D,tcool_0.10,pressure,full,boxcar,47,0.94,2.148936170212766,3.431921978723404,0.005682123238508715,0.9818036964214859,0.004033435306433629
Turbulent radiative layer 2D,tcool_0.10,pressure,full,boxcar,48,0.96,2.1041666666666665,3.3604236041666664,0.00560810455258918,0.987411800974075,0.0040108776247465
Turbulent radiative layer 2D,tcool_0.10,pressure,full,boxcar,49,0.98,2.061224489795918,3.291843530612245,0.006247717011577318,0.9936595179856524,0.003995930796584472
Turbulent radiative layer 2D,tcool_0.10,pressure,full,boxcar,50,1.0,2.02,3.22600666,0.006340482014347939,1.0000000000000004,0.003988484703187203
Turbulent radiative layer 2D,tcool_0.10,pressure,full,hann,1,0.02,101.0,161.300333,0.21905529104102697,0.21905529104102697,0.07729698856135482
Turbulent radiative layer 2D,tcool_0.10,pressure,full,hann,2,0.04,50.5,80.6501665,0.05165464624486139,0.2707099372858884,0.07442682550077898
Turbulent radiative layer 2D,tcool_0.10,pressure,full,hann,3,0.06,33.666666666666664,53.76677766666666,0.037121787746866405,0.30783172503275474,0.07009981553904795
Turbulent radiative layer 2D,tcool_0.10,pressure,full,hann,4,0.08,25.25,40.32508325,0.0781019201128777,0.3859336451456325,0.06484252940712198
Turbulent radiative layer 2D,tcool_0.10,pressure,full,hann,5,0.1,20.2,32.2600666,0.08908135647612651,0.47501500162175897,0.05916685766720833
Turbulent radiative layer 2D,tcool_0.10,pressure,full,hann,6,0.12,16.833333333333332,26.88338883333333,0.0281984172427264,0.5032134188644853,0.0534822853785167
Turbulent radiative layer 2D,tcool_0.10,pressure,full,hann,7,0.14,14.428571428571429,23.042904714285715,0.030848805308359106,0.5340622241728444,0.048066974555039964
Turbulent radiative layer 2D,tcool_0.10,pressure,full,hann,8,0.16,12.625,20.162541625,0.021401152097003964,0.5554633762698484,0.043079718142041284
Turbulent radiative layer 2D,tcool_0.10,pressure,full,hann,9,0.18,11.222222222222221,17.922259222222223,0.015932163790889325,0.5713955400607378,0.03858935003983504
Turbulent radiative layer 2D,tcool_0.10,pressure,full,hann,10,0.2,10.1,16.1300333,0.02835188590528321,0.5997474259660209,0.03460546128498031
Turbulent radiative layer 2D,tcool_0.10,pressure,full,hann,11,0.22,9.181818181818182,14.663666636363637,0.01966685693502344,0.6194142829010444,0.031103134852777416
Turbulent radiative layer 2D,tcool_0.10,pressure,full,hann,12,0.24,8.416666666666666,13.441694416666666,0.01844182782402763,0.637856110725072,0.028040204526886815
Turbulent radiative layer 2D,tcool_0.10,pressure,full,hann,13,0.26,7.769230769230769,12.407717923076923,0.025384142933925262,0.6632402536589972,0.025368142760104705
Turbulent radiative layer 2D,tcool_0.10,pressure,full,hann,14,0.28,7.214285714285714,11.521452357142858,0.03017458381404757,0.6934148374730448,0.023038346998068452
Turbulent radiative layer 2D,tcool_0.10,pressure,full,hann,15,0.3,6.733333333333333,10.753355533333332,0.012846617206553035,0.7062614546795977,0.02100541470987096
Turbulent radiative layer 2D,tcool_0.10,pressure,full,hann,16,0.32,6.3125,10.0812708125,0.014083015768743533,0.7203444704483413,0.01922858420296528
Turbulent radiative layer 2D,tcool_0.10,pressure,full,hann,17,0.34,5.9411764705882355,9.48825488235294,0.013673796833130797,0.734018267281472,0.017672127705884357
Turbulent radiative layer 2D,tcool_0.10,pressure,full,hann,18,0.36,5.611111111111111,8.961129611111112,0.012131314567119302,0.7461495818485913,0.016305188604643257
Turbulent radiative layer 2D,tcool_0.10,pressure,full,hann,19,0.38,5.315789473684211,8.489491210526316,0.01483539662196107,0.7609849784705522,0.015101355279463782
Turbulent radiative layer 2D,tcool_0.10,pressure,full,hann,20,0.4,5.05,8.06501665,0.01501813237947981,0.776003110850032,0.014038137388802512
Turbulent radiative layer 2D,tcool_0.10,pressure,full,hann,21,0.42,4.809523809523809,7.680968238095238,0.010064119450134763,0.7860672303001669,0.013096433590145031
Turbulent radiative layer 2D,tcool_0.10,pressure,full,hann,22,0.44,4.590909090909091,7.331833318181818,0.007796458112824178,0.7938636884129912,0.012260034686287525
Turbulent radiative layer 2D,tcool_0.10,pressure,full,hann,23,0.46,4.391304347826087,7.013057956521739,0.007142592493276939,0.801006280906268,0.011515180756649332
Turbulent radiative layer 2D,tcool_0.10,pressure,full,hann,24,0.48,4.208333333333333,6.720847208333333,0.006357120993217613,0.8073634018994856,0.010850177064977304
Turbulent radiative layer 2D,tcool_0.10,pressure,full,hann,25,0.5,4.04,6.45201332,0.006484821891345742,0.8138482237908314,0.01025506653332599
Turbulent radiative layer 2D,tcool_0.10,pressure,full,hann,26,0.52,3.8846153846153846,6.203858961538462,0.007202768860448062,0.8210509926512795,0.009721353391596802
Turbulent radiative layer 2D,tcool_0.10,pressure,full,hann,27,0.54,3.740740740740741,5.974086407407407,0.007277365789570148,0.8283283584408497,0.00924177151690313
Turbulent radiative layer 2D,tcool_0.10,pressure,full,hann,28,0.56,3.607142857142857,5.760726178571429,0.009805663899885308,0.8381340223407351,0.008810090965336442
Turbulent radiative layer 2D,tcool_0.10,pressure,full,hann,29,0.58,3.4827586206896552,5.562080448275862,0.010703094668401183,0.8488371170091362,0.00842095670375169
Turbulent radiative layer 2D,tcool_0.10,pressure,full,hann,30,0.6,3.3666666666666667,5.376677766666666,0.011820140342457647,0.8606572573515938,0.008069754259351197
Turbulent radiative layer 2D,tcool_0.10,pressure,full,hann,31,0.62,3.2580645161290325,5.203236548387097,0.00900656338509946,0.8696638207366932,0.007752497755498754
Turbulent radiative layer 2D,tcool_0.10,pressure,full,hann,32,0.64,3.15625,5.04063540625,0.007120840844519282,0.8767846615812125,0.007465736512012062
Turbulent radiative layer 2D,tcool_0.10,pressure,full,hann,33,0.66,3.0606060606060606,4.887888878787878,0.008423419828783234,0.8852080814099957,0.007206477021978433
Turbulent radiative layer 2D,tcool_0.10,pressure,full,hann,34,0.68,2.9705882352941178,4.74412744117647,0.01215025401426981,0.8973583354242656,0.006972117664458068
Turbulent radiative layer 2D,tcool_0.10,pressure,full,hann,35,0.7,2.8857142857142857,4.6085809428571425,0.008292237385507231,0.9056505728097728,0.006760393975373682
Turbulent radiative layer 2D,tcool_0.10,pressure,full,hann,36,0.72,2.8055555555555554,4.480564805555556,0.006258242512560485,0.9119088153223333,0.0065693326852862355
Turbulent radiative layer 2D,tcool_0.10,pressure,full,hann,37,0.74,2.72972972972973,4.3594684594594595,0.00511923959769707,0.9170280549200303,0.006397213052550758
Turbulent radiative layer 2D,tcool_0.10,pressure,full,hann,38,0.76,2.6578947368421053,4.244745605263158,0.004505991725771537,0.9215340466458017,0.006242534283626851
Turbulent radiative layer 2D,tcool_0.10,pressure,full,hann,39,0.78,2.58974358974359,4.135905974358974,0.0048181209805489246,0.9263521676263508,0.006103988048429806
Turbulent radiative layer 2D,tcool_0.10,pressure,full,hann,40,0.8,2.525,4.032508325,0.006776154831463038,0.9331283224578137,0.0059804352757775485
Turbulent radiative layer 2D,tcool_0.10,pressure,full,hann,41,0.82,2.4634146341463414,3.934154463414634,0.005318409698048545,0.9384467321558624,0.0058708865592463294
Turbulent radiative layer 2D,tcool_0.10,pressure,full,hann,42,0.84,2.4047619047619047,3.840484119047619,0.004289331883762682,0.9427360640396251,0.005774485622988722
Turbulent radiative layer 2D,tcool_0.10,pressure,full,hann,43,0.86,2.3488372093023258,3.751170534883721,0.005035588260768367,0.9477716523003934,0.0056904953951760874
Turbulent radiative layer 2D,tcool_0.10,pressure,full,hann,44,0.88,2.2954545454545454,3.665916659090909,0.006647695396182714,0.9544193476965762,0.005618286317721606
Turbulent radiative layer 2D,tcool_0.10,pressure,full,hann,45,0.9,2.2444444444444445,3.584451844444444,0.005930320349803978,0.9603496680463801,0.00555732658811117
Turbulent radiative layer 2D,tcool_0.10,pressure,full,hann,46,0.92,2.1956521739130435,3.5065289782608695,0.004941009807558566,0.9652906778539387,0.0055071740852115705
Turbulent radiative layer 2D,tcool_0.10,pressure,full,hann,47,0.94,2.148936170212766,3.431921978723404,0.007646595230078448,0.9729372730840172,0.005467469778046321
Turbulent radiative layer 2D,tcool_0.10,pressure,full,hann,48,0.96,2.1041666666666665,3.3604236041666664,0.009421708017897315,0.9823589811019147,0.005437932456545145
Turbulent radiative layer 2D,tcool_0.10,pressure,full,hann,49,0.98,2.061224489795918,3.291843530612245,0.008827943039748248,0.9911869241416629,0.005418354657689494
Turbulent radiative layer 2D,tcool_0.10,pressure,full,hann,50,1.0,2.02,3.22600666,0.008813075858337084,1.0,0.005408599690553835
Turbulent radiative layer 2D,tcool_0.10,pressure,train,boxcar,1,0.03333333333333333,60.0,95.82198,0.4530857085210955,0.4530857085210955,0.21958039788349654
Turbulent radiative layer 2D,tcool_0.10,pressure,train,boxcar,2,0.06666666666666667,30.0,47.91099,0.13760718065907082,0.5906928891801663,0.16800767030878022
Turbulent radiative layer 2D,tcool_0.10,pressure,train,boxcar,3,0.1,20.0,31.940659999999998,0.06169618576606945,0.6523890749462357,0.12099166118465005
Turbulent radiative layer 2D,tcool_0.10,pressure,train,boxcar,4,0.13333333333333333,15.0,23.955495,0.052880019853478934,0.7052690947997147,0.0872024378211002
Turbulent radiative layer 2D,tcool_0.10,pressure,train,boxcar,5,0.16666666666666666,12.0,19.164396,0.04362977046848996,0.7488988652682046,0.06441376404932989
Turbulent radiative layer 2D,tcool_0.10,pressure,train,boxcar,6,0.2,10.0,15.970329999999999,0.015506425820299452,0.764405291088504,0.04903938888725138
Turbulent radiative layer 2D,tcool_0.10,pressure,train,boxcar,7,0.23333333333333334,8.571428571428571,13.688854285714285,0.012905273572300516,0.7773105646608045,0.03843838549385638
Turbulent radiative layer 2D,tcool_0.10,pressure,train,boxcar,8,0.26666666666666666,7.5,11.9777475,0.020789364778064173,0.7980999294388686,0.030926542638398842
Turbulent radiative layer 2D,tcool_0.10,pressure,train,boxcar,9,0.3,6.666666666666667,10.646886666666667,0.03458675644333357,0.8326866858822022,0.025458501370950175
Turbulent radiative layer 2D,tcool_0.10,pressure,train,boxcar,10,0.3333333333333333,6.0,9.582198,0.009415187024435525,0.8421018729066377,0.02137924039911035
Turbulent radiative layer 2D,tcool_0.10,pressure,train,boxcar,11,0.36666666666666664,5.454545454545454,8.711089090909091,0.008384540074634642,0.8504864129812724,0.018269251177895043
Turbulent radiative layer 2D,tcool_0.10,pressure,train,boxcar,12,0.4,5.0,7.985164999999999,0.01568572543071027,0.8661721384119827,0.01585296694110359
Turbulent radiative layer 2D,tcool_0.10,pressure,train,boxcar,13,0.43333333333333335,4.615384615384615,7.3709215384615385,0.01255738731863749,0.8787295257306202,0.013944741111417368
Turbulent radiative layer 2D,tcool_0.10,pressure,train,boxcar,14,0.4666666666666667,4.285714285714286,6.844427142857143,0.00674216663173438,0.8854716923623546,0.012416491604437042
Turbulent radiative layer 2D,tcool_0.10,pressure,train,boxcar,15,0.5,4.0,6.388132,0.006295250174938416,0.891766942537293,0.011177899035078707
Turbulent radiative layer 2D,tcool_0.10,pressure,train,boxcar,16,0.5333333333333333,3.75,5.98887375,0.007542669242947365,0.8993096117802405,0.010164001023929501
Turbulent radiative layer 2D,tcool_0.10,pressure,train,boxcar,17,0.5666666666666667,3.5294117647058822,5.63658705882353,0.011031660494730275,0.9103412722749707,0.009327237668776769
Turbulent radiative layer 2D,tcool_0.10,pressure,train,boxcar,18,0.6,3.3333333333333335,5.3234433333333335,0.00845002406753029,0.9187912963425011,0.008632237093989744
Turbulent radiative layer 2D,tcool_0.10,pressure,train,boxcar,19,0.6333333333333333,3.1578947368421053,5.043262105263158,0.008021525627991164,0.9268128219704922,0.008052325984935415
Turbulent radiative layer 2D,tcool_0.10,pressure,train,boxcar,20,0.6666666666666666,3.0,4.791099,0.010616698630312721,0.937429520600805,0.007567149725748288
Turbulent radiative layer 2D,tcool_0.10,pressure,train,boxcar,21,0.7,2.857142857142857,4.562951428571428,0.006577379537102936,0.9440069001379079,0.007161021043865264
Turbulent radiative layer 2D,tcool_0.10,pressure,train,boxcar,22,0.7333333333333333,2.727272727272727,4.355544545454546,0.00600844554303669,0.9500153456809446,0.006821756302327752
Turbulent radiative layer 2D,tcool_0.10,pressure,train,boxcar,23,0.7666666666666667,2.608695652173913,4.166173043478261,0.0056550753384033755,0.9556704210193478,0.006539844282737861
Turbulent radiative layer 2D,tcool_0.10,pressure,train,boxcar,24,0.8,2.5,3.9925824999999997,0.005680258700937446,0.9613506797202853,0.00630784573959637
Turbulent radiative layer 2D,tcool_0.10,pressure,train,boxcar,25,0.8333333333333334,2.4,3.8328792,0.005229651102436482,0.9665803308227218,0.006119955980682938
Turbulent radiative layer 2D,tcool_0.10,pressure,train,boxcar,26,0.8666666666666667,2.3076923076923075,3.6854607692307693,0.00636638119105155,0.9729467120137734,0.005971684741322705
Turbulent radiative layer 2D,tcool_0.10,pressure,train,boxcar,27,0.9,2.2222222222222223,3.548962222222222,0.006102868708500669,0.979049580722274,0.0058596221582283125
Turbulent radiative layer 2D,tcool_0.10,pressure,train,boxcar,28,0.9333333333333333,2.142857142857143,3.4222135714285713,0.006960873902549129,0.9860104546248231,0.005781269445669757
Turbulent radiative layer 2D,tcool_0.10,pressure,train,boxcar,29,0.9666666666666667,2.0689655172413794,3.3042062068965516,0.009193875212292204,0.9952043298371153,0.005734919634327314
Turbulent radiative layer 2D,tcool_0.10,pressure,train,boxcar,30,1.0,2.0,3.194066,0.004795670162884829,1.0,0.002859789267006113
Turbulent radiative layer 2D,tcool_0.10,pressure,train,hann,1,0.03333333333333333,60.0,95.82198,0.37918872001590903,0.37918872001590903,0.16156628733941783
Turbulent radiative layer 2D,tcool_0.10,pressure,train,hann,2,0.06666666666666667,30.0,47.91099,0.0366670160094555,0.4158557360253645,0.1386787767320515
Turbulent radiative layer 2D,tcool_0.10,pressure,train,hann,3,0.1,20.0,31.940659999999998,0.11341159290114709,0.5292673289265116,0.11234734784011391
Turbulent radiative layer 2D,tcool_0.10,pressure,train,hann,4,0.13333333333333333,15.0,23.955495,0.07386236606847668,0.6031296949949883,0.08895952431781094
Turbulent radiative layer 2D,tcool_0.10,pressure,train,hann,5,0.16666666666666666,12.0,19.164396,0.06738090127177403,0.6705105962667622,0.07039491292731871
Turbulent radiative layer 2D,tcool_0.10,pressure,train,hann,6,0.2,10.0,15.970329999999999,0.032301278388188595,0.7028118746549509,0.0562999634551789
Turbulent radiative layer 2D,tcool_0.10,pressure,train,hann,7,0.23333333333333334,8.571428571428571,13.688854285714285,0.01559454221887668,0.7184064168738276,0.0457218329821072
Turbulent radiative layer 2D,tcool_0.10,pressure,train,hann,8,0.26666666666666666,7.5,11.9777475,0.022224666606902976,0.7406310834807306,0.037751928044039026
Turbulent radiative layer 2D,tcool_0.10,pressure,train,hann,9,0.3,6.666666666666667,10.646886666666667,0.036642284515546374,0.7772733679962769,0.03168227976672475
Turbulent radiative layer 2D,tcool_0.10,pressure,train,hann,10,0.3333333333333333,6.0,9.582198,0.01605011878904869,0.7933234867853256,0.026997981944613295
Turbulent radiative layer 2D,tcool_0.10,pressure,train,hann,11,0.36666666666666664,5.454545454545454,8.711089090909091,0.010834364464581324,0.804157851249907,0.023332881131787192
Turbulent radiative layer 2D,tcool_0.10,pressure,train,hann,12,0.4,5.0,7.985164999999999,0.018884286454511227,0.8230421377044183,0.020427279872053356
Turbulent radiative layer 2D,tcool_0.10,pressure,train,hann,13,0.43333333333333335,4.615384615384615,7.3709215384615385,0.012065727050722569,0.8351078647551408,0.018095772397015368
Turbulent radiative layer 2D,tcool_0.10,pressure,train,hann,14,0.4666666666666667,4.285714285714286,6.844427142857143,0.011081859092542062,0.8461897238476829,0.016204562499075016
Turbulent radiative layer 2D,tcool_0.10,pressure,train,hann,15,0.5,4.0,6.388132,0.01081384317712429,0.8570035670248072,0.01465589097854729
Turbulent radiative layer 2D,tcool_0.10,pressure,train,hann,16,0.5333333333333333,3.75,5.98887375,0.007295842248838621,0.8642994092736458,0.013377410621595217
Turbulent radiative layer 2D,tcool_0.10,pressure,train,hann,17,0.5666666666666667,3.5294117647058822,5.63658705882353,0.01212858860312253,0.8764279978767683,0.012314911341701887
Turbulent radiative layer 2D,tcool_0.10,pressure,train,hann,18,0.6,3.3333333333333335,5.3234433333333335,0.010640228923407302,0.8870682268001756,0.011427297679592413
Turbulent radiative layer 2D,tcool_0.10,pressure,train,hann,19,0.6333333333333333,3.1578947368421053,5.043262105263158,0.009168148846672327,0.896236375646848,0.010683084572190488
Turbulent radiative layer 2D,tcool_0.10,pressure,train,hann,20,0.6666666666666666,3.0,4.791099,0.012937042114911538,0.9091734177617595,0.010057924420206884
Turbulent radiative layer 2D,tcool_0.10,pressure,train,hann,21,0.7,2.857142857142857,4.562951428571428,0.009545974544114693,0.9187193923058742,0.009532841935303129
Turbulent radiative layer 2D,tcool_0.10,pressure,train,hann,22,0.7333333333333333,2.727272727272727,4.355544545454546,0.009327445082659909,0.9280468373885341,0.009092960473656582
Turbulent radiative layer 2D,tcool_0.10,pressure,train,hann,23,0.7666666666666667,2.608695652173913,4.166173043478261,0.010817182764592993,0.9388640201531272,0.0087265739845983
Turbulent radiative layer 2D,tcool_0.10,pressure,train,hann,24,0.8,2.5,3.9925824999999997,0.009885988992083407,0.9487500091452105,0.008424465243292184
Turbulent radiative layer 2D,tcool_0.10,pressure,train,hann,25,0.8333333333333334,2.4,3.8328792,0.00828287751338496,0.9570328866585954,0.008179402080182632
Turbulent radiative layer 2D,tcool_0.10,pressure,train,hann,26,0.8666666666666667,2.3076923076923075,3.6854607692307693,0.009847848283573149,0.9668807349421686,0.007985764263140033
Turbulent radiative layer 2D,tcool_0.10,pressure,train,hann,27,0.9,2.2222222222222223,3.548962222222222,0.00940538155537732,0.976286116497546,0.007839268005796575
Turbulent radiative layer 2D,tcool_0.10,pressure,train,hann,28,0.9333333333333333,2.142857142857143,3.4222135714285713,0.009093778218067169,0.9853798947156132,0.007736765019273525
Turbulent radiative layer 2D,tcool_0.10,pressure,train,hann,29,0.9666666666666667,2.0689655172413794,3.3042062068965516,0.010244833474605686,0.995624728190219,0.007676100069059902
Turbulent radiative layer 2D,tcool_0.10,pressure,train,hann,30,1.0,2.0,3.194066,0.0043752718097810435,1.0,0.003828008062555977
Turbulent radiative layer 2D,tcool_0.18,density,full,boxcar,1,0.02,101.0,161.300333,0.12712617119465375,0.12712617119465375,0.10775384919232862
Turbulent radiative layer 2D,tcool_0.18,density,full,boxcar,2,0.04,50.5,80.6501665,0.09489656865215422,0.22202273984680793,0.10012060985437059
Turbulent radiative layer 2D,tcool_0.18,density,full,boxcar,3,0.06,33.666666666666664,53.76677766666666,0.07122004061893585,0.2932427804657438,0.08957243129456918
Turbulent radiative layer 2D,tcool_0.18,density,full,boxcar,4,0.08,25.25,40.32508325,0.09328673289829936,0.3865295133640432,0.07809786186594649
Turbulent radiative layer 2D,tcool_0.18,density,full,boxcar,5,0.1,20.2,32.2600666,0.10565991262440434,0.49218942598844756,0.06710282118626193
Turbulent radiative layer 2D,tcool_0.18,density,full,boxcar,6,0.12,16.833333333333332,26.88338883333333,0.07000613543081195,0.5621955614192595,0.057305939791638824
Turbulent radiative layer 2D,tcool_0.18,density,full,boxcar,7,0.14,14.428571428571429,23.042904714285715,0.04510626438916688,0.6073018258084264,0.04892924161188343
Turbulent radiative layer 2D,tcool_0.18,density,full,boxcar,8,0.16,12.625,20.162541625,0.027992350997465734,0.6352941768058921,0.04192278044130178
Turbulent radiative layer 2D,tcool_0.18,density,full,boxcar,9,0.18,11.222222222222221,17.922259222222223,0.026420762555954883,0.661714939361847,0.036121825457475006
Turbulent radiative layer 2D,tcool_0.18,density,full,boxcar,10,0.2,10.1,16.1300333,0.020119284010760817,0.6818342233726078,0.031333230925744214
Turbulent radiative layer 2D,tcool_0.18,density,full,boxcar,11,0.22,9.181818181818182,14.663666636363637,0.023851130672419223,0.705685354045027,0.027374967390607248
Turbulent radiative layer 2D,tcool_0.18,density,full,boxcar,12,0.24,8.416666666666666,13.441694416666666,0.01761718134460191,0.7233025353896289,0.02409033795692188
Turbulent radiative layer 2D,tcool_0.18,density,full,boxcar,13,0.26,7.769230769230769,12.407717923076923,0.014189075825195283,0.7374916112148241,0.02135027182923694
Turbulent radiative layer 2D,tcool_0.18,density,full,boxcar,14,0.28,7.214285714285714,11.521452357142858,0.016494584268978978,0.7539861954838031,0.019050778760987812
Turbulent radiative layer 2D,tcool_0.18,density,full,boxcar,15,0.3,6.733333333333333,10.753355533333332,0.015293379945560032,0.7692795754293631,0.0171089355470374
Turbulent radiative layer 2D,tcool_0.18,density,full,boxcar,16,0.32,6.3125,10.0812708125,0.019429466339779565,0.7887090417691427,0.015458852587532167
Turbulent radiative layer 2D,tcool_0.18,density,full,boxcar,17,0.34,5.9411764705882355,9.48825488235294,0.01571061197423502,0.8044196537433778,0.01404815039708755
Turbulent radiative layer 2D,tcool_0.18,density,full,boxcar,18,0.36,5.611111111111111,8.961129611111112,0.01112077238313024,0.815540426126508,0.012835068970724317
Turbulent radiative layer 2D,tcool_0.18,density,full,boxcar,19,0.38,5.315789473684211,8.489491210526316,0.01041622782919573,0.8259566539557037,0.01178617009324842
Turbulent radiative layer 2D,tcool_0.18,density,full,boxcar,20,0.4,5.05,8.06501665,0.010934089894037142,0.8368907438497407,0.010874540177108963
Turbulent radiative layer 2D,tcool_0.18,density,full,boxcar,21,0.42,4.809523809523809,7.680968238095238,0.010347169928220112,0.8472379137779609,0.0100783951738873
Turbulent radiative layer 2D,tcool_0.18,density,full,boxcar,22,0.44,4.590909090909091,7.331833318181818,0.009886473173342045,0.8571243869513029,0.009380000295444543
Turbulent radiative layer 2D,tcool_0.18,density,full,boxcar,23,0.46,4.391304347826087,7.013057956521739,0.00901688100569141,0.8661412679569943,0.008764832981932423
Turbulent radiative layer 2D,tcool_0.18,density,full,boxcar,24,0.48,4.208333333333333,6.720847208333333,0.007654318611514166,0.8737955865685084,0.008220932671035021
Turbulent radiative layer 2D,tcool_0.18,density,full,boxcar,25,0.5,4.04,6.45201332,0.008954114337979194,0.8827497009064876,0.007738393755770095
Turbulent radiative layer 2D,tcool_0.18,density,full,boxcar,26,0.52,3.8846153846153846,6.203858961538462,0.007415275735854083,0.8901649766423417,0.00730896839294376
Turbulent radiative layer 2D,tcool_0.18,density,full,boxcar,27,0.54,3.740740740740741,5.974086407407407,0.006003089880629107,0.8961680665229708,0.006925753802911614
Turbulent radiative layer 2D,tcool_0.18,density,full,boxcar,28,0.56,3.607142857142857,5.760726178571429,0.006370895731319957,0.9025389622542908,0.0065829447951887814
Turbulent radiative layer 2D,tcool_0.18,density,full,boxcar,29,0.58,3.4827586206896552,5.562080448275862,0.006922624875236673,0.9094615871295274,0.006275636869010565
Turbulent radiative layer 2D,tcool_0.18,density,full,boxcar,30,0.6,3.3666666666666667,5.376677766666666,0.005980867463527171,0.9154424545930546,0.005999668719070623
Turbulent radiative layer 2D,tcool_0.18,density,full,boxcar,31,0.62,3.2580645161290325,5.203236548387097,0.0057517728416690145,0.9211942274347236,0.005751495600805866
Turbulent radiative layer 2D,tcool_0.18,density,full,boxcar,32,0.64,3.15625,5.04063540625,0.00469450357100572,0.9258887310057293,0.0055280869902057704
Turbulent radiative layer 2D,tcool_0.18,density,full,boxcar,33,0.66,3.0606060606060606,4.887888878787878,0.004449853714505855,0.9303385847202352,0.0053268434718750065
Turbulent radiative layer 2D,tcool_0.18,density,full,boxcar,34,0.68,2.9705882352941178,4.74412744117647,0.005321772323293732,0.9356603570435289,0.005145528927141911
Turbulent radiative layer 2D,tcool_0.18,density,full,boxcar,35,0.7,2.8857142857142857,4.6085809428571425,0.0046397696268934766,0.9403001266704224,0.004982214961706589
Turbulent radiative layer 2D,tcool_0.18,density,full,boxcar,36,0.72,2.8055555555555554,4.480564805555556,0.004461868740392964,0.9447619954108154,0.004835235176854279
Turbulent radiative layer 2D,tcool_0.18,density,full,boxcar,37,0.74,2.72972972972973,4.3594684594594595,0.0046640495459122485,0.9494260449567276,0.0047031473996136065
Turbulent radiative layer 2D,tcool_0.18,density,full,boxcar,38,0.76,2.6578947368421053,4.244745605263158,0.004221091653678331,0.9536471366104059,0.004584702382670285
Turbulent radiative layer 2D,tcool_0.18,density,full,boxcar,39,0.78,2.58974358974359,4.135905974358974,0.004756573336346587,0.9584037099467524,0.0044788177921913554
Turbulent radiative layer 2D,tcool_0.18,density,full,boxcar,40,0.8,2.525,4.032508325,0.004219660618841529,0.9626233705655939,0.004384556541844447
Turbulent radiative layer 2D,tcool_0.18,density,full,boxcar,41,0.82,2.4634146341463414,3.934154463414634,0.004318136795272299,0.9669415073608663,0.004301108719920613
Turbulent radiative layer 2D,tcool_0.18,density,full,boxcar,42,0.84,2.4047619047619047,3.840484119047619,0.0036708275548051838,0.9706123349156714,0.004227776505465509
Turbulent radiative layer 2D,tcool_0.18,density,full,boxcar,43,0.86,2.3488372093023258,3.751170534883721,0.003678699848083102,0.9742910347637546,0.004163961587714709
Turbulent radiative layer 2D,tcool_0.18,density,full,boxcar,44,0.88,2.2954545454545454,3.665916659090909,0.004036463478159664,0.9783274982419142,0.004109154697803908
Turbulent radiative layer 2D,tcool_0.18,density,full,boxcar,45,0.9,2.2444444444444445,3.584451844444444,0.0038221952435412094,0.9821496934854554,0.0040629269379741095
Turbulent radiative layer 2D,tcool_0.18,density,full,boxcar,46,0.92,2.1956521739130435,3.5065289782608695,0.003700288830700826,0.9858499823161563,0.004024922655403974
Turbulent radiative layer 2D,tcool_0.18,density,full,boxcar,47,0.94,2.148936170212766,3.431921978723404,0.003380026015691639,0.9892300083318479,0.003994853658558644
Turbulent radiative layer 2D,tcool_0.18,density,full,boxcar,48,0.96,2.1041666666666665,3.3604236041666664,0.0035258593758323523,0.9927558677076802,0.003972494616046082
Turbulent radiative layer 2D,tcool_0.18,density,full,boxcar,49,0.98,2.061224489795918,3.291843530612245,0.0037926248292533267,0.9965484925369336,0.003957679513403137
Turbulent radiative layer 2D,tcool_0.18,density,full,boxcar,50,1.0,2.02,3.22600666,0.0034515074630661474,0.9999999999999997,0.00395029907359266
Turbulent radiative layer 2D,tcool_0.18,density,full,hann,1,0.02,101.0,161.300333,0.088088953968426,0.088088953968426,0.11284967587546368
Turbulent radiative layer 2D,tcool_0.18,density,full,hann,2,0.04,50.5,80.6501665,0.08090865223459087,0.16899760620301688,0.1041365228338865
Turbulent radiative layer 2D,tcool_0.18,density,full,hann,3,0.06,33.666666666666664,53.76677766666666,0.056543395668751564,0.22554100187176845,0.09229082674595494
Turbulent radiative layer 2D,tcool_0.18,density,full,hann,4,0.08,25.25,40.32508325,0.09507024851598184,0.3206112503877503,0.07965474484559133
Turbulent radiative layer 2D,tcool_0.18,density,full,hann,5,0.1,20.2,32.2600666,0.13453181254517976,0.45514306293293005,0.06778406642051914
Turbulent radiative layer 2D,tcool_0.18,density,full,hann,6,0.12,16.833333333333332,26.88338883333333,0.09577442587805213,0.5509174888109822,0.05739718856907564
Turbulent radiative layer 2D,tcool_0.18,density,full,hann,7,0.14,14.428571428571429,23.042904714285715,0.07330635510473132,0.6242238439157135,0.04865462416905716
Turbulent radiative layer 2D,tcool_0.18,density,full,hann,8,0.16,12.625,20.162541625,0.03018623828264592,0.6544100821983595,0.041438165157757674
Turbulent radiative layer 2D,tcool_0.18,density,full,hann,9,0.18,11.222222222222221,17.922259222222223,0.023947602395078045,0.6783576845934376,0.03552834138541178
Turbulent radiative layer 2D,tcool_0.18,density,full,hann,10,0.2,10.1,16.1300333,0.023201035030847538,0.7015587196242851,0.03069358015354874
Turbulent radiative layer 2D,tcool_0.18,density,full,hann,11,0.22,9.181818181818182,14.663666636363637,0.019402616442097554,0.7209613360663827,0.02672662781096436
Turbulent radiative layer 2D,tcool_0.18,density,full,hann,12,0.24,8.416666666666666,13.441694416666666,0.014385954925386739,0.7353472909917693,0.023454835100968296
Turbulent radiative layer 2D,tcool_0.18,density,full,hann,13,0.26,7.769230769230769,12.407717923076923,0.012413667012624098,0.7477609580043934,0.02073927150949101
Turbulent radiative layer 2D,tcool_0.18,density,full,hann,14,0.28,7.214285714285714,11.521452357142858,0.013885546377499046,0.7616465043818924,0.018469956964838358
Turbulent radiative layer 2D,tcool_0.18,density,full,hann,15,0.3,6.733333333333333,10.753355533333332,0.014887464249052726,0.7765339686309451,0.01656039259270201
Turbulent radiative layer 2D,tcool_0.18,density,full,hann,16,0.32,6.3125,10.0812708125,0.018797219334964196,0.7953311879659093,0.014942603887843669
Turbulent radiative layer 2D,tcool_0.18,density,full,hann,17,0.34,5.9411764705882355,9.48825488235294,0.0154441957127033,0.8107753836786126,0.013563040578974166
Turbulent radiative layer 2D,tcool_0.18,density,full,hann,18,0.36,5.611111111111111,8.961129611111112,0.01139505075285892,0.8221704344314715,0.012379328447019267
Turbulent radiative layer 2D,tcool_0.18,density,full,hann,19,0.38,5.315789473684211,8.489491210526316,0.011118247600092588,0.833288682031564,0.011357750578328489
Turbulent radiative layer 2D,tcool_0.18,density,full,hann,20,0.4,5.05,8.06501665,0.01093854371208837,0.8442272257436525,0.010471313704877337
Turbulent radiative layer 2D,tcool_0.18,density,full,hann,21,0.42,4.809523809523809,7.680968238095238,0.009239773273932042,0.8534669990175845,0.009698268952525457
Turbulent radiative layer 2D,tcool_0.18,density,full,hann,22,0.44,4.590909090909091,7.331833318181818,0.00849374418745366,0.8619607432050382,0.009020979831328354
Turbulent radiative layer 2D,tcool_0.18,density,full,hann,23,0.46,4.391304347826087,7.013057956521739,0.007943071857447729,0.8699038150624859,0.00842505361291948
Turbulent radiative layer 2D,tcool_0.18,density,full,hann,24,0.48,4.208333333333333,6.720847208333333,0.0075733835002179724,0.8774771985627039,0.00789867203780478
Turbulent radiative layer 2D,tcool_0.18,density,full,hann,25,0.5,4.04,6.45201332,0.009345678321643583,0.8868228768843475,0.007432073009064745
Turbulent radiative layer 2D,tcool_0.18,density,full,hann,26,0.52,3.8846153846153846,6.203858961538462,0.007327584532743716,0.8941504614170912,0.007017146982336662
Turbulent radiative layer 2D,tcool_0.18,density,full,hann,27,0.54,3.740740740740741,5.974086407407407,0.005894456739025476,0.9000449181561166,0.006647120843719278
Turbulent radiative layer 2D,tcool_0.18,density,full,hann,28,0.56,3.607142857142857,5.760726178571429,0.006068104677305868,0.9061130228334225,0.0063163088489530915
Turbulent radiative layer 2D,tcool_0.18,density,full,hann,29,0.58,3.4827586206896552,5.562080448275862,0.006370038949081568,0.9124830617825042,0.006019915242847153
Turbulent radiative layer 2D,tcool_0.18,density,full,hann,30,0.6,3.3666666666666667,5.376677766666666,0.005663226614661725,0.9181462883971658,0.005753876930478892
Turbulent radiative layer 2D,tcool_0.18,density,full,hann,31,0.62,3.2580645161290325,5.203236548387097,0.006052529790072803,0.9241988181872387,0.0055147373674310565
Turbulent radiative layer 2D,tcool_0.18,density,full,hann,32,0.64,3.15625,5.04063540625,0.005228818683157723,0.9294276368703964,0.00529954492572919
Turbulent radiative layer 2D,tcool_0.18,density,full,hann,33,0.66,3.0606060606060606,4.887888878787878,0.004640495406762521,0.9340681322771589,0.005105770559960595
Turbulent radiative layer 2D,tcool_0.18,density,full,hann,34,0.68,2.9705882352941178,4.74412744117647,0.004911268597317022,0.938979400874476,0.004931240779939802
Turbulent radiative layer 2D,tcool_0.18,density,full,hann,35,0.7,2.8857142857142857,4.6085809428571425,0.004707138614551128,0.9436865394890271,0.0047740828316998165
Turbulent radiative layer 2D,tcool_0.18,density,full,hann,36,0.72,2.8055555555555554,4.480564805555556,0.00448251071583815,0.9481690502048653,0.004632679670527612
Turbulent radiative layer 2D,tcool_0.18,density,full,hann,37,0.74,2.72972972972973,4.3594684594594595,0.004064965178743952,0.9522340153836092,0.004505632831920603
Turbulent radiative layer 2D,tcool_0.18,density,full,hann,38,0.76,2.6578947368421053,4.244745605263158,0.003936009185798428,0.9561700245694076,0.0043917317083463315
Turbulent radiative layer 2D,tcool_0.18,density,full,hann,39,0.78,2.58974358974359,4.135905974358974,0.004243233098647455,0.960413257668055,0.004289928050904125
Turbulent radiative layer 2D,tcool_0.18,density,full,hann,40,0.8,2.525,4.032508325,0.004244758094256814,0.9646580157623118,0.004199314757270733
Turbulent radiative layer 2D,tcool_0.18,density,full,hann,41,0.82,2.4634146341463414,3.934154463414634,0.003857387312552648,0.9685154030748644,0.004119108197007908
Turbulent radiative layer 2D,tcool_0.18,density,full,hann,42,0.84,2.4047619047619047,3.840484119047619,0.0034590055721407643,0.9719744086470052,0.004048633474706219
Turbulent radiative layer 2D,tcool_0.18,density,full,hann,43,0.86,2.3488372093023258,3.751170534883721,0.0035984608549323007,0.9755728695019376,0.003987312149822525
Turbulent radiative layer 2D,tcool_0.18,density,full,hann,44,0.88,2.2954545454545454,3.665916659090909,0.00357850638332221,0.9791513758852598,0.003934652026496903
Turbulent radiative layer 2D,tcool_0.18,density,full,hann,45,0.9,2.2444444444444445,3.584451844444444,0.003644780533845282,0.9827961564191051,0.0038902387025054924
Turbulent radiative layer 2D,tcool_0.18,density,full,hann,46,0.92,2.1956521739130435,3.5065289782608695,0.0036091512374844675,0.9864053076565896,0.003853728627973776
Turbulent radiative layer 2D,tcool_0.18,density,full,hann,47,0.94,2.148936170212766,3.431921978723404,0.003281515365651636,0.9896868230222412,0.0038248434747628485
Turbulent radiative layer 2D,tcool_0.18,density,full,hann,48,0.96,2.1041666666666665,3.3604236041666664,0.0033212078980744426,0.9930080309203156,0.0038033656590721137
Turbulent radiative layer 2D,tcool_0.18,density,full,hann,49,0.98,2.061224489795918,3.291843530612245,0.003482023616945936,0.9964900545372615,0.0037891348947724918
Turbulent radiative layer 2D,tcool_0.18,density,full,hann,50,1.0,2.02,3.22600666,0.003509945462738474,1.0,0.0037820456848984972
Turbulent radiative layer 2D,tcool_0.18,density,train,boxcar,1,0.03333333333333333,60.0,95.82198,0.12706985898593037,0.12706985898593037,0.1581033966333868
Turbulent radiative layer 2D,tcool_0.18,density,train,boxcar,2,0.06666666666666667,30.0,47.91099,0.11305931352146331,0.24012917250739368,0.13654331786334328
Turbulent radiative layer 2D,tcool_0.18,density,train,boxcar,3,0.1,20.0,31.940659999999998,0.2304566712283772,0.4705858437357709,0.11140776727465157
Turbulent radiative layer 2D,tcool_0.18,density,train,boxcar,4,0.13333333333333333,15.0,23.955495,0.10771297543132495,0.5782988191670958,0.08877899022654319
Turbulent radiative layer 2D,tcool_0.18,density,train,boxcar,5,0.16666666666666666,12.0,19.164396,0.037505613666002045,0.6158044328330978,0.07061004538057249
Turbulent radiative layer 2D,tcool_0.18,density,train,boxcar,6,0.2,10.0,15.970329999999999,0.03879780607025007,0.6546022389033479,0.05669135581113488
Turbulent radiative layer 2D,tcool_0.18,density,train,boxcar,7,0.23333333333333334,8.571428571428571,13.688854285714285,0.03179263602521426,0.6863948749285621,0.046174279504143975
Turbulent radiative layer 2D,tcool_0.18,density,train,boxcar,8,0.26666666666666666,7.5,11.9777475,0.027781129522592145,0.7141760044511543,0.03820966728450966
Turbulent radiative layer 2D,tcool_0.18,density,train,boxcar,9,0.3,6.666666666666667,10.646886666666667,0.02635730518708896,0.7405333096382432,0.03212042347904668
Turbulent radiative layer 2D,tcool_0.18,density,train,boxcar,10,0.3333333333333333,6.0,9.582198,0.04184745806056168,0.7823807676988048,0.02740696338660955
Turbulent radiative layer 2D,tcool_0.18,density,train,boxcar,11,0.36666666666666664,5.454545454545454,8.711089090909091,0.019309245377345973,0.801690013076151,0.023710482642752953
Turbulent radiative layer 2D,tcool_0.18,density,train,boxcar,12,0.4,5.0,7.985164999999999,0.023197164097160876,0.8248871771733117,0.020774645244138447
Turbulent radiative layer 2D,tcool_0.18,density,train,boxcar,13,0.43333333333333335,4.615384615384615,7.3709215384615385,0.019100395153250554,0.8439875723265623,0.018415439906127783
Turbulent radiative layer 2D,tcool_0.18,density,train,boxcar,14,0.4666666666666667,4.285714285714286,6.844427142857143,0.015657089740540264,0.8596446620671025,0.01649951116545573
Turbulent radiative layer 2D,tcool_0.18,density,train,boxcar,15,0.5,4.0,6.388132,0.017651185968839547,0.8772958480359422,0.014929093500418178
Turbulent radiative layer 2D,tcool_0.18,density,train,boxcar,16,0.5333333333333333,3.75,5.98887375,0.010351328355561764,0.8876471763915039,0.013631638907432159
Turbulent radiative layer 2D,tcool_0.18,density,train,boxcar,17,0.5666666666666667,3.5294117647058822,5.63658705882353,0.012895010055593611,0.9005421864470975,0.01255266672295689
Turbulent radiative layer 2D,tcool_0.18,density,train,boxcar,18,0.6,3.3333333333333335,5.3234433333333335,0.010465175071598968,0.9110073615186964,0.011650801135288982
Turbulent radiative layer 2D,tcool_0.18,density,train,boxcar,19,0.6333333333333333,3.1578947368421053,5.043262105263158,0.009187431744776776,0.9201947932634732,0.010894294260885267
Turbulent radiative layer 2D,tcool_0.18,density,train,boxcar,20,0.6666666666666666,3.0,4.791099,0.009505181841159109,0.9296999751046323,0.010258564105375241
Turbulent radiative layer 2D,tcool_0.18,density,train,boxcar,21,0.7,2.857142857142857,4.562951428571428,0.009199070080396101,0.9388990451850283,0.009724432245211074
Turbulent radiative layer 2D,tcool_0.18,density,train,boxcar,22,0.7333333333333333,2.727272727272727,4.355544545454546,0.008205065442963327,0.9471041106279917,0.009276849230008901
Turbulent radiative layer 2D,tcool_0.18,density,train,boxcar,23,0.7666666666666667,2.608695652173913,4.166173043478261,0.009347629213915434,0.9564517398419071,0.008903964029068836
Turbulent radiative layer 2D,tcool_0.18,density,train,boxcar,24,0.8,2.5,3.9925824999999997,0.007414669448870419,0.9638664092907776,0.00859643929512492
Turbulent radiative layer 2D,tcool_0.18,density,train,boxcar,25,0.8333333333333334,2.4,3.8328792,0.007426971293755788,0.9712933805845333,0.00834694469455384
Turbulent radiative layer 2D,tcool_0.18,density,train,boxcar,26,0.8666666666666667,2.3076923076923075,3.6854607692307693,0.006606209951787135,0.9778995905363205,0.008149781203080596
Turbulent radiative layer 2D,tcool_0.18,density,train,boxcar,27,0.9,2.2222222222222223,3.548962222222222,0.006232664011967249,0.9841322545482877,0.00800060343485794
Turbulent radiative layer 2D,tcool_0.18,density,train,boxcar,28,0.9333333333333333,2.142857142857143,3.4222135714285713,0.006064989731050065,0.9901972442793376,0.007896216944351395
Turbulent radiative layer 2D,tcool_0.18,density,train,boxcar,29,0.9666666666666667,2.0689655172413794,3.3042062068965516,0.006457521429215193,0.9966547657085528,0.007834434453343229
Turbulent radiative layer 2D,tcool_0.18,density,train,boxcar,30,1.0,2.0,3.194066,0.003345234291446907,0.9999999999999998,0.003906990035625825
Turbulent radiative layer 2D,tcool_0.18,density,train,hann,1,0.03333333333333333,60.0,95.82198,0.0701251191803923,0.0701251191803923,0.146919826032794
Turbulent radiative layer 2D,tcool_0.18,density,train,hann,2,0.06666666666666667,30.0,47.91099,0.0900576643054846,0.16018278348587692,0.12934836161077684
Turbulent radiative layer 2D,tcool_0.18,density,train,hann,3,0.1,20.0,31.940659999999998,0.23113237885237356,0.3913151623382505,0.10798150163490924
Turbulent radiative layer 2D,tcool_0.18,density,train,hann,4,0.13333333333333333,15.0,23.955495,0.1432156239862165,0.5345307863244669,0.08788096996899561
Turbulent radiative layer 2D,tcool_0.18,density,train,hann,5,0.16666666666666666,12.0,19.164396,0.03766910180548801,0.5721998881299549,0.07111161596057704
Turbulent radiative layer 2D,tcool_0.18,density,train,hann,6,0.2,10.0,15.970329999999999,0.04420885873572781,0.6164087468656827,0.05786513643789151
Turbulent radiative layer 2D,tcool_0.18,density,train,hann,7,0.23333333333333334,8.571428571428571,13.688854285714285,0.0391533872289008,0.6555621340945835,0.047616221401979124
Turbulent radiative layer 2D,tcool_0.18,density,train,hann,8,0.26666666666666666,7.5,11.9777475,0.031177121323825024,0.6867392554184085,0.03971295967425222
Turbulent radiative layer 2D,tcool_0.18,density,train,hann,9,0.3,6.666666666666667,10.646886666666667,0.03467133014297904,0.7214105855613876,0.033586211304834496
Turbulent radiative layer 2D,tcool_0.18,density,train,hann,10,0.3333333333333333,6.0,9.582198,0.04241181143119617,0.7638223969925838,0.028792555859315387
Turbulent radiative layer 2D,tcool_0.18,density,train,hann,11,0.36666666666666664,5.454545454545454,8.711089090909091,0.023231360850541043,0.7870537578431248,0.02500149118665743
Turbulent radiative layer 2D,tcool_0.18,density,train,hann,12,0.4,5.0,7.985164999999999,0.023955049977413732,0.8110088078205385,0.021970456480831815
Turbulent radiative layer 2D,tcool_0.18,density,train,hann,13,0.43333333333333335,4.615384615384615,7.3709215384615385,0.021839335746889094,0.8328481435674276,0.01952175474326493
Turbulent radiative layer 2D,tcool_0.18,density,train,hann,14,0.4666666666666667,4.285714285714286,6.844427142857143,0.01934168805439408,0.8521898316218217,0.0175245613772505
Turbulent radiative layer 2D,tcool_0.18,density,train,hann,15,0.5,4.0,6.388132,0.017626067847019106,0.8698158994688409,0.01588176235763268
Turbulent radiative layer 2D,tcool_0.18,density,train,hann,16,0.5333333333333333,3.75,5.98887375,0.012048069590361248,0.8818639690592021,0.014520565870964381
Turbulent radiative layer 2D,tcool_0.18,density,train,hann,17,0.5666666666666667,3.5294117647058822,5.63658705882353,0.011617450994905791,0.8934814200541078,0.013385858498114273
Turbulent radiative layer 2D,tcool_0.18,density,train,hann,18,0.6,3.3333333333333335,5.3234433333333335,0.010344417426512036,0.90382583748062,0.01243550004921228
Turbulent radiative layer 2D,tcool_0.18,density,train,hann,19,0.6333333333333333,3.1578947368421053,5.043262105263158,0.009851257907083343,0.9136770953877033,0.011636973749193261
Turbulent radiative layer 2D,tcool_0.18,density,train,hann,20,0.6666666666666666,3.0,4.791099,0.011051396254794623,0.9247284916424978,0.010964983312687268
Turbulent radiative layer 2D,tcool_0.18,density,train,hann,21,0.7,2.857142857142857,4.562951428571428,0.011368592652751393,0.9360970842952493,0.010399714564318567
Turbulent radiative layer 2D,tcool_0.18,density,train,hann,22,0.7333333333333333,2.727272727272727,4.355544545454546,0.00927281524362298,0.9453698995388723,0.009925567006189512
Turbulent radiative layer 2D,tcool_0.18,density,train,hann,23,0.7666666666666667,2.608695652173913,4.166173043478261,0.00838719440224238,0.9537570939411147,0.009530220893142618
Turbulent radiative layer 2D,tcool_0.18,density,train,hann,24,0.8,2.5,3.9925824999999997,0.007421363655805236,0.96117845759692,0.009203946467799633
Turbulent radiative layer 2D,tcool_0.18,density,train,hann,25,0.8333333333333334,2.4,3.8328792,0.007723902941808026,0.9689023605387281,0.008939090145578052
Turbulent radiative layer 2D,tcool_0.18,density,train,hann,26,0.8666666666666667,2.3076923076923075,3.6854607692307693,0.007392159852837941,0.9762945203915661,0.008729691835026494
Turbulent radiative layer 2D,tcool_0.18,density,train,hann,27,0.9,2.2222222222222223,3.548962222222222,0.006839098319852444,0.9831336187114186,0.008571201078958852
Turbulent radiative layer 2D,tcool_0.18,density,train,hann,28,0.9333333333333333,2.142857142857143,3.4222135714285713,0.006516400297374048,0.9896500190087927,0.00846026922370224
Turbulent radiative layer 2D,tcool_0.18,density,train,hann,29,0.9666666666666667,2.0689655172413794,3.3042062068965516,0.006780019381645897,0.9964300383904386,0.008394601661169496
Turbulent radiative layer 2D,tcool_0.18,density,train,hann,30,1.0,2.0,3.194066,0.0035699616095616338,1.0000000000000002,0.004186429611980414
Turbulent radiative layer 2D,tcool_0.18,pressure,full,boxcar,1,0.02,101.0,161.300333,0.23578199089752092,0.23578199089752092,0.09260099634377116
Turbulent radiative layer 2D,tcool_0.18,pressure,full,boxcar,2,0.04,50.5,80.6501665,0.02582551993546112,0.26160751083298206,0.08768642044341869
Turbulent radiative layer 2D,tcool_0.18,pressure,full,boxcar,3,0.06,33.666666666666664,53.76677766666666,0.17349732818705027,0.43510483902003233,0.08057738650018777
Turbulent radiative layer 2D,tcool_0.18,pressure,full,boxcar,4,0.08,25.25,40.32508325,0.09828167873221277,0.5333865177522451,0.07239245890572746
Turbulent radiative layer 2D,tcool_0.18,pressure,full,boxcar,5,0.1,20.2,32.2600666,0.04167713348528188,0.575063651237527,0.06406832495806757
Turbulent radiative layer 2D,tcool_0.18,pressure,full,boxcar,6,0.12,16.833333333333332,26.88338883333333,0.024355859946422226,0.5994195111839492,0.05621857093228688
Turbulent radiative layer 2D,tcool_0.18,pressure,full,boxcar,7,0.14,14.428571428571429,23.042904714285715,0.01654787148943851,0.6159673826733878,0.04915623171401975
Turbulent radiative layer 2D,tcool_0.18,pressure,full,boxcar,8,0.16,12.625,20.162541625,0.016821724371459786,0.6327891070448475,0.04298264787459096
Turbulent radiative layer 2D,tcool_0.18,pressure,full,boxcar,9,0.18,11.222222222222221,17.922259222222223,0.018573242980609434,0.651362350025457,0.03767596941593709
Turbulent radiative layer 2D,tcool_0.18,pressure,full,boxcar,10,0.2,10.1,16.1300333,0.0229567302155562,0.6743190802410132,0.033154995052773945
Turbulent radiative layer 2D,tcool_0.18,pressure,full,boxcar,11,0.22,9.181818181818182,14.663666636363637,0.018534149929971096,0.6928532301709842,0.029317816953176763
Turbulent radiative layer 2D,tcool_0.18,pressure,full,boxcar,12,0.24,8.416666666666666,13.441694416666666,0.009358912915902603,0.7022121430868868,0.026062301802026025
Turbulent radiative layer 2D,tcool_0.18,pressure,full,boxcar,13,0.26,7.769230769230769,12.407717923076923,0.009850402513298072,0.7120625456001849,0.02329546045835078
Turbulent radiative layer 2D,tcool_0.18,pressure,full,boxcar,14,0.28,7.214285714285714,11.521452357142858,0.01369549275966574,0.7257580383598506,0.020936714165169294
Turbulent radiative layer 2D,tcool_0.18,pressure,full,boxcar,15,0.3,6.733333333333333,10.753355533333332,0.015581690800851051,0.7413397291607017,0.018918114248793683
Turbulent radiative layer 2D,tcool_0.18,pressure,full,boxcar,16,0.32,6.3125,10.0812708125,0.008738210482869874,0.7500779396435716,0.01718321867399261
Turbulent radiative layer 2D,tcool_0.18,pressure,full,boxcar,17,0.34,5.9411764705882355,9.48825488235294,0.01523873857879324,0.7653166782223648,0.015685509377264376
Turbulent radiative layer 2D,tcool_0.18,pressure,full,boxcar,18,0.36,5.611111111111111,8.961129611111112,0.010342678952195207,0.77565935717456,0.01438677558839835
Turbulent radiative layer 2D,tcool_0.18,pressure,full,boxcar,19,0.38,5.315789473684211,8.489491210526316,0.017151034087497196,0.7928103912620573,0.013255645619529379
Turbulent radiative layer 2D,tcool_0.18,pressure,full,boxcar,20,0.4,5.05,8.06501665,0.011884099626763522,0.8046944908888208,0.012266327743079774
Turbulent radiative layer 2D,tcool_0.18,pressure,full,boxcar,21,0.42,4.809523809523809,7.680968238095238,0.011286909997189745,0.8159814008860105,0.011397563535680885
Turbulent radiative layer 2D,tcool_0.18,pressure,full,boxcar,22,0.44,4.590909090909091,7.331833318181818,0.006632323352912272,0.8226137242389228,0.010631773035335662
Turbulent radiative layer 2D,tcool_0.18,pressure,full,boxcar,23,0.46,4.391304347826087,7.013057956521739,0.006321098991548644,0.8289348232304714,0.009954363373412562
Turbulent radiative layer 2D,tcool_0.18,pressure,full,boxcar,24,0.48,4.208333333333333,6.720847208333333,0.009004791921338545,0.8379396151518099,0.009353172407319147
Turbulent radiative layer 2D,tcool_0.18,pressure,full,boxcar,25,0.5,4.04,6.45201332,0.006495286160712324,0.8444349013125222,0.008818021848369465
Turbulent radiative layer 2D,tcool_0.18,pressure,full,boxcar,26,0.52,3.8846153846153846,6.203858961538462,0.008076103853101318,0.8525110051656236,0.008340358293196314
Turbulent radiative layer 2D,tcool_0.18,pressure,full,boxcar,27,0.54,3.740740740740741,5.974086407407407,0.006067538784471829,0.8585785439500954,0.007912964442056657
Turbulent radiative layer 2D,tcool_0.18,pressure,full,boxcar,28,0.56,3.607142857142857,5.760726178571429,0.007183402214341464,0.8657619461644368,0.007529726227575772
Turbulent radiative layer 2D,tcool_0.18,pressure,full,boxcar,29,0.58,3.4827586206896552,5.562080448275862,0.008662563731704293,0.8744245098961412,0.007185444469850862
Turbulent radiative layer 2D,tcool_0.18,pressure,full,boxcar,30,0.6,3.3666666666666667,5.376677766666666,0.005609792743502894,0.8800343026396441,0.0068756820327177115
Turbulent radiative layer 2D,tcool_0.18,pressure,full,boxcar,31,0.62,3.2580645161290325,5.203236548387097,0.007810342191716835,0.887844644831361,0.006596639345726488
Turbulent radiative layer 2D,tcool_0.18,pressure,full,boxcar,32,0.64,3.15625,5.04063540625,0.008180289911988544,0.8960249347433495,0.006345052654432229
Turbulent radiative layer 2D,tcool_0.18,pressure,full,boxcar,33,0.66,3.0606060606060606,4.887888878787878,0.00735402135149416,0.9033789560948438,0.00611811054213666
Turbulent radiative layer 2D,tcool_0.18,pressure,full,boxcar,34,0.68,2.9705882352941178,4.74412744117647,0.00529614219497109,0.9086750982898147,0.0059133851938049375
Turbulent radiative layer 2D,tcool_0.18,pressure,full,boxcar,35,0.7,2.8857142857142857,4.6085809428571425,0.007049538365042714,0.9157246366548575,0.005728775601080268
Turbulent radiative layer 2D,tcool_0.18,pressure,full,boxcar,36,0.72,2.8055555555555554,4.480564805555556,0.008469301709252463,0.9241939383641099,0.005562460479306927
Turbulent radiative layer 2D,tcool_0.18,pressure,full,boxcar,37,0.74,2.72972972972973,4.3594684594594595,0.0074220648099825055,0.9316160031740924,0.005412859117470091
Turbulent radiative layer 2D,tcool_0.18,pressure,full,boxcar,38,0.76,2.6578947368421053,4.244745605263158,0.006945878436158776,0.9385618816102512,0.005278598736817656
Turbulent radiative layer 2D,tcool_0.18,pressure,full,boxcar,39,0.78,2.58974358974359,4.135905974358974,0.006833590270718983,0.9453954718809703,0.005158487214582325
Turbulent radiative layer 2D,tcool_0.18,pressure,full,boxcar,40,0.8,2.525,4.032508325,0.0054283315411880265,0.9508238034221583,0.00505149025194848
Turbulent radiative layer 2D,tcool_0.18,pressure,full,boxcar,41,0.82,2.4634146341463414,3.934154463414634,0.005343957125027973,0.9561677605471862,0.004956712242847318
Turbulent radiative layer 2D,tcool_0.18,pressure,full,boxcar,42,0.84,2.4047619047619047,3.840484119047619,0.004457862889426022,0.9606256234366122,0.00487338024213398
Turbulent radiative layer 2D,tcool_0.18,pressure,full,boxcar,43,0.86,2.3488372093023258,3.751170534883721,0.006138395193112142,0.9667640186297243,0.004800830545841172
Turbulent radiative layer 2D,tcool_0.18,pressure,full,boxcar,44,0.88,2.2954545454545454,3.665916659090909,0.00499467492365922,0.9717586935533835,0.0047384974884732076
Turbulent radiative layer 2D,tcool_0.18,pressure,full,boxcar,45,0.9,2.2444444444444445,3.584451844444444,0.004792286268569891,0.9765509798219535,0.004685904137366487
Turbulent radiative layer 2D,tcool_0.18,pressure,full,boxcar,46,0.92,2.1956521739130435,3.5065289782608695,0.005253957912214153,0.9818049377341677,0.004642654625664233
Turbulent radiative layer 2D,tcool_0.18,pressure,full,boxcar,47,0.94,2.148936170212766,3.431921978723404,0.0044594389988139955,0.9862643767329817,0.0046084279163353765
Turbulent radiative layer 2D,tcool_0.18,pressure,full,boxcar,48,0.96,2.1041666666666665,3.3604236041666664,0.005295640619276242,0.991560017352258,0.004582972832221499
Turbulent radiative layer 2D,tcool_0.18,pressure,full,boxcar,49,0.98,2.061224489795918,3.291843530612245,0.004678455816335869,0.9962384731685938,0.004566104223182619
Turbulent radiative layer 2D,tcool_0.18,pressure,full,boxcar,50,1.0,2.02,3.22600666,0.003761526831406404,1.0000000000000002,0.004557700172550784
Turbulent radiative layer 2D,tcool_0.18,pressure,full,hann,1,0.02,101.0,161.300333,0.23020659779434807,0.23020659779434807,0.07580533883245379
Turbulent radiative layer 2D,tcool_0.18,pressure,full,hann,2,0.04,50.5,80.6501665,0.14752059281809252,0.3777271906124406,0.07309938927049843
Turbulent radiative layer 2D,tcool_0.18,pressure,full,hann,3,0.06,33.666666666666664,53.76677766666666,0.08636677087413595,0.46409396148657656,0.0690046586211245
Turbulent radiative layer 2D,tcool_0.18,pressure,full,hann,4,0.08,25.25,40.32508325,0.038788111247141946,0.5028820727337185,0.06400469664513489
Turbulent radiative layer 2D,tcool_0.18,pressure,full,hann,5,0.1,20.2,32.2600666,0.030921744090186692,0.5338038168239052,0.05857592617857557
Turbulent radiative layer 2D,tcool_0.18,pressure,full,hann,6,0.12,16.833333333333332,26.88338883333333,0.01499719009772648,0.5488010069216317,0.053106202374826425
Turbulent radiative layer 2D,tcool_0.18,pressure,full,hann,7,0.14,14.428571428571429,23.042904714285715,0.011807448262908672,0.5606084551845404,0.04786510138210713
Turbulent radiative layer 2D,tcool_0.18,pressure,full,hann,8,0.16,12.625,20.162541625,0.00839119059168704,0.5689996457762274,0.043011769359709816
Turbulent radiative layer 2D,tcool_0.18,pressure,full,hann,9,0.18,11.222222222222221,17.922259222222223,0.008780620528848756,0.5777802663050762,0.03862006051471007
Turbulent radiative layer 2D,tcool_0.18,pressure,full,hann,10,0.2,10.1,16.1300333,0.02566478303501062,0.6034450493400868,0.034706188481743845
Turbulent radiative layer 2D,tcool_0.18,pressure,full,hann,11,0.22,9.181818181818182,14.663666636363637,0.04204325265471941,0.6454883019948061,0.03125172657860158
Turbulent radiative layer 2D,tcool_0.18,pressure,full,hann,12,0.24,8.416666666666666,13.441694416666666,0.012236831821867937,0.6577251338166741,0.0282200981683681
Turbulent radiative layer 2D,tcool_0.18,pressure,full,hann,13,0.26,7.769230769230769,12.407717923076923,0.006452617592372491,0.6641777514090466,0.02556725862614042
Turbulent radiative layer 2D,tcool_0.18,pressure,full,hann,14,0.28,7.214285714285714,11.521452357142858,0.013670547026999966,0.6778482984360465,0.0232480480805611
Turbulent radiative layer 2D,tcool_0.18,pressure,full,hann,15,0.3,6.733333333333333,10.753355533333332,0.019924812929825026,0.6977731113658716,0.02121963502202062
Turbulent radiative layer 2D,tcool_0.18,pressure,full,hann,16,0.32,6.3125,10.0812708125,0.009452561595129748,0.7072256729610014,0.019443142224794034
Turbulent radiative layer 2D,tcool_0.18,pressure,full,hann,17,0.34,5.9411764705882355,9.48825488235294,0.014200152243634712,0.7214258252046362,0.01788420514287596
Turbulent radiative layer 2D,tcool_0.18,pressure,full,hann,18,0.36,5.611111111111111,8.961129611111112,0.013120618839094213,0.7345464440437303,0.016512943607416092
Turbulent radiative layer 2D,tcool_0.18,pressure,full,hann,19,0.38,5.315789473684211,8.489491210526316,0.019095607465058506,0.7536420515087888,0.015303639600698424
Turbulent radiative layer 2D,tcool_0.18,pressure,full,hann,20,0.4,5.05,8.06501665,0.012252673536934027,0.7658947250457229,0.014234291501016936
Turbulent radiative layer 2D,tcool_0.18,pressure,full,hann,21,0.42,4.809523809523809,7.680968238095238,0.008831271119668808,0.7747259961653916,0.01328613921258758
Turbulent radiative layer 2D,tcool_0.18,pressure,full,hann,22,0.44,4.590909090909091,7.331833318181818,0.005643842737182791,0.7803698389025745,0.012443209109206183
Turbulent radiative layer 2D,tcool_0.18,pressure,full,hann,23,0.46,4.391304347826087,7.013057956521739,0.007673883011628852,0.7880437219142032,0.011691901386773191
Turbulent radiative layer 2D,tcool_0.18,pressure,full,hann,24,0.48,4.208333333333333,6.720847208333333,0.008021892065770362,0.7960656139799737,0.01102062773323639
Turbulent radiative layer 2D,tcool_0.18,pressure,full,hann,25,0.5,4.04,6.45201332,0.0060610128284924085,0.8021266268084661,0.010419499437713857
Turbulent radiative layer 2D,tcool_0.18,pressure,full,hann,26,0.52,3.8846153846153846,6.203858961538462,0.007255004619673054,0.8093816314281391,0.00988006225940564
Turbulent radiative layer 2D,tcool_0.18,pressure,full,hann,27,0.54,3.740740740740741,5.974086407407407,0.007208689736776969,0.8165903211649163,0.00939507281211108
Turbulent radiative layer 2D,tcool_0.18,pressure,full,hann,28,0.56,3.607142857142857,5.760726178571429,0.01274536970858449,0.8293356908735008,0.008958310861656103
Turbulent radiative layer 2D,tcool_0.18,pressure,full,hann,29,0.58,3.4827586206896552,5.562080448275862,0.011877222452855307,0.8412129133263561,0.008564422186360469
Turbulent radiative layer 2D,tcool_0.18,pressure,full,hann,30,0.6,3.3666666666666667,5.376677766666666,0.008640697872795224,0.8498536111991514,0.00820878717904891
Turbulent radiative layer 2D,tcool_0.18,pressure,full,hann,31,0.62,3.2580645161290325,5.203236548387097,0.011911594879887293,0.8617652060790386,0.00788741098939274
Turbulent radiative layer 2D,tcool_0.18,pressure,full,hann,32,0.64,3.15625,5.04063540625,0.010139365593657254,0.8719045716726959,0.007596831621911344
Turbulent radiative layer 2D,tcool_0.18,pressure,full,hann,33,0.66,3.0606060606060606,4.887888878787878,0.0056178676482381475,0.877522439320934,0.007334042972067943
Turbulent radiative layer 2D,tcool_0.18,pressure,full,hann,34,0.68,2.9705882352941178,4.74412744117647,0.006731463007995597,0.8842539023289296,0.007096430282499552
Turbulent radiative layer 2D,tcool_0.18,pressure,full,hann,35,0.7,2.8857142857142857,4.6085809428571425,0.007687442905754082,0.8919413452346837,0.006881715930171727
Turbulent radiative layer 2D,tcool_0.18,pressure,full,hann,36,0.72,2.8055555555555554,4.480564805555556,0.011621608212551258,0.9035629534472349,0.006687913817112306
Turbulent radiative layer 2D,tcool_0.18,pressure,full,hann,37,0.74,2.72972972972973,4.3594684594594595,0.013605774182517853,0.9171687276297528,0.0065132909395205696
Turbulent radiative layer 2D,tcool_0.18,pressure,full,hann,38,0.76,2.6578947368421053,4.244745605263158,0.010404841103784607,0.9275735687335374,0.006356334960599884
Turbulent radiative layer 2D,tcool_0.18,pressure,full,hann,39,0.78,2.58974358974359,4.135905974358974,0.008074526106631105,0.9356480948401684,0.006215726819372726
Turbulent radiative layer 2D,tcool_0.18,pressure,full,hann,40,0.8,2.525,4.032508325,0.005140647712903711,0.9407887425530722,0.0060903175782410736
Turbulent radiative layer 2D,tcool_0.18,pressure,full,hann,41,0.82,2.4634146341463414,3.934154463414634,0.007814131312412953,0.9486028738654853,0.005979108852473892
Turbulent radiative layer 2D,tcool_0.18,pressure,full,hann,42,0.84,2.4047619047619047,3.840484119047619,0.008186081149429099,0.9567889550149142,0.005881236280525234
Turbulent radiative layer 2D,tcool_0.18,pressure,full,hann,43,0.86,2.3488372093023258,3.751170534883721,0.007030780972552915,0.9638197359874673,0.005795955589631906
Turbulent radiative layer 2D,tcool_0.18,pressure,full,hann,44,0.88,2.2954545454545454,3.665916659090909,0.0050463278968930015,0.9688660638843603,0.005722630890264931
Turbulent radiative layer 2D,tcool_0.18,pressure,full,hann,45,0.9,2.2444444444444445,3.584451844444444,0.005207627218680856,0.974073691103041,0.005660724898816892
Turbulent radiative layer 2D,tcool_0.18,pressure,full,hann,46,0.92,2.1956521739130435,3.5065289782608695,0.004804526944633091,0.978878218047674,0.005609790842954622
Turbulent radiative layer 2D,tcool_0.18,pressure,full,hann,47,0.94,2.148936170212766,3.431921978723404,0.005357513755912102,0.9842357318035863,0.005569465850461371
Turbulent radiative layer 2D,tcool_0.18,pressure,full,hann,48,0.96,2.1041666666666665,3.3604236041666664,0.005323800557196546,0.9895595323607828,0.005539465661878395
Turbulent radiative layer 2D,tcool_0.18,pressure,full,hann,49,0.98,2.061224489795918,3.291843530612245,0.0056225453294346875,0.9951820776902174,0.005519580541284184
Turbulent radiative layer 2D,tcool_0.18,pressure,full,hann,50,1.0,2.02,3.22600666,0.004817922309782961,1.0000000000000002,0.0055096722893416385
Turbulent radiative layer 2D,tcool_0.18,pressure,train,boxcar,1,0.03333333333333333,60.0,95.82198,0.11137959741453322,0.11137959741453322,0.11535913307354026
Turbulent radiative layer 2D,tcool_0.18,pressure,train,boxcar,2,0.06666666666666667,30.0,47.91099,0.21182728430172995,0.3232068817162632,0.106628044143939
Turbulent radiative layer 2D,tcool_0.18,pressure,train,boxcar,3,0.1,20.0,31.940659999999998,0.10321398748406153,0.42642086920032474,0.09476179419026004
Turbulent radiative layer 2D,tcool_0.18,pressure,train,boxcar,4,0.13333333333333333,15.0,23.955495,0.03902029926917871,0.4654411684695035,0.08210952255941913
Turbulent radiative layer 2D,tcool_0.18,pressure,train,boxcar,5,0.16666666666666666,12.0,19.164396,0.04838170912420585,0.5138228775937094,0.0702305493981266
Turbulent radiative layer 2D,tcool_0.18,pressure,train,boxcar,6,0.2,10.0,15.970329999999999,0.0634163597536813,0.5772392373473907,0.05984406730488224
Turbulent radiative layer 2D,tcool_0.18,pressure,train,boxcar,7,0.23333333333333334,8.571428571428571,13.688854285714285,0.05503084580973464,0.6322700831571253,0.05111008936840333
Turbulent radiative layer 2D,tcool_0.18,pressure,train,boxcar,8,0.26666666666666666,7.5,11.9777475,0.028990042162697932,0.6612601253198231,0.0439095764479816
Turbulent radiative layer 2D,tcool_0.18,pressure,train,boxcar,9,0.3,6.666666666666667,10.646886666666667,0.029264293098357257,0.6905244184181805,0.03802231947703962
Turbulent radiative layer 2D,tcool_0.18,pressure,train,boxcar,10,0.3333333333333333,6.0,9.582198,0.022446950563728522,0.7129713689819089,0.03321621995013525
Turbulent radiative layer 2D,tcool_0.18,pressure,train,boxcar,11,0.36666666666666664,5.454545454545454,8.711089090909091,0.02775094806013016,0.7407223170420392,0.02928371077858949
Turbulent radiative layer 2D,tcool_0.18,pressure,train,boxcar,12,0.4,5.0,7.985164999999999,0.024927983444754404,0.7656503004867935,0.02605200679930184
Turbulent radiative layer 2D,tcool_0.18,pressure,train,boxcar,13,0.43333333333333335,4.615384615384615,7.3709215384615385,0.013446523476617546,0.7790968239634112,0.02338218322292425
Turbulent radiative layer 2D,tcool_0.18,pressure,train,boxcar,14,0.4666666666666667,4.285714285714286,6.844427142857143,0.017018173037895764,0.796114997001307,0.021164379675184496
Turbulent radiative layer 2D,tcool_0.18,pressure,train,boxcar,15,0.5,4.0,6.388132,0.012821342931263453,0.8089363399325703,0.019312312346654825
Turbulent radiative layer 2D,tcool_0.18,pressure,train,boxcar,16,0.5333333333333333,3.75,5.98887375,0.014282412637973448,0.8232187525705438,0.01775830608626947
Turbulent radiative layer 2D,tcool_0.18,pressure,train,boxcar,17,0.5666666666666667,3.5294117647058822,5.63658705882353,0.014217950649003207,0.837436703219547,0.01644918897930806
Turbulent radiative layer 2D,tcool_0.18,pressure,train,boxcar,18,0.6,3.3333333333333335,5.3234433333333335,0.021563897053938914,0.8590006002734859,0.015343043311465604
Turbulent radiative layer 2D,tcool_0.18,pressure,train,boxcar,19,0.6333333333333333,3.1578947368421053,5.043262105263158,0.015246111293380823,0.8742467115668667,0.014406689488297349
Turbulent radiative layer 2D,tcool_0.18,pressure,train,boxcar,20,0.6666666666666666,3.0,4.791099,0.011769151644294987,0.8860158632111617,0.013613758025639648
Turbulent radiative layer 2D,tcool_0.18,pressure,train,boxcar,21,0.7,2.857142857142857,4.562951428571428,0.011897952479405767,0.8979138156905675,0.012943218686694766
Turbulent radiative layer 2D,tcool_0.18,pressure,train,boxcar,22,0.7333333333333333,2.727272727272727,4.355544545454546,0.020183382114280266,0.9180971978048478,0.01237825958069672
Turbulent radiative layer 2D,tcool_0.18,pressure,train,boxcar,23,0.7666666666666667,2.608695652173913,4.166173043478261,0.01583984318773267,0.9339370409925805,0.011905432535232793
Turbulent radiative layer 2D,tcool_0.18,pressure,train,boxcar,24,0.8,2.5,3.9925824999999997,0.00931123976140279,0.9432482807539831,0.011514001019654661
Turbulent radiative layer 2D,tcool_0.18,pressure,train,boxcar,25,0.8333333333333334,2.4,3.8328792,0.015086126878791097,0.9583344076327743,0.011195442777448375
Turbulent radiative layer 2D,tcool_0.18,pressure,train,boxcar,26,0.8666666666666667,2.3076923076923075,3.6854607692307693,0.011528917968014958,0.9698633256007894,0.010943071560347824
Turbulent radiative layer 2D,tcool_0.18,pressure,train,boxcar,27,0.9,2.2222222222222223,3.548962222222222,0.008293852786422844,0.9781571783872122,0.010751751649917785
Turbulent radiative layer 2D,tcool_0.18,pressure,train,boxcar,28,0.9333333333333333,2.142857142857143,3.4222135714285713,0.009020491994941107,0.9871776703821532,0.010617685890805398
Turbulent radiative layer 2D,tcool_0.18,pressure,train,boxcar,29,0.9666666666666667,2.0689655172413794,3.3042062068965516,0.009262472578701893,0.996440142960855,0.010538263326579226
Turbulent radiative layer 2D,tcool_0.18,pressure,train,boxcar,30,1.0,2.0,3.194066,0.003559857039145007,1.0,0.005255978345260287
Turbulent radiative layer 2D,tcool_0.18,pressure,train,hann,1,0.03333333333333333,60.0,95.82198,0.03609348630631521,0.03609348630631521,0.0499528369776479
Turbulent radiative layer 2D,tcool_0.18,pressure,train,hann,2,0.06666666666666667,30.0,47.91099,0.059899649598922265,0.09599313590523748,0.04948803339245953
Turbulent radiative layer 2D,tcool_0.18,pressure,train,hann,3,0.1,20.0,31.940659999999998,0.03219147807964573,0.1281846139848832,0.04873772746847413
Turbulent radiative layer 2D,tcool_0.18,pressure,train,hann,4,0.13333333333333333,15.0,23.955495,0.03180707949294996,0.15999169347783315,0.04773562140174433
Turbulent radiative layer 2D,tcool_0.18,pressure,train,hann,5,0.16666666666666666,12.0,19.164396,0.020267787123977525,0.18025948060181068,0.046523792980700904
Turbulent radiative layer 2D,tcool_0.18,pressure,train,hann,6,0.2,10.0,15.970329999999999,0.06858840346598924,0.2488478840677999,0.04514878069304844
Turbulent radiative layer 2D,tcool_0.18,pressure,train,hann,7,0.23333333333333334,8.571428571428571,13.688854285714285,0.07446313160750027,0.32331101567530013,0.04365785201549133
Turbulent radiative layer 2D,tcool_0.18,pressure,train,hann,8,0.26666666666666666,7.5,11.9777475,0.045076276802598174,0.36838729247789836,0.042095913344910564
Turbulent radiative layer 2D,tcool_0.18,pressure,train,hann,9,0.3,6.666666666666667,10.646886666666667,0.06947788584486181,0.4378651783227602,0.0405033025987428
Turbulent radiative layer 2D,tcool_0.18,pressure,train,hann,10,0.3333333333333333,6.0,9.582198,0.032498040704862514,0.4703632190276226,0.038914499908359684
Turbulent radiative layer 2D,tcool_0.18,pressure,train,hann,11,0.36666666666666664,5.454545454545454,8.711089090909091,0.03512196032138271,0.5054851793490053,0.037357643753118494
Turbulent radiative layer 2D,tcool_0.18,pressure,train,hann,12,0.4,5.0,7.985164999999999,0.04982489188574524,0.5553100712347505,0.03585466262216839
Turbulent radiative layer 2D,tcool_0.18,pressure,train,hann,13,0.43333333333333335,4.615384615384615,7.3709215384615385,0.029289438246759857,0.5845995094815104,0.03442181547108839
Turbulent radiative layer 2D,tcool_0.18,pressure,train,hann,14,0.4666666666666667,4.285714285714286,6.844427142857143,0.020529051911012862,0.6051285613925232,0.033070456996314994
Turbulent radiative layer 2D,tcool_0.18,pressure,train,hann,15,0.5,4.0,6.388132,0.0250185400615613,0.6301471014540845,0.031807885232794736
Turbulent radiative layer 2D,tcool_0.18,pressure,train,hann,16,0.5333333333333333,3.75,5.98887375,0.03118659298664703,0.6613336944407315,0.030638173756619907
Turbulent radiative layer 2D,tcool_0.18,pressure,train,hann,17,0.5666666666666667,3.5294117647058822,5.63658705882353,0.027700645658221505,0.6890343400989531,0.029562929948821228
Turbulent radiative layer 2D,tcool_0.18,pressure,train,hann,18,0.6,3.3333333333333335,5.3234433333333335,0.03756478397270117,0.7265991240716543,0.028581950762093127
Turbulent radiative layer 2D,tcool_0.18,pressure,train,hann,19,0.6333333333333333,3.1578947368421053,5.043262105263158,0.03924079196314502,0.7658399160347993,0.027693768023852337
Turbulent radiative layer 2D,tcool_0.18,pressure,train,hann,20,0.6666666666666666,3.0,4.791099,0.02240976986117112,0.7882496858959704,0.02689608798412437
Turbulent radiative layer 2D,tcool_0.18,pressure,train,hann,21,0.7,2.857142857142857,4.562951428571428,0.02611795125062813,0.8143676371465987,0.026186136581085387
Turbulent radiative layer 2D,tcool_0.18,pressure,train,hann,22,0.7333333333333333,2.727272727272727,4.355544545454546,0.03381668111902773,0.8481843182656263,0.025560924649838203
Turbulent radiative layer 2D,tcool_0.18,pressure,train,hann,23,0.7666666666666667,2.608695652173913,4.166173043478261,0.026783785095929356,0.8749681033615557,0.02501744756838505
Turbulent radiative layer 2D,tcool_0.18,pressure,train,hann,24,0.8,2.5,3.9925824999999997,0.017603766029149707,0.8925718693907054,0.02455283272420763
Turbulent radiative layer 2D,tcool_0.18,pressure,train,hann,25,0.8333333333333334,2.4,3.8328792,0.022882137140420953,0.9154540065311263,0.024164446431286384
Turbulent radiative layer 2D,tcool_0.18,pressure,train,hann,26,0.8666666666666667,2.3076923076923075,3.6854607692307693,0.0234433184057563,0.9388973249368826,0.023849969982760892
Turbulent radiative layer 2D,tcool_0.18,pressure,train,hann,27,0.9,2.2222222222222223,3.548962222222222,0.016007156422225575,0.9549044813591081,0.023607452640757594
Turbulent radiative layer 2D,tcool_0.18,pressure,train,hann,28,0.9333333333333333,2.142857142857143,3.4222135714285713,0.01618800321923283,0.971092484578341,0.023435347662680347
Turbulent radiative layer 2D,tcool_0.18,pressure,train,hann,29,0.9666666666666667,2.0689655172413794,3.3042062068965516,0.018991710732586632,0.9900841953109275,0.02333253598163493
Turbulent radiative layer 2D,tcool_0.18,pressure,train,hann,30,1.0,2.0,3.194066,0.009915804689072038,0.9999999999999996,0.011649170444788158
Turbulent radiative layer 2D,tcool_0.32,density,full,boxcar,1,0.02,101.0,161.300333,0.17461704784094442,0.17461704784094442,0.09819533319658294
Turbulent radiative layer 2D,tcool_0.32,density,full,boxcar,2,0.04,50.5,80.6501665,0.031231923386575215,0.20584897122751966,0.09236087709389991
Turbulent radiative layer 2D,tcool_0.32,density,full,boxcar,3,0.06,33.666666666666664,53.76677766666666,0.03428490997002431,0.24013388119754395,0.0840582262678813
Turbulent radiative layer 2D,tcool_0.32,density,full,boxcar,4,0.08,25.25,40.32508325,0.03819099969108944,0.2783248808886334,0.07469427185777043
Turbulent radiative layer 2D,tcool_0.32,density,full,boxcar,5,0.1,20.2,32.2600666,0.15562274524178638,0.43394762613041976,0.06537870272117675
Turbulent radiative layer 2D,tcool_0.32,density,full,boxcar,6,0.12,16.833333333333332,26.88338883333333,0.09935469098542493,0.5333023171158446,0.05677974097239501
Turbulent radiative layer 2D,tcool_0.32,density,full,boxcar,7,0.14,14.428571428571429,23.042904714285715,0.03564419720292326,0.568946514318768,0.04919277172229007
Turbulent radiative layer 2D,tcool_0.32,density,full,boxcar,8,0.16,12.625,20.162541625,0.03298650409573363,0.6019330184145016,0.04267337614998818
Turbulent radiative layer 2D,tcool_0.32,density,full,boxcar,9,0.18,11.222222222222221,17.922259222222223,0.029896279139724848,0.6318292975542265,0.03715155200390703
Turbulent radiative layer 2D,tcool_0.32,density,full,boxcar,10,0.2,10.1,16.1300333,0.015208388266513745,0.6470376858207402,0.03250595094184204
Turbulent radiative layer 2D,tcool_0.32,density,full,boxcar,11,0.22,9.181818181818182,14.663666636363637,0.02203674805717995,0.6690744338779201,0.02860461161083126
Turbulent radiative layer 2D,tcool_0.32,density,full,boxcar,12,0.24,8.416666666666666,13.441694416666666,0.028590671938831202,0.6976651058167513,0.02532418524507295
Turbulent radiative layer 2D,tcool_0.32,density,full,boxcar,13,0.26,7.769230769230769,12.407717923076923,0.021660842669447657,0.719325948486199,0.0225572144668705
Turbulent radiative layer 2D,tcool_0.32,density,full,boxcar,14,0.28,7.214285714285714,11.521452357142858,0.0128428223822649,0.7321687708684639,0.020213465525872887
Turbulent radiative layer 2D,tcool_0.32,density,full,boxcar,15,0.3,6.733333333333333,10.753355533333332,0.018232447125454066,0.750401217993918,0.018218643589006364
Turbulent radiative layer 2D,tcool_0.32,density,full,boxcar,16,0.32,6.3125,10.0812708125,0.018579889502898406,0.7689811074968163,0.016512187689470412
Turbulent radiative layer 2D,tcool_0.32,density,full,boxcar,17,0.34,5.9411764705882355,9.48825488235294,0.016162637099473375,0.7851437445962898,0.015044941666443793
Turbulent radiative layer 2D,tcool_0.32,density,full,boxcar,18,0.36,5.611111111111111,8.961129611111112,0.014476092771305642,0.7996198373675953,0.013777033763170365
Turbulent radiative layer 2D,tcool_0.32,density,full,boxcar,19,0.38,5.315789473684211,8.489491210526316,0.00924956533984528,0.8088694027074406,0.01267607252914649
Turbulent radiative layer 2D,tcool_0.32,density,full,boxcar,20,0.4,5.05,8.06501665,0.012976145676044923,0.8218455483834854,0.011715665110505499
Turbulent radiative layer 2D,tcool_0.32,density,full,boxcar,21,0.42,4.809523809523809,7.680968238095238,0.013683902937398304,0.8355294513208837,0.010874223522843887
Turbulent radiative layer 2D,tcool_0.32,density,full,boxcar,22,0.44,4.590909090909091,7.331833318181818,0.011977235539257556,0.8475066868601413,0.010134012764092393
Turbulent radiative layer 2D,tcool_0.32,density,full,boxcar,23,0.46,4.391304347826087,7.013057956521739,0.010901454433102394,0.8584081412932436,0.009480395469228669
Turbulent radiative layer 2D,tcool_0.32,density,full,boxcar,24,0.48,4.208333333333333,6.720847208333333,0.008519696068464717,0.8669278373617083,0.008901233422173723
Turbulent radiative layer 2D,tcool_0.32,density,full,boxcar,25,0.5,4.04,6.45201332,0.008828325942071507,0.8757561633037798,0.008386413025656979
Turbulent radiative layer 2D,tcool_0.32,density,full,boxcar,26,0.52,3.8846153846153846,6.203858961538462,0.0065746045387896634,0.8823307678425695,0.007927468259099771
Turbulent radiative layer 2D,tcool_0.32,density,full,boxcar,27,0.54,3.740740740740741,5.974086407407407,0.006897461328047979,0.8892282291706174,0.007517280183091807
Turbulent radiative layer 2D,tcool_0.32,density,full,boxcar,28,0.56,3.607142857142857,5.760726178571429,0.0074220467447603964,0.8966502759153778,0.007149836576547669
Turbulent radiative layer 2D,tcool_0.32,density,full,boxcar,29,0.58,3.4827586206896552,5.562080448275862,0.0064122319216108415,0.9030625078369886,0.006820038901501587
Turbulent radiative layer 2D,tcool_0.32,density,full,boxcar,30,0.6,3.3666666666666667,5.376677766666666,0.006664741239183649,0.9097272490761723,0.0065235466230088605
Turbulent radiative layer 2D,tcool_0.32,density,full,boxcar,31,0.62,3.2580645161290325,5.203236548387097,0.006020417684316811,0.9157476667604891,0.006256651115600494
Turbulent radiative layer 2D,tcool_0.32,density,full,boxcar,32,0.64,3.15625,5.04063540625,0.005503641456570038,0.9212513082170591,0.00601617309508559
Turbulent radiative layer 2D,tcool_0.32,density,full,boxcar,33,0.66,3.0606060606060606,4.887888878787878,0.005380727100369038,0.9266320353174281,0.005799378834940591
Turbulent radiative layer 2D,tcool_0.32,density,full,boxcar,34,0.68,2.9705882352941178,4.74412744117647,0.005859742501194595,0.9324917778186228,0.005603911447966761
Turbulent radiative layer 2D,tcool_0.32,density,full,boxcar,35,0.7,2.8857142857142857,4.6085809428571425,0.004682456755522751,0.9371742345741455,0.0054277343052372105
Turbulent radiative layer 2D,tcool_0.32,density,full,boxcar,36,0.72,2.8055555555555554,4.480564805555556,0.004923122719005553,0.942097357293151,0.005269084278911733
Turbulent radiative layer 2D,tcool_0.32,density,full,boxcar,37,0.74,2.72972972972973,4.3594684594594595,0.0049588393268198,0.9470561966199709,0.005126432974230174
Turbulent radiative layer 2D,tcool_0.32,density,full,boxcar,38,0.76,2.6578947368421053,4.244745605263158,0.0046936551009550765,0.951749851720926,0.00499845449024747
Turbulent radiative layer 2D,tcool_0.32,density,full,boxcar,39,0.78,2.58974358974359,4.135905974358974,0.004848772141547471,0.9565986238624733,0.004883998542597505
Turbulent radiative layer 2D,tcool_0.32,density,full,boxcar,40,0.8,2.525,4.032508325,0.00445044756954478,0.9610490714320181,0.004782068013074915
Turbulent radiative layer 2D,tcool_0.32,density,full,boxcar,41,0.82,2.4634146341463414,3.934154463414634,0.004212794772037087,0.9652618662040552,0.00469180017411635
Turbulent radiative layer 2D,tcool_0.32,density,full,boxcar,42,0.84,2.4047619047619047,3.840484119047619,0.004408125248776572,0.9696699914528316,0.00461245098209555
Turbulent radiative layer 2D,tcool_0.32,density,full,boxcar,43,0.86,2.3488372093023258,3.751170534883721,0.004197501055423468,0.9738674925082551,0.0045433819499931605
Turbulent radiative layer 2D,tcool_0.32,density,full,boxcar,44,0.88,2.2954545454545454,3.665916659090909,0.004267651178765064,0.9781351436870201,0.004484049203853918
Turbulent radiative layer 2D,tcool_0.32,density,full,boxcar,45,0.9,2.2444444444444445,3.584451844444444,0.0038670896144746424,0.9820022333014947,0.00443399440346053
Turbulent radiative layer 2D,tcool_0.32,density,full,boxcar,46,0.92,2.1956521739130435,3.5065289782608695,0.003630902322756024,0.9856331356242508,0.004392837269704886
Turbulent radiative layer 2D,tcool_0.32,density,full,boxcar,47,0.94,2.148936170212766,3.431921978723404,0.0033919646207440438,0.9890251002449949,0.004360269512262482
Turbulent radiative layer 2D,tcool_0.32,density,full,boxcar,48,0.96,2.1041666666666665,3.3604236041666664,0.003640971616511464,0.9926660718615063,0.0043360499937815135
Turbulent radiative layer 2D,tcool_0.32,density,full,boxcar,49,0.98,2.061224489795918,3.291843530612245,0.0035458068991042475,0.9962118787606107,0.004320001002809529
Turbulent radiative layer 2D,tcool_0.32,density,full,boxcar,50,1.0,2.02,3.22600666,0.003788121239388839,0.9999999999999994,0.004312005538660046
Turbulent radiative layer 2D,tcool_0.32,density,full,hann,1,0.02,101.0,161.300333,0.10538881167643054,0.10538881167643054,0.10401410098239242
Turbulent radiative layer 2D,tcool_0.32,density,full,hann,2,0.04,50.5,80.6501665,0.055831596862981066,0.1612204085394116,0.09711941083532483
Turbulent radiative layer 2D,tcool_0.32,density,full,hann,3,0.06,33.666666666666664,53.76677766666666,0.025405891324225174,0.18662629986363677,0.0874798432331697
Turbulent radiative layer 2D,tcool_0.32,density,full,hann,4,0.08,25.25,40.32508325,0.056022804324055174,0.24264910418769195,0.07684329399529218
Turbulent radiative layer 2D,tcool_0.32,density,full,hann,5,0.1,20.2,32.2600666,0.18199014501137523,0.4246392491990672,0.06650103954439143
Turbulent radiative layer 2D,tcool_0.32,density,full,hann,6,0.12,16.833333333333332,26.88338883333333,0.13567130979005956,0.5603105589891267,0.057159320208059784
Turbulent radiative layer 2D,tcool_0.32,density,full,hann,7,0.14,14.428571428571429,23.042904714285715,0.03907540706639512,0.5993859660555219,0.049075439581107126
Turbulent radiative layer 2D,tcool_0.32,density,full,hann,8,0.16,12.625,20.162541625,0.02635407916400418,0.625740045219526,0.04224452736091006
Turbulent radiative layer 2D,tcool_0.32,density,full,hann,9,0.18,11.222222222222221,17.922259222222223,0.023687291701033605,0.6494273369205597,0.03654042090480683
Turbulent radiative layer 2D,tcool_0.32,density,full,hann,10,0.2,10.1,16.1300333,0.016365944915328095,0.6657932818358877,0.031798281797649895
Turbulent radiative layer 2D,tcool_0.32,density,full,hann,11,0.22,9.181818181818182,14.663666636363637,0.017275488685670293,0.683068770521558,0.027855327587053686
Turbulent radiative layer 2D,tcool_0.32,density,full,hann,12,0.24,8.416666666666666,13.441694416666666,0.02335780367535205,0.7064265741969101,0.02456740671482796
Turbulent radiative layer 2D,tcool_0.32,density,full,hann,13,0.26,7.769230769230769,12.407717923076923,0.020791519002815756,0.7272180931997259,0.021813420715472938
Turbulent radiative layer 2D,tcool_0.32,density,full,hann,14,0.28,7.214285714285714,11.521452357142858,0.014569189179690762,0.7417872823794166,0.019494357637763055
Turbulent radiative layer 2D,tcool_0.32,density,full,hann,15,0.3,6.733333333333333,10.753355533333332,0.018147320156095763,0.7599346025355125,0.017530355384539228
Turbulent radiative layer 2D,tcool_0.32,density,full,hann,16,0.32,6.3125,10.0812708125,0.01788913441049288,0.7778237369460053,0.01585737292501783
Turbulent radiative layer 2D,tcool_0.32,density,full,hann,17,0.34,5.9411764705882355,9.48825488235294,0.016852417820521805,0.7946761547665271,0.014424118316780142
Turbulent radiative layer 2D,tcool_0.32,density,full,hann,18,0.36,5.611111111111111,8.961129611111112,0.013753607674637172,0.8084297624411644,0.013189444408839807
Turbulent radiative layer 2D,tcool_0.32,density,full,hann,19,0.38,5.315789473684211,8.489491210526316,0.010037892001511053,0.8184676544426753,0.012120231891410309
Turbulent radiative layer 2D,tcool_0.32,density,full,hann,20,0.4,5.05,8.06501665,0.011565311782085586,0.8300329662247609,0.011189706000841047
Turbulent radiative layer 2D,tcool_0.32,density,full,hann,21,0.42,4.809523809523809,7.680968238095238,0.010987764930018086,0.841020731154779,0.010376113091057479
Turbulent radiative layer 2D,tcool_0.32,density,full,hann,22,0.44,4.590909090909091,7.331833318181818,0.010593221342296927,0.851613952497076,0.009661685378335708
Turbulent radiative layer 2D,tcool_0.32,density,full,hann,23,0.46,4.391304347826087,7.013057956521739,0.012618996974851597,0.8642329494719276,0.009031832098427192
Turbulent radiative layer 2D,tcool_0.32,density,full,hann,24,0.48,4.208333333333333,6.720847208333333,0.01013622410814406,0.8743691735800717,0.008474506805168598
Turbulent radiative layer 2D,tcool_0.32,density,full,hann,25,0.5,4.04,6.45201332,0.007898155592342068,0.8822673291724138,0.007979711098085518
Turbulent radiative layer 2D,tcool_0.32,density,full,hann,26,0.52,3.8846153846153846,6.203858961538462,0.006803959806324493,0.8890712889787383,0.007539103913251132
Turbulent radiative layer 2D,tcool_0.32,density,full,hann,27,0.54,3.740740740740741,5.974086407407407,0.006773537539259151,0.8958448265179976,0.007145692590830313
Turbulent radiative layer 2D,tcool_0.32,density,full,hann,28,0.56,3.607142857142857,5.760726178571429,0.006246472914279926,0.9020912994322775,0.006793587457735071
Turbulent radiative layer 2D,tcool_0.32,density,full,hann,29,0.58,3.4827586206896552,5.562080448275862,0.006651476445576968,0.9087427758778545,0.006477805916817906
Turbulent radiative layer 2D,tcool_0.32,density,full,hann,30,0.6,3.3666666666666667,5.376677766666666,0.0071166010650493975,0.9158593769429039,0.006194115284276717
Turbulent radiative layer 2D,tcool_0.32,density,full,hann,31,0.62,3.2580645161290325,5.203236548387097,0.005774729510554885,0.9216341064534587,0.00593890609301143
Turbulent radiative layer 2D,tcool_0.32,density,full,hann,32,0.64,3.15625,5.04063540625,0.005040211104596828,0.9266743175580555,0.005709089464960934
Turbulent radiative layer 2D,tcool_0.32,density,full,hann,33,0.66,3.0606060606060606,4.887888878787878,0.004912907987191744,0.9315872255452472,0.005502013592672953
Turbulent radiative layer 2D,tcool_0.32,density,full,hann,34,0.68,2.9705882352941178,4.74412744117647,0.005057715978347327,0.9366449415235947,0.005315395468652129
Turbulent radiative layer 2D,tcool_0.32,density,full,hann,35,0.7,2.8857142857142857,4.6085809428571425,0.005005311232422527,0.9416502527560172,0.005147264843031444
Turbulent radiative layer 2D,tcool_0.32,density,full,hann,36,0.72,2.8055555555555554,4.480564805555556,0.004609408627291191,0.9462596613833084,0.004995918038075882
Turbulent radiative layer 2D,tcool_0.32,density,full,hann,37,0.74,2.72972972972973,4.3594684594594595,0.004430971397972443,0.9506906327812809,0.004859879748758722
Turbulent radiative layer 2D,tcool_0.32,density,full,hann,38,0.76,2.6578947368421053,4.244745605263158,0.0043935579649922955,0.955084190746273,0.004737871347336587
Turbulent radiative layer 2D,tcool_0.32,density,full,hann,39,0.78,2.58974358974359,4.135905974358974,0.004376795715267657,0.9594609864615407,0.004628784512978115
Turbulent radiative layer 2D,tcool_0.32,density,full,hann,40,0.8,2.525,4.032508325,0.004436499262361287,0.963897485723902,0.004531659245062115
Turbulent radiative layer 2D,tcool_0.32,density,full,hann,41,0.82,2.4634146341463414,3.934154463414634,0.004292013291598263,0.9681894990155002,0.004445665505886562
Turbulent radiative layer 2D,tcool_0.32,density,full,hann,42,0.84,2.4047619047619047,3.840484119047619,0.004064368368100403,0.9722538673836006,0.0043700878867172326
Turbulent radiative layer 2D,tcool_0.32,density,full,hann,43,0.86,2.3488372093023258,3.751170534883721,0.003726135513139256,0.9759800028967399,0.0043043128091275465
Turbulent radiative layer 2D,tcool_0.32,density,full,hann,44,0.88,2.2954545454545454,3.665916659090909,0.003644156687738548,0.9796241595844783,0.004247817868165098
Turbulent radiative layer 2D,tcool_0.32,density,full,hann,45,0.9,2.2444444444444445,3.584451844444444,0.0033569708255867573,0.9829811304100651,0.004200163000209042
Turbulent radiative layer 2D,tcool_0.32,density,full,hann,46,0.92,2.1956521739130435,3.5065289782608695,0.0033018084351033074,0.9862829388451684,0.004160983220475198
Turbulent radiative layer 2D,tcool_0.32,density,full,hann,47,0.94,2.148936170212766,3.431921978723404,0.0032129270500876506,0.989495865895256,0.004129982726120579
Turbulent radiative layer 2D,tcool_0.32,density,full,hann,48,0.96,2.1041666666666665,3.3604236041666664,0.0033491476278261086,0.9928450135230822,0.004106930203268004
Turbulent radiative layer 2D,tcool_0.32,density,full,hann,49,0.98,2.061224489795918,3.291843530612245,0.0035008028218714796,0.9963458163449537,0.00409165521198236
Turbulent radiative layer 2D,tcool_0.32,density,full,hann,50,1.0,2.02,3.22600666,0.003654183655046663,1.0000000000000002,0.00408404555387232
Turbulent radiative layer 2D,tcool_0.32,density,train,boxcar,1,0.03333333333333333,60.0,95.82198,0.11292793483794823,0.11292793483794823,0.13005024793606804
Turbulent radiative layer 2D,tcool_0.32,density,train,boxcar,2,0.06666666666666667,30.0,47.91099,0.08354653115650933,0.19647446599445756,0.11764105228600438
Turbulent radiative layer 2D,tcool_0.32,density,train,boxcar,3,0.1,20.0,31.940659999999998,0.2541075210307519,0.45058198702520946,0.10160136875072583
Turbulent radiative layer 2D,tcool_0.32,density,train,boxcar,4,0.13333333333333333,15.0,23.955495,0.06461640876893389,0.5151983957941434,0.08546649036575116
Turbulent radiative layer 2D,tcool_0.32,density,train,boxcar,5,0.16666666666666666,12.0,19.164396,0.0475985420758589,0.5627969378700023,0.07115213823770311
Turbulent radiative layer 2D,tcool_0.32,density,train,boxcar,6,0.2,10.0,15.970329999999999,0.030689410460168855,0.5934863483301711,0.05924769051674874
Turbulent radiative layer 2D,tcool_0.32,density,train,boxcar,7,0.23333333333333334,8.571428571428571,13.688854285714285,0.0385693704192437,0.6320557187494148,0.04964931759799798
Turbulent radiative layer 2D,tcool_0.32,density,train,boxcar,8,0.26666666666666666,7.5,11.9777475,0.029297828204816932,0.6613535469542318,0.04200348602298622
Turbulent radiative layer 2D,tcool_0.32,density,train,boxcar,9,0.3,6.666666666666667,10.646886666666667,0.026345252981759694,0.6876987999359915,0.03592343896345157
Turbulent radiative layer 2D,tcool_0.32,density,train,boxcar,10,0.3333333333333333,6.0,9.582198,0.04150498793167775,0.7292037878676693,0.031069979761493546
Turbulent radiative layer 2D,tcool_0.32,density,train,boxcar,11,0.36666666666666664,5.454545454545454,8.711089090909091,0.024672811258494333,0.7538765991261636,0.02717007660339263
Turbulent radiative layer 2D,tcool_0.32,density,train,boxcar,12,0.4,5.0,7.985164999999999,0.029975482766146318,0.7838520818923099,0.02401206824539668
Turbulent radiative layer 2D,tcool_0.32,density,train,boxcar,13,0.43333333333333335,4.615384615384615,7.3709215384615385,0.025350658686128,0.8092027405784379,0.02143440655777129
Turbulent radiative layer 2D,tcool_0.32,density,train,boxcar,14,0.4666666666666667,4.285714285714286,6.844427142857143,0.022625423162274408,0.8318281637407122,0.019314327360910308
Turbulent radiative layer 2D,tcool_0.32,density,train,boxcar,15,0.5,4.0,6.388132,0.017826445294839552,0.8496546090355518,0.017558387163722065
Turbulent radiative layer 2D,tcool_0.32,density,train,boxcar,16,0.5333333333333333,3.75,5.98887375,0.013230399749397955,0.8628850087849498,0.016095117761301816
Turbulent radiative layer 2D,tcool_0.32,density,train,boxcar,17,0.5666666666666667,3.5294117647058822,5.63658705882353,0.01495875498341117,0.8778437637683609,0.014869509098044293
Turbulent radiative layer 2D,tcool_0.32,density,train,boxcar,18,0.6,3.3333333333333335,5.3234433333333335,0.013373127866570262,0.8912168916349312,0.013838924043130418
Turbulent radiative layer 2D,tcool_0.32,density,train,boxcar,19,0.6333333333333333,3.1578947368421053,5.043262105263158,0.01152478361075031,0.9027416752456815,0.01297008750781083
Turbulent radiative layer 2D,tcool_0.32,density,train,boxcar,20,0.6666666666666666,3.0,4.791099,0.012201058111161952,0.9149427333568435,0.012236866152342827
Turbulent radiative layer 2D,tcool_0.32,density,train,boxcar,21,0.7,2.857142857142857,4.562951428571428,0.009673491928019527,0.9246162252848631,0.011618625618533615
Turbulent radiative layer 2D,tcool_0.32,density,train,boxcar,22,0.7333333333333333,2.727272727272727,4.355544545454546,0.010872099021637181,0.9354883243065003,0.0110990094239702
Turbulent radiative layer 2D,tcool_0.32,density,train,boxcar,23,0.7666666666666667,2.608695652173913,4.166173043478261,0.010138518975757781,0.945626843282258,0.010665026859914174
Turbulent radiative layer 2D,tcool_0.32,density,train,boxcar,24,0.8,2.5,3.9925824999999997,0.009020266068723103,0.9546471093509812,0.010306368842246297
Turbulent radiative layer 2D,tcool_0.32,density,train,boxcar,25,0.8333333333333334,2.4,3.8328792,0.010175715098450097,0.9648228244494312,0.01001489345739306
Turbulent radiative layer 2D,tcool_0.32,density,train,boxcar,26,0.8666666666666667,2.3076923076923075,3.6854607692307693,0.008764939637180006,0.9735877640866113,0.009784239308860515
Turbulent radiative layer 2D,tcool_0.32,density,train,boxcar,27,0.9,2.2222222222222223,3.548962222222222,0.007815942290592197,0.9814037063772035,0.00960953654470988
Turbulent radiative layer 2D,tcool_0.32,density,train,boxcar,28,0.9333333333333333,2.142857142857143,3.4222135714285713,0.007332019528719939,0.9887357259059234,0.009487193985907565
Turbulent radiative layer 2D,tcool_0.32,density,train,boxcar,29,0.9666666666666667,2.0689655172413794,3.3042062068965516,0.007154991921701871,0.9958907178276253,0.009414747056333782
Turbulent radiative layer 2D,tcool_0.32,density,train,boxcar,30,1.0,2.0,3.194066,0.004109282172374994,1.0000000000000002,0.004695377969377056
Turbulent radiative layer 2D,tcool_0.32,density,train,hann,1,0.03333333333333333,60.0,95.82198,0.050441308871250014,0.050441308871250014,0.10453040810867475
Turbulent radiative layer 2D,tcool_0.32,density,train,hann,2,0.06666666666666667,30.0,47.91099,0.06680873200708666,0.11725004087833668,0.09804140618076178
Turbulent radiative layer 2D,tcool_0.32,density,train,hann,3,0.1,20.0,31.940659999999998,0.20728130135682726,0.32453134223516394,0.08890977127687424
Turbulent radiative layer 2D,tcool_0.32,density,train,hann,4,0.13333333333333333,15.0,23.955495,0.09857770339266594,0.42310904562782986,0.0787533444216175
Turbulent radiative layer 2D,tcool_0.32,density,train,hann,5,0.16666666666666666,12.0,19.164396,0.030515480187890614,0.45362452581572044,0.06879742769066532
Turbulent radiative layer 2D,tcool_0.32,density,train,hann,6,0.2,10.0,15.970329999999999,0.04141391401520101,0.4950384398309215,0.059737562287941165
Turbulent radiative layer 2D,tcool_0.32,density,train,hann,7,0.23333333333333334,8.571428571428571,13.688854285714285,0.046930149455419255,0.5419685892863407,0.05184813112396958
Turbulent radiative layer 2D,tcool_0.32,density,train,hann,8,0.26666666666666666,7.5,11.9777475,0.042193895198718565,0.5841624844850593,0.04514844858105758
Turbulent radiative layer 2D,tcool_0.32,density,train,hann,9,0.3,6.666666666666667,10.646886666666667,0.03263872907286123,0.6168012135579205,0.03953397329231069
Turbulent radiative layer 2D,tcool_0.32,density,train,hann,10,0.3333333333333333,6.0,9.582198,0.04838458652971976,0.6651858000876402,0.03485623779612684
Turbulent radiative layer 2D,tcool_0.32,density,train,hann,11,0.36666666666666664,5.454545454545454,8.711089090909091,0.03896062264869111,0.7041464227363313,0.030963901505649174
Turbulent radiative layer 2D,tcool_0.32,density,train,hann,12,0.4,5.0,7.985164999999999,0.03337215115681059,0.7375185738931419,0.02772049301480679
Turbulent radiative layer 2D,tcool_0.32,density,train,hann,13,0.43333333333333335,4.615384615384615,7.3709215384615385,0.03377304798218112,0.771291621875323,0.025009980788898756
Turbulent radiative layer 2D,tcool_0.32,density,train,hann,14,0.4666666666666667,4.285714285714286,6.844427142857143,0.029790975167392382,0.8010825970427153,0.022736695625981837
Turbulent radiative layer 2D,tcool_0.32,density,train,hann,15,0.5,4.0,6.388132,0.022160015513800542,0.823242612556516,0.020823018267254353
Turbulent radiative layer 2D,tcool_0.32,density,train,hann,16,0.5333333333333333,3.75,5.98887375,0.017197961871325607,0.8404405744278416,0.01920646915365143
Turbulent radiative layer 2D,tcool_0.32,density,train,hann,17,0.5666666666666667,3.5294117647058822,5.63658705882353,0.01600993204172664,0.8564505064695682,0.01783691125785972
Turbulent radiative layer 2D,tcool_0.32,density,train,hann,18,0.6,3.3333333333333335,5.3234433333333335,0.014896476577686838,0.8713469830472551,0.016674125309350064
Turbulent radiative layer 2D,tcool_0.32,density,train,hann,19,0.6333333333333333,3.1578947368421053,5.043262105263158,0.013282009815559229,0.8846289928628143,0.015685811048335975
Turbulent radiative layer 2D,tcool_0.32,density,train,hann,20,0.6666666666666666,3.0,4.791099,0.013622388116352108,0.8982513809791663,0.01484598349152408
Turbulent radiative layer 2D,tcool_0.32,density,train,hann,21,0.7,2.857142857142857,4.562951428571428,0.011332931185633124,0.9095843121647994,0.014133705231077962
Turbulent radiative layer 2D,tcool_0.32,density,train,hann,22,0.7333333333333333,2.727272727272727,4.355544545454546,0.013555804352518342,0.9231401165173178,0.0135320927015506
Turbulent radiative layer 2D,tcool_0.32,density,train,hann,23,0.7666666666666667,2.608695652173913,4.166173043478261,0.015175356955136795,0.9383154734724546,0.013027540972923022
Turbulent radiative layer 2D,tcool_0.32,density,train,hann,24,0.8,2.5,3.9925824999999997,0.011297186059803363,0.9496126595322579,0.012609121054866446
Turbulent radiative layer 2D,tcool_0.32,density,train,hann,25,0.8333333333333334,2.4,3.8328792,0.010714351430333661,0.9603270109625917,0.012268113005221744
Turbulent radiative layer 2D,tcool_0.32,density,train,hann,26,0.8666666666666667,2.3076923076923075,3.6854607692307693,0.010069677819691888,0.9703966887822835,0.011997646262997643
Turbulent radiative layer 2D,tcool_0.32,density,train,hann,27,0.9,2.2222222222222223,3.548962222222222,0.00907976577770248,0.9794764545599859,0.011792425340941293
Turbulent radiative layer 2D,tcool_0.32,density,train,hann,28,0.9333333333333333,2.142857142857143,3.4222135714285713,0.008161607856391874,0.9876380624163779,0.011648524422841724
Turbulent radiative layer 2D,tcool_0.32,density,train,hann,29,0.9666666666666667,2.0689655172413794,3.3042062068965516,0.008091710667622267,0.9957297730840001,0.011563238739690042
Turbulent radiative layer 2D,tcool_0.32,density,train,hann,30,1.0,2.0,3.194066,0.004270226915999826,0.9999999999999999,0.005767492044577961
Turbulent radiative layer 2D,tcool_0.32,pressure,full,boxcar,1,0.02,101.0,161.300333,0.41704280294154106,0.41704280294154106,0.10535838068337064
Turbulent radiative layer 2D,tcool_0.32,pressure,full,boxcar,2,0.04,50.5,80.6501665,0.03716999440122117,0.4542127973427622,0.09820341829016462
Turbulent radiative layer 2D,tcool_0.32,pressure,full,boxcar,3,0.06,33.666666666666664,53.76677766666666,0.028610030576999602,0.4828228279197618,0.08824159896029728
Turbulent radiative layer 2D,tcool_0.32,pressure,full,boxcar,4,0.08,25.25,40.32508325,0.04347421226180249,0.5262970401815643,0.07730542752582485
Turbulent radiative layer 2D,tcool_0.32,pressure,full,boxcar,5,0.1,20.2,32.2600666,0.046611560690509576,0.572908600872074,0.06672770533977668
Turbulent radiative layer 2D,tcool_0.32,pressure,full,boxcar,6,0.12,16.833333333333332,26.88338883333333,0.012430293127526587,0.5853388939996005,0.05722028488258151
Turbulent radiative layer 2D,tcool_0.32,pressure,full,boxcar,7,0.14,14.428571428571429,23.042904714285715,0.030839080294906864,0.6161779742945074,0.04902876036526762
Turbulent radiative layer 2D,tcool_0.32,pressure,full,boxcar,8,0.16,12.625,20.162541625,0.03671130905370327,0.6528892833482107,0.04213258580570469
Turbulent radiative layer 2D,tcool_0.32,pressure,full,boxcar,9,0.18,11.222222222222221,17.922259222222223,0.04277380483145591,0.6956630881796666,0.03639192447825515
Turbulent radiative layer 2D,tcool_0.32,pressure,full,boxcar,10,0.2,10.1,16.1300333,0.01727526926948587,0.7129383574491525,0.03163177258416918
Turbulent radiative layer 2D,tcool_0.32,pressure,full,boxcar,11,0.22,9.181818181818182,14.663666636363637,0.023527134937306095,0.7364654923864585,0.027682367046786793
Turbulent radiative layer 2D,tcool_0.32,pressure,full,boxcar,12,0.24,8.416666666666666,13.441694416666666,0.01909790242783598,0.7555633948142945,0.024394968062646415
Turbulent radiative layer 2D,tcool_0.32,pressure,full,boxcar,13,0.26,7.769230769230769,12.407717923076923,0.009090424120782793,0.7646538189350772,0.021645539308754957
Turbulent radiative layer 2D,tcool_0.32,pressure,full,boxcar,14,0.28,7.214285714285714,11.521452357142858,0.007224858500735243,0.7718786774358125,0.019333220839628934
Turbulent radiative layer 2D,tcool_0.32,pressure,full,boxcar,15,0.3,6.733333333333333,10.753355533333332,0.011252826349260128,0.7831315037850727,0.01737700553615871
Turbulent radiative layer 2D,tcool_0.32,pressure,full,boxcar,16,0.32,6.3125,10.0812708125,0.009120590305949321,0.792252094091022,0.01571215486128373
Turbulent radiative layer 2D,tcool_0.32,pressure,full,boxcar,17,0.34,5.9411764705882355,9.48825488235294,0.008297162259227676,0.8005492563502498,0.014286961994581952
Turbulent radiative layer 2D,tcool_0.32,pressure,full,boxcar,18,0.36,5.611111111111111,8.961129611111112,0.007517157712364588,0.8080664140626144,0.013060042309174106
Turbulent radiative layer 2D,tcool_0.32,pressure,full,boxcar,19,0.38,5.315789473684211,8.489491210526316,0.008609183199015394,0.8166755972616297,0.011998149622661072
Turbulent radiative layer 2D,tcool_0.32,pressure,full,boxcar,20,0.4,5.05,8.06501665,0.008091377868487609,0.8247669751301173,0.011074450591138547
Turbulent radiative layer 2D,tcool_0.32,pressure,full,boxcar,21,0.42,4.809523809523809,7.680968238095238,0.006677838844529384,0.8314448139746468,0.010267174509908229
Turbulent radiative layer 2D,tcool_0.32,pressure,full,boxcar,22,0.44,4.590909090909091,7.331833318181818,0.008910206327292764,0.8403550203019395,0.009558561143724942
Turbulent radiative layer 2D,tcool_0.32,pressure,full,boxcar,23,0.46,4.391304347826087,7.013057956521739,0.0068066844824975214,0.847161704784437,0.008934041228198271
Turbulent radiative layer 2D,tcool_0.32,pressure,full,boxcar,24,0.48,4.208333333333333,6.720847208333333,0.007594187434481972,0.8547558922189189,0.008381597094369883
Turbulent radiative layer 2D,tcool_0.32,pressure,full,boxcar,25,0.5,4.04,6.45201332,0.005965641525663774,0.8607215337445826,0.007891262259310554
Turbulent radiative layer 2D,tcool_0.32,pressure,full,boxcar,26,0.52,3.8846153846153846,6.203858961538462,0.005718332225098884,0.8664398659696815,0.007454728197423394
Turbulent radiative layer 2D,tcool_0.32,pressure,full,boxcar,27,0.54,3.740740740740741,5.974086407407407,0.004229398331770966,0.8706692643014525,0.007065033918430635
Turbulent radiative layer 2D,tcool_0.32,pressure,full,boxcar,28,0.56,3.607142857142857,5.760726178571429,0.0049869054642625145,0.875656169765715,0.006716319713926749
Turbulent radiative layer 2D,tcool_0.32,pressure,full,boxcar,29,0.58,3.4827586206896552,5.562080448275862,0.006429800448507595,0.8820859702142226,0.006403630821931795
Turbulent radiative layer 2D,tcool_0.32,pressure,full,boxcar,30,0.6,3.3666666666666667,5.376677766666666,0.006581959414071397,0.8886679296282941,0.006122760095364309
Turbulent radiative layer 2D,tcool_0.32,pressure,full,boxcar,31,0.62,3.2580645161290325,5.203236548387097,0.006764365633672888,0.895432295261967,0.0058701212919366145
Turbulent radiative layer 2D,tcool_0.32,pressure,full,boxcar,32,0.64,3.15625,5.04063540625,0.006748551917248161,0.9021808471792151,0.005642646524140687
Turbulent radiative layer 2D,tcool_0.32,pressure,full,boxcar,33,0.66,3.0606060606060606,4.887888878787878,0.006647248342437749,0.9088280955216529,0.005437702868470169
Turbulent radiative layer 2D,tcool_0.32,pressure,full,boxcar,34,0.68,2.9705882352941178,4.74412744117647,0.005155554398742203,0.9139836499203952,0.005253024246416138
Turbulent radiative layer 2D,tcool_0.32,pressure,full,boxcar,35,0.7,2.8857142857142857,4.6085809428571425,0.004149702672934322,0.9181333525933294,0.005086655541581644
Turbulent radiative layer 2D,tcool_0.32,pressure,full,boxcar,36,0.72,2.8055555555555554,4.480564805555556,0.006625708770494457,0.9247590613638238,0.00493690657158383
Turbulent radiative layer 2D,tcool_0.32,pressure,full,boxcar,37,0.74,2.72972972972973,4.3594684594594595,0.006556158253655679,0.9313152196174794,0.004802314038250901
Turbulent radiative layer 2D,tcool_0.32,pressure,full,boxcar,38,0.76,2.6578947368421053,4.244745605263158,0.006001163916030939,0.9373163835335104,0.0046816099709381795
Turbulent radiative layer 2D,tcool_0.32,pressure,full,boxcar,39,0.78,2.58974358974359,4.135905974358974,0.008088224754663626,0.9454046082881741,0.004573695482580282
Turbulent radiative layer 2D,tcool_0.32,pressure,full,boxcar,40,0.8,2.525,4.032508325,0.0067826766744464115,0.9521872849626205,0.0044776188966878395
Turbulent radiative layer 2D,tcool_0.32,pressure,full,boxcar,41,0.82,2.4634146341463414,3.934154463414634,0.006323299632873138,0.9585105845954938,0.004392557491239087
Turbulent radiative layer 2D,tcool_0.32,pressure,full,boxcar,42,0.84,2.4047619047619047,3.840484119047619,0.004813299360690655,0.9633238839561843,0.0043178022539512
Turbulent radiative layer 2D,tcool_0.32,pressure,full,boxcar,43,0.86,2.3488372093023258,3.751170534883721,0.004535491152740266,0.9678593751089246,0.004252745161612592
Turbulent radiative layer 2D,tcool_0.32,pressure,full,boxcar,44,0.88,2.2954545454545454,3.665916659090909,0.004823620381729011,0.9726829954906536,0.004196868590804088
Turbulent radiative layer 2D,tcool_0.32,pressure,full,boxcar,45,0.9,2.2444444444444445,3.584451844444444,0.005935034081512785,0.9786180295721664,0.004149736543659216
Turbulent radiative layer 2D,tcool_0.32,pressure,full,boxcar,46,0.92,2.1956521739130435,3.5065289782608695,0.004632728002645445,0.9832507575748117,0.0041109874343577425
Turbulent radiative layer 2D,tcool_0.32,pressure,full,boxcar,47,0.94,2.148936170212766,3.431921978723404,0.004440486532480135,0.9876912441072918,0.004080328232968143
Turbulent radiative layer 2D,tcool_0.32,pressure,full,boxcar,48,0.96,2.1041666666666665,3.3604236041666664,0.0037508708670308854,0.9914421149743228,0.004057529805536326
Turbulent radiative layer 2D,tcool_0.32,pressure,full,boxcar,49,0.98,2.061224489795918,3.291843530612245,0.004397483682814144,0.9958395986571368,0.004042423324935071
Turbulent radiative layer 2D,tcool_0.32,pressure,full,boxcar,50,1.0,2.02,3.22600666,0.0041604013428631886,1.0,0.004034897657534041
Turbulent radiative layer 2D,tcool_0.32,pressure,full,hann,1,0.02,101.0,161.300333,0.3492387869518423,0.3492387869518423,0.136629273475668
Turbulent radiative layer 2D,tcool_0.32,pressure,full,hann,2,0.04,50.5,80.6501665,0.13469482577382627,0.48393361272566854,0.12171106852703968
Turbulent radiative layer 2D,tcool_0.32,pressure,full,hann,3,0.06,33.666666666666664,53.76677766666666,0.04758128554580238,0.5315148982714709,0.10301317775621979
Turbulent radiative layer 2D,tcool_0.32,pressure,full,hann,4,0.08,25.25,40.32508325,0.03748534591778242,0.5690002441892534,0.08483739458529578
Turbulent radiative layer 2D,tcool_0.32,pressure,full,hann,5,0.1,20.2,32.2600666,0.02673683351641605,0.5957370777056694,0.06921655553707523
Turbulent radiative layer 2D,tcool_0.32,pressure,full,hann,6,0.12,16.833333333333332,26.88338883333333,0.02532835648939201,0.6210654341950614,0.05656853692122563
Turbulent radiative layer 2D,tcool_0.32,pressure,full,hann,7,0.14,14.428571428571429,23.042904714285715,0.029941151449277784,0.6510065856443392,0.046586296765008875
Turbulent radiative layer 2D,tcool_0.32,pressure,full,hann,8,0.16,12.625,20.162541625,0.05132100006606818,0.7023275857104074,0.03876515729350547
Turbulent radiative layer 2D,tcool_0.32,pressure,full,hann,9,0.18,11.222222222222221,17.922259222222223,0.04342110151993085,0.7457486872303383,0.032622828917281105
Turbulent radiative layer 2D,tcool_0.32,pressure,full,hann,10,0.2,10.1,16.1300333,0.010623920763800462,0.7563726079941387,0.02776404401377217
Turbulent radiative layer 2D,tcool_0.32,pressure,full,hann,11,0.22,9.181818181818182,14.663666636363637,0.010954994041423262,0.7673276020355622,0.023884083120494497
Turbulent radiative layer 2D,tcool_0.32,pressure,full,hann,12,0.24,8.416666666666666,13.441694416666666,0.014945112668459324,0.7822727147040214,0.020753783756360257
Turbulent radiative layer 2D,tcool_0.32,pressure,full,hann,13,0.26,7.769230769230769,12.407717923076923,0.00734554786757975,0.7896182625716013,0.018202116430196535
Turbulent radiative layer 2D,tcool_0.32,pressure,full,hann,14,0.28,7.214285714285714,11.521452357142858,0.0070674254659293025,0.7966856880375305,0.016101296484249808
Turbulent radiative layer 2D,tcool_0.32,pressure,full,hann,15,0.3,6.733333333333333,10.753355533333332,0.012604445662131886,0.8092901336996623,0.014355305994356984
Turbulent radiative layer 2D,tcool_0.32,pressure,full,hann,16,0.32,6.3125,10.0812708125,0.010819280958963715,0.8201094146586261,0.012891415083303121
Turbulent radiative layer 2D,tcool_0.32,pressure,full,hann,17,0.34,5.9411764705882355,9.48825488235294,0.008567828954044994,0.8286772436126711,0.011654027632769633
Turbulent radiative layer 2D,tcool_0.32,pressure,full,hann,18,0.36,5.611111111111111,8.961129611111112,0.00857123832011257,0.8372484819327837,0.010600236960003057
Turbulent radiative layer 2D,tcool_0.32,pressure,full,hann,19,0.38,5.315789473684211,8.489491210526316,0.007660988483789199,0.8449094704165728,0.009696611586183944
Turbulent radiative layer 2D,tcool_0.32,pressure,full,hann,20,0.4,5.05,8.06501665,0.006706026463261267,0.8516154968798341,0.008916858716432436
Turbulent radiative layer 2D,tcool_0.32,pressure,full,hann,21,0.42,4.809523809523809,7.680968238095238,0.006366832564018945,0.857982329443853,0.008240113632824406
Turbulent radiative layer 2D,tcool_0.32,pressure,full,hann,22,0.44,4.590909090909091,7.331833318181818,0.0070639653515211145,0.8650462947953742,0.007649677064107391
Turbulent radiative layer 2D,tcool_0.32,pressure,full,hann,23,0.46,4.391304347826087,7.013057956521739,0.006140919876063057,0.8711872146714372,0.007132075119214456
Turbulent radiative layer 2D,tcool_0.32,pressure,full,hann,24,0.48,4.208333333333333,6.720847208333333,0.007510479892506673,0.878697694563944,0.006676353199270626
Turbulent radiative layer 2D,tcool_0.32,pressure,full,hann,25,0.5,4.04,6.45201332,0.004625104517513154,0.8833227990814572,0.0062735410065760675
Turbulent radiative layer 2D,tcool_0.32,pressure,full,hann,26,0.52,3.8846153846153846,6.203858961538462,0.004009093554150676,0.8873318926356079,0.005916243722124643
Turbulent radiative layer 2D,tcool_0.32,pressure,full,hann,27,0.54,3.740740740740741,5.974086407407407,0.0030790294494977195,0.8904109220851055,0.005598327011124594
Turbulent radiative layer 2D,tcool_0.32,pressure,full,hann,28,0.56,3.607142857142857,5.760726178571429,0.004751112075338304,0.8951620341604438,0.005314672392575605
Turbulent radiative layer 2D,tcool_0.32,pressure,full,hann,29,0.58,3.4827586206896552,5.562080448275862,0.006019817747160849,0.9011818519076047,0.005060985811108369
Turbulent radiative layer 2D,tcool_0.32,pressure,full,hann,30,0.6,3.3666666666666667,5.376677766666666,0.004470524456462399,0.905652376364067,0.004833646756910857
Turbulent radiative layer 2D,tcool_0.32,pressure,full,hann,31,0.62,3.2580645161290325,5.203236548387097,0.004448784899902428,0.9101011612639696,0.004629588528590687
Turbulent radiative layer 2D,tcool_0.32,pressure,full,hann,32,0.64,3.15625,5.04063540625,0.0043406385214581145,0.9144417997854276,0.004446202594046352
Turbulent radiative layer 2D,tcool_0.32,pressure,full,hann,33,0.66,3.0606060606060606,4.887888878787878,0.005135482895903656,0.9195772826813313,0.0042812617323965
Turbulent radiative layer 2D,tcool_0.32,pressure,full,hann,34,0.68,2.9705882352941178,4.74412744117647,0.004411209793021715,0.923988492474353,0.004132857914875769
Turbulent radiative layer 2D,tcool_0.32,pressure,full,hann,35,0.7,2.8857142857142857,4.6085809428571425,0.003190439675086503,0.9271789321494395,0.003999351830281842
Turbulent radiative layer 2D,tcool_0.32,pressure,full,hann,36,0.72,2.8055555555555554,4.480564805555556,0.005077510416207698,0.9322564425656472,0.003879331670223076
Turbulent radiative layer 2D,tcool_0.32,pressure,full,hann,37,0.74,2.72972972972973,4.3594684594594595,0.005252170324679429,0.9375086128903267,0.003771579324670485
Turbulent radiative layer 2D,tcool_0.32,pressure,full,hann,38,0.76,2.6578947368421053,4.244745605263158,0.004379368482920235,0.9418879813732469,0.003675042544858223
Turbulent radiative layer 2D,tcool_0.32,pressure,full,hann,39,0.78,2.58974358974359,4.135905974358974,0.006424437236156838,0.9483124186094037,0.003588811941472291
Turbulent radiative layer 2D,tcool_0.32,pressure,full,hann,40,0.8,2.525,4.032508325,0.005735608544758942,0.9540480271541627,0.0035121019254226197
Turbulent radiative layer 2D,tcool_0.32,pressure,full,hann,41,0.82,2.4634146341463414,3.934154463414634,0.0054650208729125314,0.9595130480270753,0.0034442348840025942
Turbulent radiative layer 2D,tcool_0.32,pressure,full,hann,42,0.84,2.4047619047619047,3.840484119047619,0.004613261653641829,0.9641263096807171,0.0033846280299823814
Turbulent radiative layer 2D,tcool_0.32,pressure,full,hann,43,0.86,2.3488372093023258,3.751170534883721,0.0036806154098862867,0.9678069250906034,0.0033327824748941182
Turbulent radiative layer 2D,tcool_0.32,pressure,full,hann,44,0.88,2.2954545454545454,3.665916659090909,0.004503061729489876,0.9723099868200933,0.0032882741677465253
Turbulent radiative layer 2D,tcool_0.32,pressure,full,hann,45,0.9,2.2444444444444445,3.584451844444444,0.005304463448631472,0.9776144502687247,0.003250746412164735
Turbulent radiative layer 2D,tcool_0.32,pressure,full,hann,46,0.92,2.1956521739130435,3.5065289782608695,0.004472297046874678,0.9820867473155994,0.003219903732680657
Turbulent radiative layer 2D,tcool_0.32,pressure,full,hann,47,0.94,2.148936170212766,3.431921978723404,0.004695514160111486,0.9867822614757109,0.0031955069078174925
Turbulent radiative layer 2D,tcool_0.32,pressure,full,hann,48,0.96,2.1041666666666665,3.3604236041666664,0.003967336955859313,0.9907495984315702,0.0031773690262116385
Turbulent radiative layer 2D,tcool_0.32,pressure,full,hann,49,0.98,2.061224489795918,3.291843530612245,0.004613971812157784,0.9953635702437279,0.003165352454250623
Turbulent radiative layer 2D,tcool_0.32,pressure,full,hann,50,1.0,2.02,3.22600666,0.0046364297562724675,1.0000000000000004,0.003159366631132441
Turbulent radiative layer 2D,tcool_0.32,pressure,train,boxcar,1,0.03333333333333333,60.0,95.82198,0.5407857954665962,0.5407857954665962,0.36861038735129303
Turbulent radiative layer 2D,tcool_0.32,pressure,train,boxcar,2,0.06666666666666667,30.0,47.91099,0.16908651531056249,0.7098723107771587,0.1951690904190731
Turbulent radiative layer 2D,tcool_0.32,pressure,train,boxcar,3,0.1,20.0,31.940659999999998,0.06691527408553198,0.7767875848626907,0.10973912558692725
Turbulent radiative layer 2D,tcool_0.32,pressure,train,boxcar,4,0.13333333333333333,15.0,23.955495,0.043490580841228726,0.8202781657039194,0.0683271810144659
Turbulent radiative layer 2D,tcool_0.32,pressure,train,boxcar,5,0.16666666666666666,12.0,19.164396,0.039020968402659326,0.8592991341065788,0.04622763310280848
Turbulent radiative layer 2D,tcool_0.32,pressure,train,boxcar,6,0.2,10.0,15.970329999999999,0.011901225396854913,0.8712003595034338,0.033304778983053555
Turbulent radiative layer 2D,tcool_0.32,pressure,train,boxcar,7,0.23333333333333334,8.571428571428571,13.688854285714285,0.010686293277864167,0.881886652781298,0.025173435420242526
Turbulent radiative layer 2D,tcool_0.32,pressure,train,boxcar,8,0.26666666666666666,7.5,11.9777475,0.008302806993527008,0.8901894597748249,0.019754294178103947
Turbulent radiative layer 2D,tcool_0.32,pressure,train,boxcar,9,0.3,6.666666666666667,10.646886666666667,0.015608035437073259,0.9057974952118981,0.01597474845740852
Turbulent radiative layer 2D,tcool_0.32,pressure,train,boxcar,10,0.3333333333333333,6.0,9.582198,0.010397310455924232,0.9161948056678224,0.013240848017809344
Turbulent radiative layer 2D,tcool_0.32,pressure,train,boxcar,11,0.36666666666666664,5.454545454545454,8.711089090909091,0.008787856118706087,0.9249826617865284,0.011203791151735988
Turbulent radiative layer 2D,tcool_0.32,pressure,train,boxcar,12,0.4,5.0,7.985164999999999,0.00668786579029753,0.931670527576826,0.009648480552559529
Turbulent radiative layer 2D,tcool_0.32,pressure,train,boxcar,13,0.43333333333333335,4.615384615384615,7.3709215384615385,0.006389464924463673,0.9380599925012897,0.008436717577593346
Turbulent radiative layer 2D,tcool_0.32,pressure,train,boxcar,14,0.4666666666666667,4.285714285714286,6.844427142857143,0.005150845033619798,0.9432108375349096,0.007476571342042317
Turbulent radiative layer 2D,tcool_0.32,pressure,train,boxcar,15,0.5,4.0,6.388132,0.005216424334876301,0.9484272618697859,0.006705046131464812
Turbulent radiative layer 2D,tcool_0.32,pressure,train,boxcar,16,0.5333333333333333,3.75,5.98887375,0.003508698520254677,0.9519359603900406,0.006077857531585103
Turbulent radiative layer 2D,tcool_0.32,pressure,train,boxcar,17,0.5666666666666667,3.5294117647058822,5.63658705882353,0.003928910193647814,0.9558648705836884,0.005563180207202375
Turbulent radiative layer 2D,tcool_0.32,pressure,train,boxcar,18,0.6,3.3333333333333335,5.3234433333333335,0.0036334869249624847,0.9594983575086509,0.005137702036490031
Turbulent radiative layer 2D,tcool_0.32,pressure,train,boxcar,19,0.6333333333333333,3.1578947368421053,5.043262105263158,0.003305511234683594,0.9628038687433346,0.004784063905142063
Turbulent radiative layer 2D,tcool_0.32,pressure,train,boxcar,20,0.6666666666666666,3.0,4.791099,0.0037892843268839357,0.9665931530702185,0.004489157527154216
Turbulent radiative layer 2D,tcool_0.32,pressure,train,boxcar,21,0.7,2.857142857142857,4.562951428571428,0.0029727970167888547,0.9695659500870074,0.004242969128728538
Turbulent radiative layer 2D,tcool_0.32,pressure,train,boxcar,22,0.7333333333333333,2.727272727272727,4.355544545454546,0.0036518822736343786,0.9732178323606417,0.0040377789950625095
Turbulent radiative layer 2D,tcool_0.32,pressure,train,boxcar,23,0.7666666666666667,2.608695652173913,4.166173043478261,0.003314499624631625,0.9765323319852734,0.0038675982708232122
Turbulent radiative layer 2D,tcool_0.32,pressure,train,boxcar,24,0.8,2.5,3.9925824999999997,0.004331337326973148,0.9808636693122467,0.0037277672856433387
Turbulent radiative layer 2D,tcool_0.32,pressure,train,boxcar,25,0.8333333333333334,2.4,3.8328792,0.00270337604502085,0.9835670453572676,0.003614666087559022
Turbulent radiative layer 2D,tcool_0.32,pressure,train,boxcar,26,0.8666666666666667,2.3076923076923075,3.6854607692307693,0.003924610313174439,0.987491655670442,0.0035255045212890614
Turbulent radiative layer 2D,tcool_0.32,pressure,train,boxcar,27,0.9,2.2222222222222223,3.548962222222222,0.003228493025150898,0.9907201486955929,0.00345816992952833
Turbulent radiative layer 2D,tcool_0.32,pressure,train,boxcar,28,0.9333333333333333,2.142857142857143,3.4222135714285713,0.003931595317796762,0.9946517440133896,0.003411117644195297
Turbulent radiative layer 2D,tcool_0.32,pressure,train,boxcar,29,0.9666666666666667,2.0689655172413794,3.3042062068965516,0.0033031675099499083,0.9979549115233396,0.003383294233187628
Turbulent radiative layer 2D,tcool_0.32,pressure,train,boxcar,30,1.0,2.0,3.194066,0.0020450884766607595,1.0000000000000004,0.0016870434098274576
Turbulent radiative layer 2D,tcool_0.32,pressure,train,hann,1,0.03333333333333333,60.0,95.82198,0.7181280929092854,0.7181280929092854,0.389021053795532
Turbulent radiative layer 2D,tcool_0.32,pressure,train,hann,2,0.06666666666666667,30.0,47.91099,0.09056828021467628,0.8086963731239616,0.19470801358498427
Turbulent radiative layer 2D,tcool_0.32,pressure,train,hann,3,0.1,20.0,31.940659999999998,0.032528482766665236,0.8412248558906268,0.10660728353249815
Turbulent radiative layer 2D,tcool_0.32,pressure,train,hann,4,0.13333333333333333,15.0,23.955495,0.0051714351707648374,0.8463962910613916,0.06554354189402951
Turbulent radiative layer 2D,tcool_0.32,pressure,train,hann,5,0.16666666666666666,12.0,19.164396,0.02392079258988324,0.8703170836512749,0.044049096308324764
Turbulent radiative layer 2D,tcool_0.32,pressure,train,hann,6,0.2,10.0,15.970329999999999,0.011851113700796053,0.882168197352071,0.03161217845262096
Turbulent radiative layer 2D,tcool_0.32,pressure,train,hann,7,0.23333333333333334,8.571428571428571,13.688854285714285,0.009973958088192679,0.8921421554402635,0.023835919529964538
Turbulent radiative layer 2D,tcool_0.32,pressure,train,hann,8,0.26666666666666666,7.5,11.9777475,0.009204210734101796,0.9013463661743654,0.018674413332099866
Turbulent radiative layer 2D,tcool_0.32,pressure,train,hann,9,0.3,6.666666666666667,10.646886666666667,0.010267273050447124,0.9116136392248125,0.01508443930320134
Turbulent radiative layer 2D,tcool_0.32,pressure,train,hann,10,0.3333333333333333,6.0,9.582198,0.005867625299623827,0.9174812645244362,0.012492709174684495
Turbulent radiative layer 2D,tcool_0.32,pressure,train,hann,11,0.36666666666666664,5.454545454545454,8.711089090909091,0.004235126475367969,0.9217163909998043,0.010564331451364572
Turbulent radiative layer 2D,tcool_0.32,pressure,train,hann,12,0.4,5.0,7.985164999999999,0.0032734569783556097,0.9249898479781599,0.009093574357079028
Turbulent radiative layer 2D,tcool_0.32,pressure,train,hann,13,0.43333333333333335,4.615384615384615,7.3709215384615385,0.004438566742423487,0.9294284147205834,0.007948632594066791
Turbulent radiative layer 2D,tcool_0.32,pressure,train,hann,14,0.4666666666666667,4.285714285714286,6.844427142857143,0.006029792194147328,0.9354582069147308,0.007042019204473106
Turbulent radiative layer 2D,tcool_0.32,pressure,train,hann,15,0.5,4.0,6.388132,0.008027892970100406,0.9434860998848311,0.0063138858726560524
Turbulent radiative layer 2D,tcool_0.32,pressure,train,hann,16,0.5333333333333333,3.75,5.98887375,0.0058880068798944285,0.9493741067647256,0.005722217853823997
Turbulent radiative layer 2D,tcool_0.32,pressure,train,hann,17,0.5666666666666667,3.5294117647058822,5.63658705882353,0.004351997004596983,0.9537261037693225,0.005236854077304255
Turbulent radiative layer 2D,tcool_0.32,pressure,train,hann,18,0.6,3.3333333333333335,5.3234433333333335,0.00402581676578461,0.957751920535107,0.004835721354067604
Turbulent radiative layer 2D,tcool_0.32,pressure,train,hann,19,0.6333333333333333,3.1578947368421053,5.043262105263158,0.0035316750173388692,0.961283595552446,0.004502395342800357
Turbulent radiative layer 2D,tcool_0.32,pressure,train,hann,20,0.6666666666666666,3.0,4.791099,0.003338156772129123,0.9646217523245751,0.004224481309588106
Turbulent radiative layer 2D,tcool_0.32,pressure,train,hann,21,0.7,2.857142857142857,4.562951428571428,0.004162285110975482,0.9687840374355506,0.0039925154988073724
Turbulent radiative layer 2D,tcool_0.32,pressure,train,hann,22,0.7333333333333333,2.727272727272727,4.355544545454546,0.003819233066683739,0.9726032705022345,0.0037992053959327197
Turbulent radiative layer 2D,tcool_0.32,pressure,train,hann,23,0.7666666666666667,2.608695652173913,4.166173043478261,0.00399831600552722,0.9766015865077617,0.003638895641197296
Turbulent radiative layer 2D,tcool_0.32,pressure,train,hann,24,0.8,2.5,3.9925824999999997,0.004519676106108368,0.98112126261387,0.0035071874000410373
Turbulent radiative layer 2D,tcool_0.32,pressure,train,hann,25,0.8333333333333334,2.4,3.8328792,0.0024447447945080093,0.9835660074083781,0.003400664234459917
Turbulent radiative layer 2D,tcool_0.32,pressure,train,hann,26,0.8666666666666667,2.3076923076923075,3.6854607692307693,0.004411449071654653,0.9879774564800328,0.0033166934095023794
Turbulent radiative layer 2D,tcool_0.32,pressure,train,hann,27,0.9,2.2222222222222223,3.548962222222222,0.003803679768377079,0.9917811362484097,0.003253281804289186
Turbulent radiative layer 2D,tcool_0.32,pressure,train,hann,28,0.9333333333333333,2.142857142857143,3.4222135714285713,0.0031324633809578927,0.9949135996293677,0.0032089723437830836
Turbulent radiative layer 2D,tcool_0.32,pressure,train,hann,29,0.9666666666666667,2.0689655172413794,3.3042062068965516,0.002972856093705158,0.9978864557230728,0.0031827714298902792
Turbulent radiative layer 2D,tcool_0.32,pressure,train,hann,30,1.0,2.0,3.194066,0.002113544276927599,1.0000000000000002,0.0015870505169330034
Turbulent radiative layer 2D,tcool_0.56,density,full,boxcar,1,0.02,101.0,161.300333,0.08220073208491703,0.08220073208491703,0.09425429652700741
Turbulent radiative layer 2D,tcool_0.56,density,full,boxcar,2,0.04,50.5,80.6501665,0.0549712814548094,0.1371720135397264,0.08907783645127179
Turbulent radiative layer 2D,tcool_0.56,density,full,boxcar,3,0.06,33.666666666666664,53.76677766666666,0.0671368813399739,0.20430889487970033,0.08162562364059386
Turbulent radiative layer 2D,tcool_0.56,density,full,boxcar,4,0.08,25.25,40.32508325,0.06760203593372706,0.27191093081342743,0.07309736122790533
Turbulent radiative layer 2D,tcool_0.56,density,full,boxcar,5,0.1,20.2,32.2600666,0.12436307348609675,0.39627400429952414,0.06448037108188008
Turbulent radiative layer 2D,tcool_0.56,density,full,boxcar,6,0.12,16.833333333333332,26.88338883333333,0.06627559204942372,0.4625495963489478,0.05640598357657506
Turbulent radiative layer 2D,tcool_0.56,density,full,boxcar,7,0.14,14.428571428571429,23.042904714285715,0.06096341115076923,0.5235130074997171,0.049183902531725894
Turbulent radiative layer 2D,tcool_0.56,density,full,boxcar,8,0.16,12.625,20.162541625,0.032907619373785515,0.5564206268735026,0.04290327500106101
Turbulent radiative layer 2D,tcool_0.56,density,full,boxcar,9,0.18,11.222222222222221,17.922259222222223,0.024016635560064517,0.5804372624335671,0.03752871064450522
Turbulent radiative layer 2D,tcool_0.56,density,full,boxcar,10,0.2,10.1,16.1300333,0.05325880911999348,0.6336960715535606,0.032967387649754945
Turbulent radiative layer 2D,tcool_0.56,density,full,boxcar,11,0.22,9.181818181818182,14.663666636363637,0.027358006893154884,0.6610540784467155,0.029108518876533002
Turbulent radiative layer 2D,tcool_0.56,density,full,boxcar,12,0.24,8.416666666666666,13.441694416666666,0.02030624768288068,0.6813603261295962,0.02584359964978848
Turbulent radiative layer 2D,tcool_0.56,density,full,boxcar,13,0.26,7.769230769230769,12.407717923076923,0.02802998250633767,0.7093903086359338,0.023075234791268336
Turbulent radiative layer 2D,tcool_0.56,density,full,boxcar,14,0.28,7.214285714285714,11.521452357142858,0.023025276826744122,0.7324155854626779,0.020719868099293024
Turbulent radiative layer 2D,tcool_0.56,density,full,boxcar,15,0.3,6.733333333333333,10.753355533333332,0.01701240179440769,0.7494279872570855,0.018707570259241916
Turbulent radiative layer 2D,tcool_0.56,density,full,boxcar,16,0.32,6.3125,10.0812708125,0.021659261793659876,0.7710872490507454,0.01698059803937992
Turbulent radiative layer 2D,tcool_0.56,density,full,boxcar,17,0.34,5.9411764705882355,9.48825488235294,0.010666032148169077,0.7817532811989145,0.015491588992936324
Turbulent radiative layer 2D,tcool_0.56,density,full,boxcar,18,0.36,5.611111111111111,8.961129611111112,0.01508674410399337,0.7968400253029079,0.014201792533696047
Turbulent radiative layer 2D,tcool_0.56,density,full,boxcar,19,0.38,5.315789473684211,8.489491210526316,0.0090134635265699,0.8058534888294777,0.013079499062837827
Turbulent radiative layer 2D,tcool_0.56,density,full,boxcar,20,0.4,5.05,8.06501665,0.011293268120903848,0.8171467569503815,0.01209871213553682
Turbulent radiative layer 2D,tcool_0.56,density,full,boxcar,21,0.42,4.809523809523809,7.680968238095238,0.013714553955907663,0.8308613109062892,0.011238055987655664
Turbulent radiative layer 2D,tcool_0.56,density,full,boxcar,22,0.44,4.590909090909091,7.331833318181818,0.01567868400638839,0.8465399949126776,0.01047989019431375
Turbulent radiative layer 2D,tcool_0.56,density,full,boxcar,23,0.46,4.391304347826087,7.013057956521739,0.010218218023005834,0.8567582129356834,0.00980959801900322
Turbulent radiative layer 2D,tcool_0.56,density,full,boxcar,24,0.48,4.208333333333333,6.720847208333333,0.007915920418666107,0.8646741333543495,0.00921501657111898
Turbulent radiative layer 2D,tcool_0.56,density,full,boxcar,25,0.5,4.04,6.45201332,0.006315615616661048,0.8709897489710107,0.0086859809985619
Turbulent radiative layer 2D,tcool_0.56,density,full,boxcar,26,0.52,3.8846153846153846,6.203858961538462,0.0085696652380866,0.8795594142090972,0.008213959615448888
Turbulent radiative layer 2D,tcool_0.56,density,full,boxcar,27,0.54,3.740740740740741,5.974086407407407,0.006527562208723073,0.8860869764178203,0.007791761243844192
Turbulent radiative layer 2D,tcool_0.56,density,full,boxcar,28,0.56,3.607142857142857,5.760726178571429,0.0077931167005591065,0.8938800931183793,0.0074132998226396135
Turbulent radiative layer 2D,tcool_0.56,density,full,boxcar,29,0.58,3.4827586206896552,5.562080448275862,0.009082344403739052,0.9029624375221185,0.0070734044507903176
Turbulent radiative layer 2D,tcool_0.56,density,full,boxcar,30,0.6,3.3666666666666667,5.376677766666666,0.0072703034423196615,0.9102327409644381,0.006767665538533379
Turbulent radiative layer 2D,tcool_0.56,density,full,boxcar,31,0.62,3.2580645161290325,5.203236548387097,0.007108611071867053,0.9173413520363052,0.006492309728466057
Turbulent radiative layer 2D,tcool_0.56,density,full,boxcar,32,0.64,3.15625,5.04063540625,0.0056600875932988,0.923001439629604,0.0062440978124305825
Turbulent radiative layer 2D,tcool_0.56,density,full,boxcar,33,0.66,3.0606060606060606,4.887888878787878,0.005159578766851594,0.9281610183964555,0.006020241095079889
Turbulent radiative layer 2D,tcool_0.56,density,full,boxcar,34,0.68,2.9705882352941178,4.74412744117647,0.004793848268752185,0.9329548666652078,0.0058183326125493245
Turbulent radiative layer 2D,tcool_0.56,density,full,boxcar,35,0.7,2.8857142857142857,4.6085809428571425,0.005164412528430442,0.9381192791936381,0.005636290363143857
Turbulent radiative layer 2D,tcool_0.56,density,full,boxcar,36,0.72,2.8055555555555554,4.480564805555556,0.007338845790379053,0.9454581249840172,0.005472310292705183
Turbulent radiative layer 2D,tcool_0.56,density,full,boxcar,37,0.74,2.72972972972973,4.3594684594594595,0.004030625939895119,0.9494887509239123,0.005324827236680905
Turbulent radiative layer 2D,tcool_0.56,density,full,boxcar,38,0.76,2.6578947368421053,4.244745605263158,0.006033404678389208,0.9555221556023014,0.00519248238214297
Turbulent radiative layer 2D,tcool_0.56,density,full,boxcar,39,0.78,2.58974358974359,4.135905974358974,0.004015962418364709,0.9595381180206661,0.005074096097985898
Turbulent radiative layer 2D,tcool_0.56,density,full,boxcar,40,0.8,2.525,4.032508325,0.004365142970494058,0.9639032609911602,0.004968645207199694
Turbulent radiative layer 2D,tcool_0.56,density,full,boxcar,41,0.82,2.4634146341463414,3.934154463414634,0.004124157406204749,0.968027418397365,0.004875243954535882
Turbulent radiative layer 2D,tcool_0.56,density,full,boxcar,42,0.84,2.4047619047619047,3.840484119047619,0.003531912779580347,0.9715593311769453,0.004793128066185775
Turbulent radiative layer 2D,tcool_0.56,density,full,boxcar,43,0.86,2.3488372093023258,3.751170534883721,0.0033560606435566495,0.9749153918205019,0.004721641413112045
Turbulent radiative layer 2D,tcool_0.56,density,full,boxcar,44,0.88,2.2954545454545454,3.665916659090909,0.003582790602138298,0.9784981824226402,0.004660224882516728
Turbulent radiative layer 2D,tcool_0.56,density,full,boxcar,45,0.9,2.2444444444444445,3.584451844444444,0.0034043905332594715,0.9819025729558996,0.004608407137351733
Turbulent radiative layer 2D,tcool_0.56,density,full,boxcar,46,0.92,2.1956521739130435,3.5065289782608695,0.0036324652292948918,0.9855350381851945,0.004565797005515519
Turbulent radiative layer 2D,tcool_0.56,density,full,boxcar,47,0.94,2.148936170212766,3.431921978723404,0.0037825067389681707,0.9893175449241626,0.004532077291378473
Turbulent radiative layer 2D,tcool_0.56,density,full,boxcar,48,0.96,2.1041666666666665,3.3604236041666664,0.003607003932927026,0.9929245488570896,0.004506999844883019
Turbulent radiative layer 2D,tcool_0.56,density,full,boxcar,49,0.98,2.061224489795918,3.291843530612245,0.0034669773857305118,0.99639152624282,0.004490381759555478
Turbulent radiative layer 2D,tcool_0.56,density,full,boxcar,50,1.0,2.02,3.22600666,0.003608473757179311,0.9999999999999994,0.004482102601878691
Turbulent radiative layer 2D,tcool_0.56,density,full,hann,1,0.02,101.0,161.300333,0.039934684557841375,0.039934684557841375,0.10298874755538086
Turbulent radiative layer 2D,tcool_0.56,density,full,hann,2,0.04,50.5,80.6501665,0.03241073238473677,0.07234541694257814,0.0962886822191205
Turbulent radiative layer 2D,tcool_0.56,density,full,hann,3,0.06,33.666666666666664,53.76677766666666,0.05639003430820685,0.12873545125078498,0.08689157945410607
Turbulent radiative layer 2D,tcool_0.56,density,full,hann,4,0.08,25.25,40.32508325,0.09582654887173296,0.22456200012251795,0.07648225206409671
Turbulent radiative layer 2D,tcool_0.56,density,full,hann,5,0.1,20.2,32.2600666,0.1403947788259677,0.36495677894848566,0.06632013073878724
Turbulent radiative layer 2D,tcool_0.56,density,full,hann,6,0.12,16.833333333333332,26.88338883333333,0.10123266435387067,0.46618944330235634,0.05710633625270996
Turbulent radiative layer 2D,tcool_0.56,density,full,hann,7,0.14,14.428571428571429,23.042904714285715,0.0734717235060507,0.539661166808407,0.049106367835083334
Turbulent radiative layer 2D,tcool_0.56,density,full,hann,8,0.16,12.625,20.162541625,0.03948435769617093,0.5791455245045779,0.04232689671419977
Turbulent radiative layer 2D,tcool_0.56,density,full,hann,9,0.18,11.222222222222221,17.922259222222223,0.033984649620989384,0.6131301741255673,0.036652030672907156
Turbulent radiative layer 2D,tcool_0.56,density,full,hann,10,0.2,10.1,16.1300333,0.05092690281821696,0.6640570769437842,0.03192466683667075
Turbulent radiative layer 2D,tcool_0.56,density,full,hann,11,0.22,9.181818181818182,14.663666636363637,0.034276314400950456,0.6983333913447347,0.027987388771766424
Turbulent radiative layer 2D,tcool_0.56,density,full,hann,12,0.24,8.416666666666666,13.441694416666666,0.016692345027504874,0.7150257363722395,0.024699602088576664
Turbulent radiative layer 2D,tcool_0.56,density,full,hann,13,0.26,7.769230769230769,12.407717923076923,0.017957052845744427,0.732982789217984,0.021942503515148797
Turbulent radiative layer 2D,tcool_0.56,density,full,hann,14,0.28,7.214285714285714,11.521452357142858,0.02080620407211834,0.7537889932901023,0.01961853552547918
Turbulent radiative layer 2D,tcool_0.56,density,full,hann,15,0.3,6.733333333333333,10.753355533333332,0.018745005766872325,0.7725339990569746,0.01764874408325308
Turbulent radiative layer 2D,tcool_0.56,density,full,hann,16,0.32,6.3125,10.0812708125,0.017236476890718052,0.7897704759476927,0.01596964607086637
Turbulent radiative layer 2D,tcool_0.56,density,full,hann,17,0.34,5.9411764705882355,9.48825488235294,0.009526236180711906,0.7992967121284047,0.014530284922790768
Turbulent radiative layer 2D,tcool_0.56,density,full,hann,18,0.36,5.611111111111111,8.961129611111112,0.010536904090520877,0.8098336162189255,0.013289708295312907
Turbulent radiative layer 2D,tcool_0.56,density,full,hann,19,0.38,5.315789473684211,8.489491210526316,0.00885903897954869,0.8186926551984743,0.012214903453663013
Turbulent radiative layer 2D,tcool_0.56,density,full,hann,20,0.4,5.05,8.06501665,0.011626438964332976,0.8303190941628074,0.011279147310282761
Turbulent radiative layer 2D,tcool_0.56,density,full,hann,21,0.42,4.809523809523809,7.680968238095238,0.013455595340862297,0.8437746895036695,0.010460704201263873
Turbulent radiative layer 2D,tcool_0.56,density,full,hann,22,0.44,4.590909090909091,7.331833318181818,0.013175954187881563,0.8569506436915512,0.009741804104352478
Turbulent radiative layer 2D,tcool_0.56,density,full,hann,23,0.46,4.391304347826087,7.013057956521739,0.012164403899960744,0.8691150475915119,0.009107842335757873
Turbulent radiative layer 2D,tcool_0.56,density,full,hann,24,0.48,4.208333333333333,6.720847208333333,0.009131300501978,0.8782463480934899,0.008546752234957608
Turbulent radiative layer 2D,tcool_0.56,density,full,hann,25,0.5,4.04,6.45201332,0.006755018702864513,0.8850013667963544,0.008048512259471797
Turbulent radiative layer 2D,tcool_0.56,density,full,hann,26,0.52,3.8846153846153846,6.203858961538462,0.007958635170618978,0.8929600019669734,0.0076047573491035475
Turbulent radiative layer 2D,tcool_0.56,density,full,hann,27,0.54,3.740740740740741,5.974086407407407,0.007208145307019242,0.9001681472739927,0.007208471238329745
Turbulent radiative layer 2D,tcool_0.56,density,full,hann,28,0.56,3.607142857142857,5.760726178571429,0.006455909948502903,0.9066240572224957,0.006853741754749135
Turbulent radiative layer 2D,tcool_0.56,density,full,hann,29,0.58,3.4827586206896552,5.562080448275862,0.007881332650273064,0.9145053898727687,0.0065355652883305505
Turbulent radiative layer 2D,tcool_0.56,density,full,hann,30,0.6,3.3666666666666667,5.376677766666666,0.0066535237364418924,0.9211589136092107,0.00624968979814872
Turbulent radiative layer 2D,tcool_0.56,density,full,hann,31,0.62,3.2580645161290325,5.203236548387097,0.006212351009261582,0.9273712646184722,0.005992488155224797
Turbulent radiative layer 2D,tcool_0.56,density,full,hann,32,0.64,3.15625,5.04063540625,0.005219768019710853,0.932591032638183,0.00576085547674356
Turbulent radiative layer 2D,tcool_0.56,density,full,hann,33,0.66,3.0606060606060606,4.887888878787878,0.004518634553029962,0.9371096671912129,0.0055521255255082036
Turbulent radiative layer 2D,tcool_0.56,density,full,hann,34,0.68,2.9705882352941178,4.74412744117647,0.003969154023037351,0.9410788212142502,0.0053640023346320865
Turbulent radiative layer 2D,tcool_0.56,density,full,hann,35,0.7,2.8857142857142857,4.6085809428571425,0.004210666459925422,0.9452894876741756,0.005194504051532648
Turbulent radiative layer 2D,tcool_0.56,density,full,hann,36,0.72,2.8055555555555554,4.480564805555556,0.005245929758721146,0.9505354174328967,0.005041916638082224
Turbulent radiative layer 2D,tcool_0.56,density,full,hann,37,0.74,2.72972972972973,4.3594684594594595,0.0044540969046977736,0.9549895143375945,0.004904755561137985
Turbulent radiative layer 2D,tcool_0.56,density,full,hann,38,0.76,2.6578947368421053,4.244745605263158,0.00451292504558377,0.9595024393831783,0.004781733994185835
Turbulent radiative layer 2D,tcool_0.56,density,full,hann,39,0.78,2.58974358974359,4.135905974358974,0.0038806681619559407,0.9633831075451341,0.004671736352572563
Turbulent radiative layer 2D,tcool_0.56,density,full,hann,40,0.8,2.525,4.032508325,0.003886892454828345,0.9672699999999624,0.004573796221489113
Turbulent radiative layer 2D,tcool_0.56,density,full,hann,41,0.82,2.4634146341463414,3.934154463414634,0.003643857586666212,0.9709138575866287,0.004487077922459955
Turbulent radiative layer 2D,tcool_0.56,density,full,hann,42,0.84,2.4047619047619047,3.840484119047619,0.003303642478458989,0.9742175000650877,0.004410861111970341
Turbulent radiative layer 2D,tcool_0.56,density,full,hann,43,0.86,2.3488372093023258,3.751170534883721,0.003221131341244133,0.9774386314063319,0.00434452792372012
Turbulent radiative layer 2D,tcool_0.56,density,full,hann,44,0.88,2.2954545454545454,3.665916659090909,0.0033057157829052336,0.9807443471892372,0.00428755226050399
Turbulent radiative layer 2D,tcool_0.56,density,full,hann,45,0.9,2.2444444444444445,3.584451844444444,0.003256012685860216,0.9840003598750974,0.004239490918033668
Turbulent radiative layer 2D,tcool_0.56,density,full,hann,46,0.92,2.1956521739130435,3.5065289782608695,0.0035826240934529177,0.9875829839685502,0.0041999762851337545
Turbulent radiative layer 2D,tcool_0.56,density,full,hann,47,0.94,2.148936170212766,3.431921978723404,0.0036676620389954843,0.9912506460075458,0.004168710415784129
Turbulent radiative layer 2D,tcool_0.56,density,full,hann,48,0.96,2.1041666666666665,3.3604236041666664,0.002894736271931418,0.9941453822794771,0.00414546031090961
Turbulent radiative layer 2D,tcool_0.56,density,full,hann,49,0.98,2.061224489795918,3.291843530612245,0.0027479741075917903,0.9968933563870689,0.004130054283594731
Turbulent radiative layer 2D,tcool_0.56,density,full,hann,50,1.0,2.02,3.22600666,0.0031066436129311417,1.0,0.004122379312113145
Turbulent radiative layer 2D,tcool_0.56,density,train,boxcar,1,0.03333333333333333,60.0,95.82198,0.10058451854965982,0.10058451854965982,0.1395754796760967
Turbulent radiative layer 2D,tcool_0.56,density,train,boxcar,2,0.06666666666666667,30.0,47.91099,0.06963026073118524,0.17021477928084505,0.12437679142011365
Turbulent radiative layer 2D,tcool_0.56,density,train,boxcar,3,0.1,20.0,31.940659999999998,0.1642418273754353,0.33445660665628035,0.10538968169507762
Turbulent radiative layer 2D,tcool_0.56,density,train,boxcar,4,0.13333333333333333,15.0,23.955495,0.1764487358680049,0.5109053425242853,0.08700008798677912
Turbulent radiative layer 2D,tcool_0.56,density,train,boxcar,5,0.16666666666666666,12.0,19.164396,0.03478951866207908,0.5456948611863643,0.07125019219625207
Turbulent radiative layer 2D,tcool_0.56,density,train,boxcar,6,0.2,10.0,15.970329999999999,0.08281494028898456,0.628509801475349,0.05853710002096434
Turbulent radiative layer 2D,tcool_0.56,density,train,boxcar,7,0.23333333333333334,8.571428571428571,13.688854285714285,0.03373629658509681,0.6622460980604458,0.048531332451647195
Turbulent radiative layer 2D,tcool_0.56,density,train,boxcar,8,0.26666666666666666,7.5,11.9777475,0.029091283918108352,0.6913373819785541,0.04071222406552362
Turbulent radiative layer 2D,tcool_0.56,density,train,boxcar,9,0.3,6.666666666666667,10.646886666666667,0.04152382020734259,0.7328612021858967,0.03458767665866096
Turbulent radiative layer 2D,tcool_0.56,density,train,boxcar,10,0.3333333333333333,6.0,9.582198,0.028434891157641123,0.7612960933435379,0.02975681667911303
Turbulent radiative layer 2D,tcool_0.56,density,train,boxcar,11,0.36666666666666664,5.454545454545454,8.711089090909091,0.01698860410171039,0.7782846974452483,0.0259118624761023
Turbulent radiative layer 2D,tcool_0.56,density,train,boxcar,12,0.4,5.0,7.985164999999999,0.023176884912593013,0.8014615823578414,0.022822061996328868
Turbulent radiative layer 2D,tcool_0.56,density,train,boxcar,13,0.43333333333333335,4.615384615384615,7.3709215384615385,0.025617827186804106,0.8270794095446455,0.02031563916891769
Turbulent radiative layer 2D,tcool_0.56,density,train,boxcar,14,0.4666666666666667,4.285714285714286,6.844427142857143,0.014834227439391274,0.8419136369840368,0.01826454982705851
Turbulent radiative layer 2D,tcool_0.56,density,train,boxcar,15,0.5,4.0,6.388132,0.014314223528717347,0.856227860512754,0.01657280595548754
Turbulent radiative layer 2D,tcool_0.56,density,train,boxcar,16,0.5333333333333333,3.75,5.98887375,0.014628441726480493,0.8708563022392346,0.015167888622974213
Turbulent radiative layer 2D,tcool_0.56,density,train,boxcar,17,0.5666666666666667,3.5294117647058822,5.63658705882353,0.017542266108008957,0.8883985683472435,0.013994535499070537
Turbulent radiative layer 2D,tcool_0.56,density,train,boxcar,18,0.6,3.3333333333333335,5.3234433333333335,0.015558148954720352,0.9039567173019639,0.013010266837082193
Turbulent radiative layer 2D,tcool_0.56,density,train,boxcar,19,0.6333333333333333,3.1578947368421053,5.043262105263158,0.010385200938951967,0.9143419182409159,0.012182158110593245
Turbulent radiative layer 2D,tcool_0.56,density,train,boxcar,20,0.6666666666666666,3.0,4.791099,0.009807774073430576,0.9241496923143465,0.011484500381203758
Turbulent radiative layer 2D,tcool_0.56,density,train,boxcar,21,0.7,2.857142857142857,4.562951428571428,0.011649056746517474,0.935798749060864,0.010897093058482335
Turbulent radiative layer 2D,tcool_0.56,density,train,boxcar,22,0.7333333333333333,2.727272727272727,4.355544545454546,0.009071098182649095,0.9448698472435132,0.01040398927181723
Turbulent radiative layer 2D,tcool_0.56,density,train,boxcar,23,0.7666666666666667,2.608695652173913,4.166173043478261,0.008592145298233845,0.953461992541747,0.009992567585488598
Turbulent radiative layer 2D,tcool_0.56,density,train,boxcar,24,0.8,2.5,3.9925824999999997,0.0087056018967903,0.9621675944385374,0.009652841223376512
Turbulent radiative layer 2D,tcool_0.56,density,train,boxcar,25,0.8333333333333334,2.4,3.8328792,0.006712708689152125,0.9688803031276895,0.009376942082232366
Turbulent radiative layer 2D,tcool_0.56,density,train,boxcar,26,0.8666666666666667,2.3076923076923075,3.6854607692307693,0.006915666036518257,0.9757959691642077,0.00915873507986399
Turbulent radiative layer 2D,tcool_0.56,density,train,boxcar,27,0.9,2.2222222222222223,3.548962222222222,0.006480543837931322,0.982276513002139,0.008993531256176485
Turbulent radiative layer 2D,tcool_0.56,density,train,boxcar,28,0.9333333333333333,2.142857142857143,3.4222135714285713,0.0071571610496111585,0.9894336740517502,0.008877877218039273
Turbulent radiative layer 2D,tcool_0.56,density,train,boxcar,29,0.9666666666666667,2.0689655172413794,3.3042062068965516,0.006519704357853283,0.9959533784096035,0.008809405165254943
Turbulent radiative layer 2D,tcool_0.56,density,train,boxcar,30,1.0,2.0,3.194066,0.004046621590396923,1.0000000000000004,0.0043933663342211205
Turbulent radiative layer 2D,tcool_0.56,density,train,hann,1,0.03333333333333333,60.0,95.82198,0.06092052229075624,0.06092052229075624,0.13673880343036002
Turbulent radiative layer 2D,tcool_0.56,density,train,hann,2,0.06666666666666667,30.0,47.91099,0.07448288527938889,0.13540340757014513,0.12240465300472489
Turbulent radiative layer 2D,tcool_0.56,density,train,hann,3,0.1,20.0,31.940659999999998,0.1702808159891639,0.305684223559309,0.10431285238674595
Turbulent radiative layer 2D,tcool_0.56,density,train,hann,4,0.13333333333333333,15.0,23.955495,0.16937998621294473,0.4750642097722538,0.08659166264243665
Turbulent radiative layer 2D,tcool_0.56,density,train,hann,5,0.16666666666666666,12.0,19.164396,0.06561096981157984,0.5406751795838336,0.07125624551962186
Turbulent radiative layer 2D,tcool_0.56,density,train,hann,6,0.2,10.0,15.970329999999999,0.06475141619858071,0.6054265957824143,0.05876987349637378
Turbulent radiative layer 2D,tcool_0.56,density,train,hann,7,0.23333333333333334,8.571428571428571,13.688854285714285,0.04181218246296372,0.647238778245378,0.04887399766000032
Turbulent radiative layer 2D,tcool_0.56,density,train,hann,8,0.26666666666666666,7.5,11.9777475,0.025771374236125126,0.6730101524815032,0.041098342573493735
Turbulent radiative layer 2D,tcool_0.56,density,train,hann,9,0.3,6.666666666666667,10.646886666666667,0.03885976576739966,0.7118699182489029,0.03498164576318798
Turbulent radiative layer 2D,tcool_0.56,density,train,hann,10,0.3333333333333333,6.0,9.582198,0.03651429695333978,0.7483842152022426,0.030140656094970786
Turbulent radiative layer 2D,tcool_0.56,density,train,hann,11,0.36666666666666664,5.454545454545454,8.711089090909091,0.017765417230822176,0.7661496324330648,0.026277304659329728
Turbulent radiative layer 2D,tcool_0.56,density,train,hann,12,0.4,5.0,7.985164999999999,0.025526205959688984,0.7916758383927538,0.023166057594828576
Turbulent radiative layer 2D,tcool_0.56,density,train,hann,13,0.43333333333333335,4.615384615384615,7.3709215384615385,0.029955544956727326,0.821631383349481,0.020637863256037853
Turbulent radiative layer 2D,tcool_0.56,density,train,hann,14,0.4666666666666667,4.285714285714286,6.844427142857143,0.018741480649289665,0.8403728639987706,0.018566035494444945
Turbulent radiative layer 2D,tcool_0.56,density,train,hann,15,0.5,4.0,6.388132,0.01421247679838575,0.8545853407971564,0.016855203379564653
Turbulent radiative layer 2D,tcool_0.56,density,train,hann,16,0.5333333333333333,3.75,5.98887375,0.01769600023481757,0.8722813410319741,0.01543306935964649
Turbulent radiative layer 2D,tcool_0.56,density,train,hann,17,0.5666666666666667,3.5294117647058822,5.63658705882353,0.02200690107407559,0.8942882421060496,0.014244387010574
Turbulent radiative layer 2D,tcool_0.56,density,train,hann,18,0.6,3.3333333333333335,5.3234433333333335,0.01559443560247218,0.9098826777085218,0.013246591596133651
Turbulent radiative layer 2D,tcool_0.56,density,train,hann,19,0.6333333333333333,3.1578947368421053,5.043262105263158,0.008581776205333994,0.9184644539138558,0.012406629820546952
Turbulent radiative layer 2D,tcool_0.56,density,train,hann,20,0.6666666666666666,3.0,4.791099,0.008987474323159198,0.9274519282370149,0.011698650935836363
Turbulent radiative layer 2D,tcool_0.56,density,train,hann,21,0.7,2.857142857142857,4.562951428571428,0.011156481988037125,0.938608410225052,0.011102315569343678
Turbulent radiative layer 2D,tcool_0.56,density,train,hann,22,0.7333333333333333,2.727272727272727,4.355544545454546,0.010235568005985385,0.9488439782310374,0.01060154902983278
Turbulent radiative layer 2D,tcool_0.56,density,train,hann,23,0.7666666666666667,2.608695652173913,4.166173043478261,0.008555920289750376,0.9573998985207878,0.010183616497477913
Turbulent radiative layer 2D,tcool_0.56,density,train,hann,24,0.8,2.5,3.9925824999999997,0.007539050575275822,0.9649389490960636,0.009838433336683144
Turbulent radiative layer 2D,tcool_0.56,density,train,hann,25,0.8333333333333334,2.4,3.8328792,0.0067916416345122,0.9717305907305757,0.009558048981211683
Turbulent radiative layer 2D,tcool_0.56,density,train,hann,26,0.8666666666666667,2.3076923076923075,3.6854607692307693,0.005679452322288781,0.9774100430528645,0.009336260597418189
Turbulent radiative layer 2D,tcool_0.56,density,train,hann,27,0.9,2.2222222222222223,3.548962222222222,0.005704858937016711,0.9831149019898812,0.00916832531229324
Turbulent radiative layer 2D,tcool_0.56,density,train,hann,28,0.9333333333333333,2.142857142857143,3.4222135714285713,0.0069620967965016425,0.9900769987863829,0.009050748800733342
Turbulent radiative layer 2D,tcool_0.56,density,train,hann,29,0.9666666666666667,2.0689655172413794,3.3042062068965516,0.006690410788574304,0.9967674095749572,0.008981134579180563
Turbulent radiative layer 2D,tcool_0.56,density,train,hann,30,1.0,2.0,3.194066,0.0032325904250426634,0.9999999999999999,0.004479041616966241
Turbulent radiative layer 2D,tcool_0.56,pressure,full,boxcar,1,0.02,101.0,161.300333,0.1874135659869388,0.1874135659869388,0.14162169580335573
Turbulent radiative layer 2D,tcool_0.56,pressure,full,boxcar,2,0.04,50.5,80.6501665,0.03472044265140265,0.22213400863834146,0.12514948394389716
Turbulent radiative layer 2D,tcool_0.56,pressure,full,boxcar,3,0.06,33.666666666666664,53.76677766666666,0.2473618331142039,0.4694958417525454,0.10487220983544203
Turbulent radiative layer 2D,tcool_0.56,pressure,full,boxcar,4,0.08,25.25,40.32508325,0.1520650925219775,0.6215609342745229,0.08554321228897806
Turbulent radiative layer 2D,tcool_0.56,pressure,full,boxcar,5,0.1,20.2,32.2600666,0.04260329656998206,0.6641642308445049,0.06922398674900969
Turbulent radiative layer 2D,tcool_0.56,pressure,full,boxcar,6,0.12,16.833333333333332,26.88338883333333,0.02946003153629386,0.6936242623807989,0.056203971094080506
Turbulent radiative layer 2D,tcool_0.56,pressure,full,boxcar,7,0.14,14.428571428571429,23.042904714285715,0.02378213012658277,0.7174063925073816,0.04604797073492567
Turbulent radiative layer 2D,tcool_0.56,pressure,full,boxcar,8,0.16,12.625,20.162541625,0.010972322786382131,0.7283787152937637,0.03816339813762119
Turbulent radiative layer 2D,tcool_0.56,pressure,full,boxcar,9,0.18,11.222222222222221,17.922259222222223,0.01695473223730769,0.7453334475310714,0.032015489834204595
Turbulent radiative layer 2D,tcool_0.56,pressure,full,boxcar,10,0.2,10.1,16.1300333,0.009344647854245542,0.7546780953853169,0.027179595513554637
Turbulent radiative layer 2D,tcool_0.56,pressure,full,boxcar,11,0.22,9.181818181818182,14.663666636363637,0.010667140786897162,0.7653452361722142,0.0233351024462205
Turbulent radiative layer 2D,tcool_0.56,pressure,full,boxcar,12,0.24,8.416666666666666,13.441694416666666,0.014365939372099595,0.7797111755443138,0.0202444755179999
Turbulent radiative layer 2D,tcool_0.56,pressure,full,boxcar,13,0.26,7.769230769230769,12.407717923076923,0.009881884802621617,0.7895930603469354,0.01773241739744477
Turbulent radiative layer 2D,tcool_0.56,pressure,full,boxcar,14,0.28,7.214285714285714,11.521452357142858,0.014470841898268163,0.8040639022452035,0.015669089985488573
Turbulent radiative layer 2D,tcool_0.56,pressure,full,boxcar,15,0.3,6.733333333333333,10.753355533333332,0.028264227130088637,0.8323281293752922,0.013957603286518148
Turbulent radiative layer 2D,tcool_0.56,pressure,full,boxcar,16,0.32,6.3125,10.0812708125,0.016775442800744195,0.8491035721760364,0.012524974423252172
Turbulent radiative layer 2D,tcool_0.56,pressure,full,boxcar,17,0.34,5.9411764705882355,9.48825488235294,0.0073009256146983085,0.8564044977907347,0.01131566778099486
Turbulent radiative layer 2D,tcool_0.56,pressure,full,boxcar,18,0.36,5.611111111111111,8.961129611111112,0.0062421060202949505,0.8626466038110298,0.010286985239978352
Turbulent radiative layer 2D,tcool_0.56,pressure,full,boxcar,19,0.38,5.315789473684211,8.489491210526316,0.005601008468349422,0.8682476122793792,0.00940576323388212
Turbulent radiative layer 2D,tcool_0.56,pressure,full,boxcar,20,0.4,5.05,8.06501665,0.00471454241700204,0.8729621546963812,0.008645989663935314
Turbulent radiative layer 2D,tcool_0.56,pressure,full,boxcar,21,0.42,4.809523809523809,7.680968238095238,0.005138286733641206,0.8781004414300224,0.007987069876137287
Turbulent radiative layer 2D,tcool_0.56,pressure,full,boxcar,22,0.44,4.590909090909091,7.331833318181818,0.004235422744134963,0.8823358641741574,0.007412553268429105
Turbulent radiative layer 2D,tcool_0.56,pressure,full,boxcar,23,0.46,4.391304347826087,7.013057956521739,0.004556921925065985,0.8868927860992234,0.006909189284597556
Turbulent radiative layer 2D,tcool_0.56,pressure,full,boxcar,24,0.48,4.208333333333333,6.720847208333333,0.005141699289005411,0.8920344853882288,0.006466220963906517
Turbulent radiative layer 2D,tcool_0.56,pressure,full,boxcar,25,0.5,4.04,6.45201332,0.007553014321949578,0.8995874997101784,0.00607485136180321
Turbulent radiative layer 2D,tcool_0.56,pressure,full,boxcar,26,0.52,3.8846153846153846,6.203858961538462,0.006694853836374313,0.9062823535465526,0.005727836920113103
Turbulent radiative layer 2D,tcool_0.56,pressure,full,boxcar,27,0.54,3.740740740740741,5.974086407407407,0.006094198887603316,0.912376552434156,0.005419174909416617
Turbulent radiative layer 2D,tcool_0.56,pressure,full,boxcar,28,0.56,3.607142857142857,5.760726178571429,0.005978604400635039,0.9183551568347911,0.0051438611999706915
Turbulent radiative layer 2D,tcool_0.56,pressure,full,boxcar,29,0.58,3.4827586206896552,5.562080448275862,0.00448608565724708,0.9228412424920381,0.004897701063737788
Turbulent radiative layer 2D,tcool_0.56,pressure,full,boxcar,30,0.6,3.3666666666666667,5.376677766666666,0.0037943690095878853,0.9266356115016261,0.004677160297374239
Turbulent radiative layer 2D,tcool_0.56,pressure,full,boxcar,31,0.62,3.2580645161290325,5.203236548387097,0.004951304575147878,0.9315869160767739,0.004479247248023121
Turbulent radiative layer 2D,tcool_0.56,pressure,full,boxcar,32,0.64,3.15625,5.04063540625,0.0038653661592457,0.9354522822360196,0.004301418706086688
Turbulent radiative layer 2D,tcool_0.56,pressure,full,boxcar,33,0.66,3.0606060606060606,4.887888878787878,0.00506742041514183,0.9405197026511615,0.004141504367483488
Turbulent radiative layer 2D,tcool_0.56,pressure,full,boxcar,34,0.68,2.9705882352941178,4.74412744117647,0.004327913124788516,0.94484761577595,0.003997645846603504
Turbulent radiative layer 2D,tcool_0.56,pressure,full,boxcar,35,0.7,2.8857142857142857,4.6085809428571425,0.0036465086373959955,0.948494124413346,0.003868247169213609
Turbulent radiative layer 2D,tcool_0.56,pressure,full,boxcar,36,0.72,2.8055555555555554,4.480564805555556,0.0034101671221168006,0.9519042915354629,0.003751934382833163
Turbulent radiative layer 2D,tcool_0.56,pressure,full,boxcar,37,0.74,2.72972972972973,4.3594684594594595,0.0034881534162574945,0.9553924449517203,0.0036475224551713067
Turbulent radiative layer 2D,tcool_0.56,pressure,full,boxcar,38,0.76,2.6578947368421053,4.244745605263158,0.0034433689076834575,0.9588358138594038,0.0035539880353269316
Turbulent radiative layer 2D,tcool_0.56,pressure,full,boxcar,39,0.78,2.58974358974359,4.135905974358974,0.003866323981877853,0.9627021378412816,0.0034704469609534425
Turbulent radiative layer 2D,tcool_0.56,pressure,full,boxcar,40,0.8,2.525,4.032508325,0.003482550866985666,0.9661846887082672,0.0033961356317269396
Turbulent radiative layer 2D,tcool_0.56,pressure,full,boxcar,41,0.82,2.4634146341463414,3.934154463414634,0.0032072923599351312,0.9693919810682023,0.0033303955529796134
Turbulent radiative layer 2D,tcool_0.56,pressure,full,boxcar,42,0.84,2.4047619047619047,3.840484119047619,0.0034390421620113876,0.9728310232302138,0.0032726604963620736
Turbulent radiative layer 2D,tcool_0.56,pressure,full,boxcar,43,0.86,2.3488372093023258,3.751170534883721,0.0033229673694612073,0.976153990599675,0.0032224458366041605
Turbulent radiative layer 2D,tcool_0.56,pressure,full,boxcar,44,0.88,2.2954545454545454,3.665916659090909,0.0032568912000868716,0.9794108817997619,0.003179339712129781
Turbulent radiative layer 2D,tcool_0.56,pressure,full,boxcar,45,0.9,2.2444444444444445,3.584451844444444,0.0031708598037952086,0.9825817416035572,0.003142995727931708
Turbulent radiative layer 2D,tcool_0.56,pressure,full,boxcar,46,0.92,2.1956521739130435,3.5065289782608695,0.0034524923440544864,0.9860342339476116,0.003113126975893298
Turbulent radiative layer 2D,tcool_0.56,pressure,full,boxcar,47,0.94,2.148936170212766,3.431921978723404,0.0036628940395658123,0.9896971279871773,0.0030895011938471533
Turbulent radiative layer 2D,tcool_0.56,pressure,full,boxcar,48,0.96,2.1041666666666665,3.3604236041666664,0.003924908920605238,0.9936220369077826,0.003071936922555527
Turbulent radiative layer 2D,tcool_0.56,pressure,full,boxcar,49,0.98,2.061224489795918,3.291843530612245,0.003022071140276766,0.9966441080480594,0.0030603005514171534
Turbulent radiative layer 2D,tcool_0.56,pressure,full,boxcar,50,1.0,2.02,3.22600666,0.0033558919519410912,1.0000000000000004,0.0030545041705872023
Turbulent radiative layer 2D,tcool_0.56,pressure,full,hann,1,0.02,101.0,161.300333,0.15361579669469097,0.15361579669469097,0.15726226303328691
Turbulent radiative layer 2D,tcool_0.56,pressure,full,hann,2,0.04,50.5,80.6501665,0.11485339334335472,0.2684691900380457,0.1353426668673966
Turbulent radiative layer 2D,tcool_0.56,pressure,full,hann,3,0.06,33.666666666666664,53.76677766666666,0.30111308866386766,0.5695822787019134,0.10988238875048616
Turbulent radiative layer 2D,tcool_0.56,pressure,full,hann,4,0.08,25.25,40.32508325,0.16382653685306645,0.7334088155549798,0.08704628856905838
Turbulent radiative layer 2D,tcool_0.56,pressure,full,hann,5,0.1,20.2,32.2600666,0.027649223325935533,0.7610580388809154,0.0687667119607772
Turbulent radiative layer 2D,tcool_0.56,pressure,full,hann,6,0.12,16.833333333333332,26.88338883333333,0.0068238959058857,0.7678819347868011,0.05479403364869294
Turbulent radiative layer 2D,tcool_0.56,pressure,full,hann,7,0.14,14.428571428571429,23.042904714285715,0.01083616593049368,0.7787181007172949,0.044250682184074686
Turbulent radiative layer 2D,tcool_0.56,pressure,full,hann,8,0.16,12.625,20.162541625,0.0047036812858806155,0.7834217820031755,0.03627107893011953
Turbulent radiative layer 2D,tcool_0.56,pressure,full,hann,9,0.18,11.222222222222221,17.922259222222223,0.009461601696940476,0.7928833837001159,0.030169654512775545
Turbulent radiative layer 2D,tcool_0.56,pressure,full,hann,10,0.2,10.1,16.1300333,0.0064314073883443516,0.7993147910884602,0.02544264488616825
Turbulent radiative layer 2D,tcool_0.56,pressure,full,hann,11,0.22,9.181818181818182,14.663666636363637,0.0046342393076593226,0.8039490303961195,0.021729231955868993
Turbulent radiative layer 2D,tcool_0.56,pressure,full,hann,12,0.24,8.416666666666666,13.441694416666666,0.005136676540869155,0.8090857069369887,0.018772117028323543
Turbulent radiative layer 2D,tcool_0.56,pressure,full,hann,13,0.26,7.769230769230769,12.407717923076923,0.007138053173715648,0.8162237601107043,0.016386815640646764
Turbulent radiative layer 2D,tcool_0.56,pressure,full,hann,14,0.28,7.214285714285714,11.521452357142858,0.005772522279925299,0.8219962823906296,0.014439709273489745
Turbulent radiative layer 2D,tcool_0.56,pressure,full,hann,15,0.3,6.733333333333333,10.753355533333332,0.014867065372149825,0.8368633477627794,0.012832840598555698
Turbulent radiative layer 2D,tcool_0.56,pressure,full,hann,16,0.32,6.3125,10.0812708125,0.01842211466438185,0.8552854624271613,0.011493471558189618
Turbulent radiative layer 2D,tcool_0.56,pressure,full,hann,17,0.34,5.9411764705882355,9.48825488235294,0.007895258366949338,0.8631807207941106,0.010366897692221223
Turbulent radiative layer 2D,tcool_0.56,pressure,full,hann,18,0.36,5.611111111111111,8.961129611111112,0.004016589715208256,0.8671973105093188,0.009411466512870087
Turbulent radiative layer 2D,tcool_0.56,pressure,full,hann,19,0.38,5.315789473684211,8.489491210526316,0.005031862270176245,0.8722291727794951,0.008595088909339795
Turbulent radiative layer 2D,tcool_0.56,pressure,full,hann,20,0.4,5.05,8.06501665,0.004701846172753785,0.8769310189522489,0.007892768338502115
Turbulent radiative layer 2D,tcool_0.56,pressure,full,hann,21,0.42,4.809523809523809,7.680968238095238,0.004185004990465615,0.8811160239427145,0.007284830218067295
Turbulent radiative layer 2D,tcool_0.56,pressure,full,hann,22,0.44,4.590909090909091,7.331833318181818,0.0037335667712660413,0.8848495907139805,0.006755638154231417
Turbulent radiative layer 2D,tcool_0.56,pressure,full,hann,23,0.46,4.391304347826087,7.013057956521739,0.00362004425555097,0.8884696349695315,0.0062926524535796054
Turbulent radiative layer 2D,tcool_0.56,pressure,full,hann,24,0.48,4.208333333333333,6.720847208333333,0.0038885811011376862,0.8923582160706691,0.0058857320195798155
Turbulent radiative layer 2D,tcool_0.56,pressure,full,hann,25,0.5,4.04,6.45201332,0.005614823461275168,0.8979730395319443,0.0055266112471915535
Turbulent radiative layer 2D,tcool_0.56,pressure,full,hann,26,0.52,3.8846153846153846,6.203858961538462,0.004255207219318861,0.9022282467512632,0.0052085041133892365
Turbulent radiative layer 2D,tcool_0.56,pressure,full,hann,27,0.54,3.740740740740741,5.974086407407407,0.004315848455720207,0.9065440952069833,0.004925801687831376
Turbulent radiative layer 2D,tcool_0.56,pressure,full,hann,28,0.56,3.607142857142857,5.760726178571429,0.007235176186207884,0.9137792713931913,0.00467383894548451
Turbulent radiative layer 2D,tcool_0.56,pressure,full,hann,29,0.58,3.4827586206896552,5.562080448275862,0.0055044069887992125,0.9192836783819905,0.0044487134821815716
Turbulent radiative layer 2D,tcool_0.56,pressure,full,hann,30,0.6,3.3666666666666667,5.376677766666666,0.0046484332824973315,0.9239321116644879,0.004247143457203656
Turbulent radiative layer 2D,tcool_0.56,pressure,full,hann,31,0.62,3.2580645161290325,5.203236548387097,0.0037437617791998275,0.9276758734436877,0.004066355440458017
Turbulent radiative layer 2D,tcool_0.56,pressure,full,hann,32,0.64,3.15625,5.04063540625,0.0034020016071986945,0.9310778750508863,0.0039039952460998115
Turbulent radiative layer 2D,tcool_0.56,pressure,full,hann,33,0.66,3.0606060606060606,4.887888878787878,0.005398499922615434,0.9364763749735018,0.0037580565744128372
Turbulent radiative layer 2D,tcool_0.56,pressure,full,hann,34,0.68,2.9705882352941178,4.74412744117647,0.0038601047857864065,0.9403364797592882,0.003626823554372744
Turbulent radiative layer 2D,tcool_0.56,pressure,full,hann,35,0.7,2.8857142857142857,4.6085809428571425,0.002934289858954132,0.9432707696182424,0.0035088242152399637
Turbulent radiative layer 2D,tcool_0.56,pressure,full,hann,36,0.72,2.8055555555555554,4.480564805555556,0.0027874157530354887,0.946058185371278,0.003402792610678948
Turbulent radiative layer 2D,tcool_0.56,pressure,full,hann,37,0.74,2.72972972972973,4.3594684594594595,0.00249040561837738,0.9485485909896554,0.003307637839356568
Turbulent radiative layer 2D,tcool_0.56,pressure,full,hann,38,0.76,2.6578947368421053,4.244745605263158,0.003292212779056945,0.9518408037687124,0.0032224185986464947
Turbulent radiative layer 2D,tcool_0.56,pressure,full,hann,39,0.78,2.58974358974359,4.135905974358974,0.004427421389680418,0.9562682251583927,0.0031463222065443164
Turbulent radiative layer 2D,tcool_0.56,pressure,full,hann,40,0.8,2.525,4.032508325,0.003173419791115272,0.959441644949508,0.003078647255426178
Turbulent radiative layer 2D,tcool_0.56,pressure,full,hann,41,0.82,2.4634146341463414,3.934154463414634,0.0026110211304897148,0.9620526660799977,0.0030187892375052885
Turbulent radiative layer 2D,tcool_0.56,pressure,full,hann,42,0.84,2.4047619047619047,3.840484119047619,0.0036233479624858725,0.9656760140424836,0.0029662286186956026
Turbulent radiative layer 2D,tcool_0.56,pressure,full,hann,43,0.86,2.3488372093023258,3.751170534883721,0.004934036460984017,0.9706100505034677,0.0029205209446429695
Turbulent radiative layer 2D,tcool_0.56,pressure,full,hann,44,0.88,2.2954545454545454,3.665916659090909,0.004443086735043752,0.9750531372385115,0.0028812886470522426
Turbulent radiative layer 2D,tcool_0.56,pressure,full,hann,45,0.9,2.2444444444444445,3.584451844444444,0.004500290159539335,0.9795534273980508,0.0028482142854684483
Turbulent radiative layer 2D,tcool_0.56,pressure,full,hann,46,0.92,2.1956521739130435,3.5065289782608695,0.004355132542534528,0.9839085599405853,0.0028210350134041866
Turbulent radiative layer 2D,tcool_0.56,pressure,full,hann,47,0.94,2.148936170212766,3.431921978723404,0.004550320302477197,0.9884588802430625,0.002799538101229912
Turbulent radiative layer 2D,tcool_0.56,pressure,full,hann,48,0.96,2.1041666666666665,3.3604236041666664,0.004518594827557494,0.99297747507062,0.0027835573839377218
Turbulent radiative layer 2D,tcool_0.56,pressure,full,hann,49,0.98,2.061224489795918,3.291843530612245,0.003715889412699028,0.996693364483319,0.0027729705316091786
Turbulent radiative layer 2D,tcool_0.56,pressure,full,hann,50,1.0,2.02,3.22600666,0.003306635516681307,1.0000000000000002,0.002767697065634663
Turbulent radiative layer 2D,tcool_0.56,pressure,train,boxcar,1,0.03333333333333333,60.0,95.82198,0.4004067487246772,0.4004067487246772,0.168590917260086
Turbulent radiative layer 2D,tcool_0.56,pressure,train,boxcar,2,0.06666666666666667,30.0,47.91099,0.05820948274899145,0.4586162314736687,0.14287615694036554
Turbulent radiative layer 2D,tcool_0.56,pressure,train,boxcar,3,0.1,20.0,31.940659999999998,0.1193853254922935,0.5780015569659622,0.11408597789609112
Turbulent radiative layer 2D,tcool_0.56,pressure,train,boxcar,4,0.13333333333333333,15.0,23.955495,0.04535585773856327,0.6233574147045254,0.08919875983344726
Turbulent radiative layer 2D,tcool_0.56,pressure,train,boxcar,5,0.16666666666666666,12.0,19.164396,0.05549018479795895,0.6788475995024844,0.06988573761461976
Turbulent radiative layer 2D,tcool_0.56,pressure,train,boxcar,6,0.2,10.0,15.970329999999999,0.024778922433345913,0.7036265219358304,0.055475934410955045
Turbulent radiative layer 2D,tcool_0.56,pressure,train,boxcar,7,0.23333333333333334,8.571428571428571,13.688854285714285,0.02901653789412952,0.7326430598299599,0.04480189266817062
Turbulent radiative layer 2D,tcool_0.56,pressure,train,boxcar,8,0.26666666666666666,7.5,11.9777475,0.019222432747626604,0.7518654925775865,0.03683787765075474
Turbulent radiative layer 2D,tcool_0.56,pressure,train,boxcar,9,0.3,6.666666666666667,10.646886666666667,0.0236316271252667,0.7754971197028532,0.030817187211898567
Turbulent radiative layer 2D,tcool_0.56,pressure,train,boxcar,10,0.3333333333333333,6.0,9.582198,0.01854685988278832,0.7940439795856414,0.026196706161233065
Turbulent radiative layer 2D,tcool_0.56,pressure,train,boxcar,11,0.36666666666666664,5.454545454545454,8.711089090909091,0.01505756395878281,0.8091015435444242,0.02259723298181436
Turbulent radiative layer 2D,tcool_0.56,pressure,train,boxcar,12,0.4,5.0,7.985164999999999,0.01595566921619145,0.8250572127606157,0.019753394973516393
Turbulent radiative layer 2D,tcool_0.56,pressure,train,boxcar,13,0.43333333333333335,4.615384615384615,7.3709215384615385,0.012342835420857469,0.8374000481814732,0.017477645004835955
Turbulent radiative layer 2D,tcool_0.56,pressure,train,boxcar,14,0.4666666666666667,4.285714285714286,6.844427142857143,0.01011777738349972,0.8475178255649728,0.01563570145482818
Turbulent radiative layer 2D,tcool_0.56,pressure,train,boxcar,15,0.5,4.0,6.388132,0.014258621032765815,0.8617764465977387,0.014130058985503829
Turbulent radiative layer 2D,tcool_0.56,pressure,train,boxcar,16,0.5333333333333333,3.75,5.98887375,0.012485675653336623,0.8742621222510752,0.012888918442686996
Turbulent radiative layer 2D,tcool_0.56,pressure,train,boxcar,17,0.5666666666666667,3.5294117647058822,5.63658705882353,0.011598658037630563,0.8858607802887057,0.011858699409357161
Turbulent radiative layer 2D,tcool_0.56,pressure,train,boxcar,18,0.6,3.3333333333333335,5.3234433333333335,0.011325398433364532,0.8971861787220703,0.010998920095850068
Turbulent radiative layer 2D,tcool_0.56,pressure,train,boxcar,19,0.6333333333333333,3.1578947368421053,5.043262105263158,0.0090762604075928,0.9062624391296631,0.010278652194038538
Turbulent radiative layer 2D,tcool_0.56,pressure,train,boxcar,20,0.6666666666666666,3.0,4.791099,0.009234679827467498,0.9154971189571306,0.009674034578839702
Turbulent radiative layer 2D,tcool_0.56,pressure,train,boxcar,21,0.7,2.857142857142857,4.562951428571428,0.007373270889997692,0.9228703898471283,0.009166507696276055
Turbulent radiative layer 2D,tcool_0.56,pressure,train,boxcar,22,0.7333333333333333,2.727272727272727,4.355544545454546,0.008635335164953503,0.9315057250120818,0.00874154500341318
Turbulent radiative layer 2D,tcool_0.56,pressure,train,boxcar,23,0.7666666666666667,2.608695652173913,4.166173043478261,0.010278606696273694,0.9417843317083555,0.008387731952186011
Turbulent radiative layer 2D,tcool_0.56,pressure,train,boxcar,24,0.8,2.5,3.9925824999999997,0.008398024500366138,0.9501823562087216,0.008096091436704254
Turbulent radiative layer 2D,tcool_0.56,pressure,train,boxcar,25,0.8333333333333334,2.4,3.8328792,0.008080655607753616,0.9582630118164752,0.007859586625674125
Turbulent radiative layer 2D,tcool_0.56,pressure,train,boxcar,26,0.8666666666666667,2.3076923076923075,3.6854607692307693,0.009683762795229084,0.9679467746117043,0.0076727535243575114
Turbulent radiative layer 2D,tcool_0.56,pressure,train,boxcar,27,0.9,2.2222222222222223,3.548962222222222,0.008875872988570038,0.9768226476002744,0.007531430159893609
Turbulent radiative layer 2D,tcool_0.56,pressure,train,boxcar,28,0.9333333333333333,2.142857142857143,3.4222135714285713,0.009961166333119052,0.9867838139333934,0.007432559331223419
Turbulent radiative layer 2D,tcool_0.56,pressure,train,boxcar,29,0.9666666666666667,2.0689655172413794,3.3042062068965516,0.008825835075510335,0.9956096490089038,0.007374048947301222
Turbulent radiative layer 2D,tcool_0.56,pressure,train,boxcar,30,1.0,2.0,3.194066,0.00439035099109612,0.9999999999999999,0.0036773395540776184
Turbulent radiative layer 2D,tcool_0.56,pressure,train,hann,1,0.03333333333333333,60.0,95.82198,0.5195177966504969,0.5195177966504969,0.3338773297770745
Turbulent radiative layer 2D,tcool_0.56,pressure,train,hann,2,0.06666666666666667,30.0,47.91099,0.18126556506443695,0.7007833617149338,0.193985447325522
Turbulent radiative layer 2D,tcool_0.56,pressure,train,hann,3,0.1,20.0,31.940659999999998,0.06303559279171997,0.7638189545066538,0.11456618773848662
Turbulent radiative layer 2D,tcool_0.56,pressure,train,hann,4,0.13333333333333333,15.0,23.955495,0.02608883732060402,0.7899077918272578,0.07311749007730083
Turbulent radiative layer 2D,tcool_0.56,pressure,train,hann,5,0.16666666666666666,12.0,19.164396,0.024044143728458586,0.8139519355557164,0.05013804901252782
Turbulent radiative layer 2D,tcool_0.56,pressure,train,hann,6,0.2,10.0,15.970329999999999,0.020842773469123582,0.8347947090248401,0.03641018263402645
Turbulent radiative layer 2D,tcool_0.56,pressure,train,hann,7,0.23333333333333334,8.571428571428571,13.688854285714285,0.015588502758376178,0.8503832117832162,0.02765948402316017
Turbulent radiative layer 2D,tcool_0.56,pressure,train,hann,8,0.26666666666666666,7.5,11.9777475,0.01644000125439132,0.8668232130376076,0.021778382373657774
Turbulent radiative layer 2D,tcool_0.56,pressure,train,hann,9,0.3,6.666666666666667,10.646886666666667,0.008739657519632116,0.8755628705572397,0.017653103817992587
Turbulent radiative layer 2D,tcool_0.56,pressure,train,hann,10,0.3333333333333333,6.0,9.582198,0.011541790583537942,0.8871046611407776,0.01465697308909092
Turbulent radiative layer 2D,tcool_0.56,pressure,train,hann,11,0.36666666666666664,5.454545454545454,8.711089090909091,0.008963317987785147,0.8960679791285627,0.01241786045482648
Turbulent radiative layer 2D,tcool_0.56,pressure,train,hann,12,0.4,5.0,7.985164999999999,0.006136796180506044,0.9022047753090688,0.010704431468264816
Turbulent radiative layer 2D,tcool_0.56,pressure,train,hann,13,0.43333333333333335,4.615384615384615,7.3709215384615385,0.005349273511273316,0.9075540488203422,0.009367160714811274
Turbulent radiative layer 2D,tcool_0.56,pressure,train,hann,14,0.4666666666666667,4.285714285714286,6.844427142857143,0.00556681928488788,0.9131208681052301,0.008306124243126196
Turbulent radiative layer 2D,tcool_0.56,pressure,train,hann,15,0.5,4.0,6.388132,0.006642310615046899,0.9197631787202769,0.007452602166987789
Turbulent radiative layer 2D,tcool_0.56,pressure,train,hann,16,0.5333333333333333,3.75,5.98887375,0.006536894278463796,0.9263000729987407,0.006758147353724681
Turbulent radiative layer 2D,tcool_0.56,pressure,train,hann,17,0.5666666666666667,3.5294117647058822,5.63658705882353,0.005422605539463146,0.9317226785382039,0.006187862028523999
Turbulent radiative layer 2D,tcool_0.56,pressure,train,hann,18,0.6,3.3333333333333335,5.3234433333333335,0.005678264883094592,0.9374009434212984,0.005716134892726108
Turbulent radiative layer 2D,tcool_0.56,pressure,train,hann,19,0.6333333333333333,3.1578947368421053,5.043262105263158,0.005002896374741443,0.9424038397960398,0.005323864785428187
Turbulent radiative layer 2D,tcool_0.56,pressure,train,hann,20,0.6666666666666666,3.0,4.791099,0.006015988927666503,0.9484198287237063,0.004996609053373316
Turbulent radiative layer 2D,tcool_0.56,pressure,train,hann,21,0.7,2.857142857142857,4.562951428571428,0.004003871578581285,0.9524237003022875,0.004723322440768657
Turbulent radiative layer 2D,tcool_0.56,pressure,train,hann,22,0.7333333333333333,2.727272727272727,4.355544545454546,0.004927778536256625,0.9573514788385441,0.004495482184645568
Turbulent radiative layer 2D,tcool_0.56,pressure,train,hann,23,0.7666666666666667,2.608695652173913,4.166173043478261,0.007030480632128223,0.9643819594706723,0.004306471293191935
Turbulent radiative layer 2D,tcool_0.56,pressure,train,hann,24,0.8,2.5,3.9925824999999997,0.005193631560479929,0.9695755910311523,0.00415113800940735
Turbulent radiative layer 2D,tcool_0.56,pressure,train,hann,25,0.8333333333333334,2.4,3.8328792,0.004926759987581952,0.9745023510187343,0.004025477916611216
Turbulent radiative layer 2D,tcool_0.56,pressure,train,hann,26,0.8666666666666667,2.3076923076923075,3.6854607692307693,0.005992275530572926,0.9804946265493072,0.003926403142072066
Turbulent radiative layer 2D,tcool_0.56,pressure,train,hann,27,0.9,2.2222222222222223,3.548962222222222,0.005002797943492256,0.9854974244927995,0.003851574756933025
Turbulent radiative layer 2D,tcool_0.56,pressure,train,hann,28,0.9333333333333333,2.142857142857143,3.4222135714285713,0.007033724364943967,0.9925311488577435,0.003799282172913818
Turbulent radiative layer 2D,tcool_0.56,pressure,train,hann,29,0.9666666666666667,2.0689655172413794,3.3042062068965516,0.00554555821545976,0.9980767070732033,0.0037683585619145807
Turbulent radiative layer 2D,tcool_0.56,pressure,train,hann,30,1.0,2.0,3.194066,0.0019232929267965068,0.9999999999999999,0.0018790624909092763
Turbulent radiative layer 2D,tcool_1.00,density,full,boxcar,1,0.02,101.0,161.300333,0.11130659687676686,0.11130659687676686,0.09376890837745673
Turbulent radiative layer 2D,tcool_1.00,density,full,boxcar,2,0.04,50.5,80.6501665,0.03465576452535514,0.14596236140212202,0.08867019407320938
Turbulent radiative layer 2D,tcool_1.00,density,full,boxcar,3,0.06,33.666666666666664,53.76677766666666,0.03957319258531091,0.1855355539874329,0.08131957462123951
Turbulent radiative layer 2D,tcool_1.00,density,full,boxcar,4,0.08,25.25,40.32508325,0.06094673975105049,0.2464822937384834,0.07289257733340342
Turbulent radiative layer 2D,tcool_1.00,density,full,boxcar,5,0.1,20.2,32.2600666,0.08168555072034743,0.3281678444588308,0.06436160302889404
Turbulent radiative layer 2D,tcool_1.00,density,full,boxcar,6,0.12,16.833333333333332,26.88338883333333,0.16885606395244074,0.49702390841127153,0.05635290124615797
Turbulent radiative layer 2D,tcool_1.00,density,full,boxcar,7,0.14,14.428571428571429,23.042904714285715,0.047329351706693584,0.5443532601179651,0.04917731490012435
Turbulent radiative layer 2D,tcool_1.00,density,full,boxcar,8,0.16,12.625,20.162541625,0.015499981699659094,0.5598532418176242,0.04292768881467765
Turbulent radiative layer 2D,tcool_1.00,density,full,boxcar,9,0.18,11.222222222222221,17.922259222222223,0.025301453365090924,0.5851546951827151,0.037572671625410274
Turbulent radiative layer 2D,tcool_1.00,density,full,boxcar,10,0.2,10.1,16.1300333,0.023424390773218274,0.6085790859559335,0.033022877508241066
Turbulent radiative layer 2D,tcool_1.00,density,full,boxcar,11,0.22,9.181818181818182,14.663666636363637,0.04251839587755004,0.6510974818334835,0.029170128403078976
Turbulent radiative layer 2D,tcool_1.00,density,full,boxcar,12,0.24,8.416666666666666,13.441694416666666,0.02350602957407364,0.6746035114075571,0.0259077824216251
Turbulent radiative layer 2D,tcool_1.00,density,full,boxcar,13,0.26,7.769230769230769,12.407717923076923,0.021846468299549535,0.6964499797071066,0.023139727047625576
Turbulent radiative layer 2D,tcool_1.00,density,full,boxcar,14,0.28,7.214285714285714,11.521452357142858,0.016125927635586096,0.7125759073426928,0.02078326949274224
Turbulent radiative layer 2D,tcool_1.00,density,full,boxcar,15,0.3,6.733333333333333,10.753355533333332,0.018255233183070946,0.7308311405257638,0.01876905267241734
Turbulent radiative layer 2D,tcool_1.00,density,full,boxcar,16,0.32,6.3125,10.0812708125,0.020611274214806186,0.7514424147405699,0.017039707882364405
Turbulent radiative layer 2D,tcool_1.00,density,full,boxcar,17,0.34,5.9411764705882355,9.48825488235294,0.016490936046310276,0.7679333507868803,0.015548114742566066
Turbulent radiative layer 2D,tcool_1.00,density,full,boxcar,18,0.36,5.611111111111111,8.961129611111112,0.02038543185732168,0.788318782644202,0.014255676704355439
Turbulent radiative layer 2D,tcool_1.00,density,full,boxcar,19,0.38,5.315789473684211,8.489491210526316,0.01833979893425798,0.8066585815784599,0.013130780033184412
Turbulent radiative layer 2D,tcool_1.00,density,full,boxcar,20,0.4,5.05,8.06501665,0.013552849606224916,0.8202114311846848,0.012147485895551466
Turbulent radiative layer 2D,tcool_1.00,density,full,boxcar,21,0.42,4.809523809523809,7.680968238095238,0.01205299527553002,0.8322644264602148,0.011284451130677687
Turbulent radiative layer 2D,tcool_1.00,density,full,boxcar,22,0.44,4.590909090909091,7.331833318181818,0.016544753010768104,0.8488091794709829,0.010524051701567817
Turbulent radiative layer 2D,tcool_1.00,density,full,boxcar,23,0.46,4.391304347826087,7.013057956521739,0.012897298201170795,0.8617064776721537,0.009851676875630024
Turbulent radiative layer 2D,tcool_1.00,density,full,boxcar,24,0.48,4.208333333333333,6.720847208333333,0.008898850924006005,0.8706053285961598,0.009255163245579194
Turbulent radiative layer 2D,tcool_1.00,density,full,boxcar,25,0.5,4.04,6.45201332,0.006981350385727149,0.8775866789818869,0.008724341476118745
Turbulent radiative layer 2D,tcool_1.00,density,full,boxcar,26,0.52,3.8846153846153846,6.203858961538462,0.0070579737778089955,0.8846446527596958,0.008250673113510073
Turbulent radiative layer 2D,tcool_1.00,density,full,boxcar,27,0.54,3.740740740740741,5.974086407407407,0.008423412403015538,0.8930680651627114,0.00782695902732982
Turbulent radiative layer 2D,tcool_1.00,density,full,boxcar,28,0.56,3.607142857142857,5.760726178571429,0.00794330039437045,0.901011365557082,0.00744710473093813
Turbulent radiative layer 2D,tcool_1.00,density,full,boxcar,29,0.58,3.4827586206896552,5.562080448275862,0.00949491995009931,0.9105062855071813,0.007105930877030494
Turbulent radiative layer 2D,tcool_1.00,density,full,boxcar,30,0.6,3.3666666666666667,5.376677766666666,0.006598499982940142,0.9171047854901214,0.006799019688413675
Turbulent radiative layer 2D,tcool_1.00,density,full,boxcar,31,0.62,3.2580645161290325,5.203236548387097,0.0053057795700818195,0.9224105650602032,0.0065225900439747336
Turbulent radiative layer 2D,tcool_1.00,density,full,boxcar,32,0.64,3.15625,5.04063540625,0.004972097481092867,0.9273826625412961,0.006273395484873468
Turbulent radiative layer 2D,tcool_1.00,density,full,boxcar,33,0.66,3.0606060606060606,4.887888878787878,0.005310616217162744,0.9326932787584589,0.0060486406181556535
Turbulent radiative layer 2D,tcool_1.00,density,full,boxcar,34,0.68,2.9705882352941178,4.74412744117647,0.005356758926620441,0.9380500376850793,0.005845912343939405
Turbulent radiative layer 2D,tcool_1.00,density,full,boxcar,35,0.7,2.8857142857142857,4.6085809428571425,0.005448202869465363,0.9434982405545447,0.005663123075003498
Turbulent radiative layer 2D,tcool_1.00,density,full,boxcar,36,0.72,2.8055555555555554,4.480564805555556,0.00440529778408653,0.9479035383386313,0.005498463699427749
Turbulent radiative layer 2D,tcool_1.00,density,full,boxcar,37,0.74,2.72972972972973,4.3594684594594595,0.004035923126584699,0.9519394614652159,0.00535036449362481
Turbulent radiative layer 2D,tcool_1.00,density,full,boxcar,38,0.76,2.6578947368421053,4.244745605263158,0.003522405118759145,0.955461866583975,0.005217462552516544
Turbulent radiative layer 2D,tcool_1.00,density,full,boxcar,39,0.78,2.58974358974359,4.135905974358974,0.004511364604050145,0.9599732311880251,0.00509857458736331
Turbulent radiative layer 2D,tcool_1.00,density,full,boxcar,40,0.8,2.525,4.032508325,0.004031391773879226,0.9640046229619045,0.00499267416658809
Turbulent radiative layer 2D,tcool_1.00,density,full,boxcar,41,0.82,2.4634146341463414,3.934154463414634,0.0038787179218635888,0.967883340883768,0.004898872653801898
Turbulent radiative layer 2D,tcool_1.00,density,full,boxcar,42,0.84,2.4047619047619047,3.840484119047619,0.003059399113834132,0.9709427399976023,0.004816403240164584
Turbulent radiative layer 2D,tcool_1.00,density,full,boxcar,43,0.86,2.3488372093023258,3.751170534883721,0.0036601788135919413,0.9746029188111941,0.004744607582991476
Turbulent radiative layer 2D,tcool_1.00,density,full,boxcar,44,0.88,2.2954545454545454,3.665916659090909,0.0036109076331993332,0.9782138264443935,0.004682924655200103
Turbulent radiative layer 2D,tcool_1.00,density,full,boxcar,45,0.9,2.2444444444444445,3.584451844444444,0.004185074084692976,0.9823989005290865,0.004630881485515579
Turbulent radiative layer 2D,tcool_1.00,density,full,boxcar,46,0.92,2.1956521739130435,3.5065289782608695,0.0038105906066195926,0.9862094911357061,0.004588085531033116
Turbulent radiative layer 2D,tcool_1.00,density,full,boxcar,47,0.94,2.148936170212766,3.431921978723404,0.0031549349447529186,0.9893644260804592,0.004554218474704859
Turbulent radiative layer 2D,tcool_1.00,density,full,boxcar,48,0.96,2.1041666666666665,3.3604236041666664,0.0034160589924874204,0.9927804850729465,0.004529031282910508
Turbulent radiative layer 2D,tcool_1.00,density,full,boxcar,49,0.98,2.061224489795918,3.291843530612245,0.003567333603181917,0.9963478186761283,0.004512340394363496
Turbulent radiative layer 2D,tcool_1.00,density,full,boxcar,50,1.0,2.02,3.22600666,0.0036521813238723972,1.0000000000000007,0.004504024942726067
Turbulent radiative layer 2D,tcool_1.00,density,full,hann,1,0.02,101.0,161.300333,0.06404426341090681,0.06404426341090681,0.10870279785433667
Turbulent radiative layer 2D,tcool_1.00,density,full,hann,2,0.04,50.5,80.6501665,0.035564645551051426,0.09960890896195823,0.10087492741038871
Turbulent radiative layer 2D,tcool_1.00,density,full,hann,3,0.06,33.666666666666664,53.76677766666666,0.01791480333528799,0.11752371229724622,0.0900902375037263
Turbulent radiative layer 2D,tcool_1.00,density,full,hann,4,0.08,25.25,40.32508325,0.06080434570275019,0.1783280579999964,0.07840092706503096
Turbulent radiative layer 2D,tcool_1.00,density,full,hann,5,0.1,20.2,32.2600666,0.14833579870009955,0.32666385670009596,0.0672414849895721
Turbulent radiative layer 2D,tcool_1.00,density,full,hann,6,0.12,16.833333333333332,26.88338883333333,0.1761083215689185,0.5027721782690144,0.057332042665212204
Turbulent radiative layer 2D,tcool_1.00,density,full,hann,7,0.14,14.428571428571429,23.042904714285715,0.0772624533395635,0.5800346316085779,0.048884333909114994
Turbulent radiative layer 2D,tcool_1.00,density,full,hann,8,0.16,12.625,20.162541625,0.0181693513592674,0.5982039829678454,0.041836269258669526
Turbulent radiative layer 2D,tcool_1.00,density,full,hann,9,0.18,11.222222222222221,17.922259222222223,0.01600768728055485,0.6142116702484002,0.03601309029457908
Turbulent radiative layer 2D,tcool_1.00,density,full,hann,10,0.2,10.1,16.1300333,0.020338728541844722,0.6345503987902449,0.031214467739368357
Turbulent radiative layer 2D,tcool_1.00,density,full,hann,11,0.22,9.181818181818182,14.663666636363637,0.03901120917357196,0.6735616079638168,0.027253580432290217
Turbulent radiative layer 2D,tcool_1.00,density,full,hann,12,0.24,8.416666666666666,13.441694416666666,0.03548934944851724,0.709050957412334,0.023970659009133057
Turbulent radiative layer 2D,tcool_1.00,density,full,hann,13,0.26,7.769230769230769,12.407717923076923,0.02329561433170691,0.7323465717440409,0.02123470931345658
Turbulent radiative layer 2D,tcool_1.00,density,full,hann,14,0.28,7.214285714285714,11.521452357142858,0.016615615516930457,0.7489621872609714,0.018940557696757933
Turbulent radiative layer 2D,tcool_1.00,density,full,hann,15,0.3,6.733333333333333,10.753355533333332,0.016584890639285782,0.7655470779002572,0.017004564665815226
Turbulent radiative layer 2D,tcool_1.00,density,full,hann,16,0.32,6.3125,10.0812708125,0.01629663519937432,0.7818437130996314,0.015360415946040287
Turbulent radiative layer 2D,tcool_1.00,density,full,hann,17,0.34,5.9411764705882355,9.48825488235294,0.012719421055613883,0.7945631341552453,0.013955488116294877
Turbulent radiative layer 2D,tcool_1.00,density,full,hann,18,0.36,5.611111111111111,8.961129611111112,0.015606731388419457,0.8101698655436648,0.012747888523418521
Turbulent radiative layer 2D,tcool_1.00,density,full,hann,19,0.38,5.315789473684211,8.489491210526316,0.017207625513858883,0.8273774910575237,0.01170411424565561
Turbulent radiative layer 2D,tcool_1.00,density,full,hann,20,0.4,5.05,8.06501665,0.013309552665112362,0.8406870437226359,0.010797227917739162
Turbulent radiative layer 2D,tcool_1.00,density,full,hann,21,0.42,4.809523809523809,7.680968238095238,0.01221619899206068,0.8529032427146965,0.01000544582814426
Turbulent radiative layer 2D,tcool_1.00,density,full,hann,22,0.44,4.590909090909091,7.331833318181818,0.016336801708876234,0.8692400444235727,0.00931104719857944
Turbulent radiative layer 2D,tcool_1.00,density,full,hann,23,0.46,4.391304347826087,7.013057956521739,0.013854799158447846,0.8830948435820206,0.008699530699632634
Turbulent radiative layer 2D,tcool_1.00,density,full,hann,24,0.48,4.208333333333333,6.720847208333333,0.009914884529132292,0.893009728111153,0.00815896026968004
Turbulent radiative layer 2D,tcool_1.00,density,full,hann,25,0.5,4.04,6.45201332,0.006711333310401349,0.8997210614215543,0.007679455693222226
Turbulent radiative layer 2D,tcool_1.00,density,full,hann,26,0.52,3.8846153846153846,6.203858961538462,0.006655778279179107,0.9063768397007335,0.007252794015499911
Turbulent radiative layer 2D,tcool_1.00,density,full,hann,27,0.54,3.740740740740741,5.974086407407407,0.007672933828300787,0.9140497735290342,0.006872096064846994
Turbulent radiative layer 2D,tcool_1.00,density,full,hann,28,0.56,3.607142857142857,5.760726178571429,0.007566291433215353,0.9216160649622496,0.006531578583710322
Turbulent radiative layer 2D,tcool_1.00,density,full,hann,29,0.58,3.4827586206896552,5.562080448275862,0.007736728126917218,0.9293527930891669,0.0062263571693395225
Turbulent radiative layer 2D,tcool_1.00,density,full,hann,30,0.6,3.3666666666666667,5.376677766666666,0.005418181348141955,0.9347709744373088,0.005952288760470401
Turbulent radiative layer 2D,tcool_1.00,density,full,hann,31,0.62,3.2580645161290325,5.203236548387097,0.004329442998556036,0.9391004174358648,0.005705845064958634
Turbulent radiative layer 2D,tcool_1.00,density,full,hann,32,0.64,3.15625,5.04063540625,0.003999387403249273,0.9430998048391142,0.005484010325952393
Turbulent radiative layer 2D,tcool_1.00,density,full,hann,33,0.66,3.0606060606060606,4.887888878787878,0.003975345475476975,0.9470751503145911,0.005284198337035613
Turbulent radiative layer 2D,tcool_1.00,density,full,hann,34,0.68,2.9705882352941178,4.74412744117647,0.004118392101446992,0.9511935424160382,0.005104184763857853
Turbulent radiative layer 2D,tcool_1.00,density,full,hann,35,0.7,2.8857142857142857,4.6085809428571425,0.0039196875390514205,0.9551132299550896,0.0049420517032327475
Turbulent radiative layer 2D,tcool_1.00,density,full,hann,36,0.72,2.8055555555555554,4.480564805555556,0.0034184040019964003,0.9585316339570861,0.004796142078886384
Turbulent radiative layer 2D,tcool_1.00,density,full,hann,37,0.74,2.72972972972973,4.3594684594594595,0.0031575617553170556,0.9616891957124031,0.00466502198670413
Turbulent radiative layer 2D,tcool_1.00,density,full,hann,38,0.76,2.6578947368421053,4.244745605263158,0.0032704945326042494,0.9649596902450074,0.004547449499193979
Turbulent radiative layer 2D,tcool_1.00,density,full,hann,39,0.78,2.58974358974359,4.135905974358974,0.0033878130764643634,0.9683475033214717,0.004442348747102849
Turbulent radiative layer 2D,tcool_1.00,density,full,hann,40,0.8,2.525,4.032508325,0.0032751756589725262,0.9716226789804442,0.0043487883367622215
Turbulent radiative layer 2D,tcool_1.00,density,full,hann,41,0.82,2.4634146341463414,3.934154463414634,0.003134365761725999,0.9747570447421702,0.004265963350641921
Turbulent radiative layer 2D,tcool_1.00,density,full,hann,42,0.84,2.4047619047619047,3.840484119047619,0.0028370185138207405,0.977594063255991,0.004193180327718291
Turbulent radiative layer 2D,tcool_1.00,density,full,hann,43,0.86,2.3488372093023258,3.751170534883721,0.002610282189373735,0.9802043454453646,0.004129844738693654
Turbulent radiative layer 2D,tcool_1.00,density,full,hann,44,0.88,2.2954545454545454,3.665916659090909,0.002893748278809555,0.9830980937241742,0.004075450565762721
Turbulent radiative layer 2D,tcool_1.00,density,full,hann,45,0.9,2.2444444444444445,3.584451844444444,0.003458713323949287,0.9865568070481235,0.004029571672822177
Turbulent radiative layer 2D,tcool_1.00,density,full,hann,46,0.92,2.1956521739130435,3.5065289782608695,0.0030622219191604756,0.9896190289672839,0.003991854713864698
Turbulent radiative layer 2D,tcool_1.00,density,full,hann,47,0.94,2.148936170212766,3.431921978723404,0.0024811235847977697,0.9921001525520817,0.003962013377980028
Turbulent radiative layer 2D,tcool_1.00,density,full,hann,48,0.96,2.1041666666666665,3.3604236041666664,0.0025540280916700074,0.9946541806437518,0.003939823811408223
Turbulent radiative layer 2D,tcool_1.00,density,full,hann,49,0.98,2.061224489795918,3.291843530612245,0.00271310907885127,0.997367289722603,0.003925121092441689
Turbulent radiative layer 2D,tcool_1.00,density,full,hann,50,1.0,2.02,3.22600666,0.0026327102773969244,1.0,0.003917796665253609
Turbulent radiative layer 2D,tcool_1.00,density,train,boxcar,1,0.03333333333333333,60.0,95.82198,0.11471534753337474,0.11471534753337474,0.1426659004961985
Turbulent radiative layer 2D,tcool_1.00,density,train,boxcar,2,0.06666666666666667,30.0,47.91099,0.054708294925146464,0.16942364245852118,0.1264924725890704
Turbulent radiative layer 2D,tcool_1.00,density,train,boxcar,3,0.1,20.0,31.940659999999998,0.2016226306623872,0.3710462731209084,0.10651438362303203
Turbulent radiative layer 2D,tcool_1.00,density,train,boxcar,4,0.13333333333333333,15.0,23.955495,0.15335680797759446,0.5244030810985029,0.0874009632673117
Turbulent radiative layer 2D,tcool_1.00,density,train,boxcar,5,0.16666666666666666,12.0,19.164396,0.030152136591485506,0.5545552176899884,0.07121254968669095
Turbulent radiative layer 2D,tcool_1.00,density,train,boxcar,6,0.2,10.0,15.970329999999999,0.04624308734288165,0.60079830503287,0.05826572599268439
Turbulent radiative layer 2D,tcool_1.00,density,train,boxcar,7,0.23333333333333334,8.571428571428571,13.688854285714285,0.045903094865190855,0.6467013998980609,0.04815059722315554
Turbulent radiative layer 2D,tcool_1.00,density,train,boxcar,8,0.26666666666666666,7.5,11.9777475,0.03930627877993047,0.6860076786779913,0.040291314856084386
Turbulent radiative layer 2D,tcool_1.00,density,train,boxcar,9,0.3,6.666666666666667,10.646886666666667,0.034658659516988495,0.7206663381949797,0.03416283563480842
Turbulent radiative layer 2D,tcool_1.00,density,train,boxcar,10,0.3333333333333333,6.0,9.582198,0.025853202322539296,0.746519540517519,0.02934583639784779
Turbulent radiative layer 2D,tcool_1.00,density,train,boxcar,11,0.36666666666666664,5.454545454545454,8.711089090909091,0.042643274192946674,0.7891628147104657,0.02552255475159587
Turbulent radiative layer 2D,tcool_1.00,density,train,boxcar,12,0.4,5.0,7.985164999999999,0.021020202890601837,0.8101830176010675,0.02245697940833498
Turbulent radiative layer 2D,tcool_1.00,density,train,boxcar,13,0.43333333333333335,4.615384615384615,7.3709215384615385,0.028797511749377606,0.8389805293504451,0.01997465174670417
Turbulent radiative layer 2D,tcool_1.00,density,train,boxcar,14,0.4666666666666667,4.285714285714286,6.844427142857143,0.01402961514466823,0.8530101444951134,0.017946234672799048
Turbulent radiative layer 2D,tcool_1.00,density,train,boxcar,15,0.5,4.0,6.388132,0.012459024157424175,0.8654691686525375,0.016275188159063512
Turbulent radiative layer 2D,tcool_1.00,density,train,boxcar,16,0.5333333333333333,3.75,5.98887375,0.014668568412065234,0.8801377370646027,0.014888829051754544
Turbulent radiative layer 2D,tcool_1.00,density,train,boxcar,17,0.5666666666666667,3.5294117647058822,5.63658705882353,0.0173777636041317,0.8975155006687344,0.013731926663285121
Turbulent radiative layer 2D,tcool_1.00,density,train,boxcar,18,0.6,3.3333333333333335,5.3234433333333335,0.013765993318773807,0.9112814939875082,0.01276212480362847
Turbulent radiative layer 2D,tcool_1.00,density,train,boxcar,19,0.6333333333333333,3.1578947368421053,5.043262105263158,0.010501743919542353,0.9217832379070506,0.011946658629769126
Turbulent radiative layer 2D,tcool_1.00,density,train,boxcar,20,0.6666666666666666,3.0,4.791099,0.009768927849916419,0.9315521657569671,0.011259985667166551
Turbulent radiative layer 2D,tcool_1.00,density,train,boxcar,21,0.7,2.857142857142857,4.562951428571428,0.00890847864112811,0.9404606443980952,0.010682063734600296
Turbulent radiative layer 2D,tcool_1.00,density,train,boxcar,22,0.7333333333333333,2.727272727272727,4.355544545454546,0.007349234049666863,0.9478098784477621,0.010197089397769388
Turbulent radiative layer 2D,tcool_1.00,density,train,boxcar,23,0.7666666666666667,2.608695652173913,4.166173043478261,0.008219343158883313,0.9560292216066454,0.009792567018342089
Turbulent radiative layer 2D,tcool_1.00,density,train,boxcar,24,0.8,2.5,3.9925824999999997,0.007430331514689936,0.9634595531213352,0.00945861752237534
Turbulent radiative layer 2D,tcool_1.00,density,train,boxcar,25,0.8333333333333334,2.4,3.8328792,0.005675451022261725,0.9691350041435971,0.009187463029351736
Turbulent radiative layer 2D,tcool_1.00,density,train,boxcar,26,0.8666666666666667,2.3076923076923075,3.6854607692307693,0.0065217152988391045,0.975656719442436,0.008973042257950082
Turbulent radiative layer 2D,tcool_1.00,density,train,boxcar,27,0.9,2.2222222222222223,3.548962222222222,0.007856410157345214,0.9835131295997813,0.008810724781504388
Turbulent radiative layer 2D,tcool_1.00,density,train,boxcar,28,0.9333333333333333,2.142857142857143,3.4222135714285713,0.005993666411287166,0.9895067960110685,0.00869710153910718
Turbulent radiative layer 2D,tcool_1.00,density,train,boxcar,29,0.9666666666666667,2.0689655172413794,3.3042062068965516,0.006729972725458367,0.9962367687365269,0.008629835743513828
Turbulent radiative layer 2D,tcool_1.00,density,train,boxcar,30,1.0,2.0,3.194066,0.0037632312634729775,0.9999999999999998,0.004303781654500233
Turbulent radiative layer 2D,tcool_1.00,density,train,hann,1,0.03333333333333333,60.0,95.82198,0.06396110968886198,0.06396110968886198,0.11793802815278796
Turbulent radiative layer 2D,tcool_1.00,density,train,hann,2,0.06666666666666667,30.0,47.91099,0.058888687021281624,0.12284979671014361,0.108615084621465
Turbulent radiative layer 2D,tcool_1.00,density,train,hann,3,0.1,20.0,31.940659999999998,0.1666157239594853,0.2894655206696289,0.09605268793300964
Turbulent radiative layer 2D,tcool_1.00,density,train,hann,4,0.13333333333333333,15.0,23.955495,0.15571284813887212,0.44517836880850103,0.08279364195868907
Turbulent radiative layer 2D,tcool_1.00,density,train,hann,5,0.16666666666666666,12.0,19.164396,0.05280314289935248,0.4979815117078535,0.07047034885000675
Turbulent radiative layer 2D,tcool_1.00,density,train,hann,6,0.2,10.0,15.970329999999999,0.04060026135470296,0.5385817730625565,0.05979344426228741
Turbulent radiative layer 2D,tcool_1.00,density,train,hann,7,0.23333333333333334,8.571428571428571,13.688854285714285,0.03238319870461675,0.5709649717671732,0.05088517645816056
Turbulent radiative layer 2D,tcool_1.00,density,train,hann,8,0.26666666666666666,7.5,11.9777475,0.03669817601893043,0.6076631477861036,0.043588503935809916
Turbulent radiative layer 2D,tcool_1.00,density,train,hann,9,0.3,6.666666666666667,10.646886666666667,0.040807208072117136,0.6484703558582208,0.03765426135519891
Turbulent radiative layer 2D,tcool_1.00,density,train,hann,10,0.3333333333333333,6.0,9.582198,0.03637412233456371,0.6848444781927845,0.03283075349712821
Turbulent radiative layer 2D,tcool_1.00,density,train,hann,11,0.36666666666666664,5.454545454545454,8.711089090909091,0.050495303619343464,0.7353397818121279,0.02889792507194053
Turbulent radiative layer 2D,tcool_1.00,density,train,hann,12,0.4,5.0,7.985164999999999,0.038130239344457806,0.7734700211565857,0.025675295064263637
Turbulent radiative layer 2D,tcool_1.00,density,train,hann,13,0.43333333333333335,4.615384615384615,7.3709215384615385,0.03166237660110056,0.8051323977576863,0.023019296294800304
Turbulent radiative layer 2D,tcool_1.00,density,train,hann,14,0.4666666666666667,4.285714285714286,6.844427142857143,0.020097296909555338,0.8252296946672417,0.02081731654259125
Turbulent radiative layer 2D,tcool_1.00,density,train,hann,15,0.5,4.0,6.388132,0.016910654752475253,0.8421403494197169,0.018981472989690933
Turbulent radiative layer 2D,tcool_1.00,density,train,hann,16,0.5333333333333333,3.75,5.98887375,0.018856185188344705,0.8609965346080617,0.017443188058768166
Turbulent radiative layer 2D,tcool_1.00,density,train,hann,17,0.5666666666666667,3.5294117647058822,5.63658705882353,0.023892256388922926,0.8848887909969846,0.01614880509538433
Turbulent radiative layer 2D,tcool_1.00,density,train,hann,18,0.6,3.3333333333333335,5.3234433333333335,0.018386441974695897,0.9032752329716806,0.01505616967167568
Turbulent radiative layer 2D,tcool_1.00,density,train,hann,19,0.6333333333333333,3.1578947368421053,5.043262105263158,0.00966772182208994,0.9129429547937704,0.014132010466949785
Turbulent radiative layer 2D,tcool_1.00,density,train,hann,20,0.6666666666666666,3.0,4.791099,0.010878502428042629,0.9238214572218131,0.013349948731313935
Turbulent radiative layer 2D,tcool_1.00,density,train,hann,21,0.7,2.857142857142857,4.562951428571428,0.009396090797655673,0.9332175480194688,0.012688989542403136
Turbulent radiative layer 2D,tcool_1.00,density,train,hann,22,0.7333333333333333,2.727272727272727,4.355544545454546,0.006460365846490517,0.9396779138659592,0.012132378044267797
Turbulent radiative layer 2D,tcool_1.00,density,train,hann,23,0.7666666666666667,2.608695652173913,4.166173043478261,0.007322638397097401,0.9470005522630567,0.011666731128289419
Turbulent radiative layer 2D,tcool_1.00,density,train,hann,24,0.8,2.5,3.9925824999999997,0.007790305883333884,0.9547908581463906,0.01128137726176043
Turbulent radiative layer 2D,tcool_1.00,density,train,hann,25,0.8333333333333334,2.4,3.8328792,0.007242040067292687,0.9620328982136833,0.010967854432066458
Turbulent radiative layer 2D,tcool_1.00,density,train,hann,26,0.8666666666666667,2.3076923076923075,3.6854607692307693,0.007169975998319005,0.9692028742120024,0.010719529250666313
Turbulent radiative layer 2D,tcool_1.00,density,train,hann,27,0.9,2.2222222222222223,3.548962222222222,0.00904897191799043,0.9782518461299928,0.010531310069240171
Turbulent radiative layer 2D,tcool_1.00,density,train,hann,28,0.9333333333333333,2.142857142857143,3.4222135714285713,0.008815992018702168,0.987067838148695,0.010399434316489977
Turbulent radiative layer 2D,tcool_1.00,density,train,hann,29,0.9666666666666667,2.0689655172413794,3.3042062068965516,0.008442825890503713,0.9955106640391987,0.010321315828248254
Turbulent radiative layer 2D,tcool_1.00,density,train,hann,30,1.0,2.0,3.194066,0.004489335960801522,1.0000000000000002,0.00514772111464575
Turbulent radiative layer 2D,tcool_1.00,pressure,full,boxcar,1,0.02,101.0,161.300333,0.32542934299236,0.32542934299236,0.10702094206789933
Turbulent radiative layer 2D,tcool_1.00,pressure,full,boxcar,2,0.04,50.5,80.6501665,0.10269472700539978,0.42812406999775976,0.09953601247976829
Turbulent radiative layer 2D,tcool_1.00,pressure,full,boxcar,3,0.06,33.666666666666664,53.76677766666666,0.06598567672881259,0.4941097467265724,0.08916886638569818
Turbulent radiative layer 2D,tcool_1.00,pressure,full,boxcar,4,0.08,25.25,40.32508325,0.023804280163331647,0.517914026889904,0.07785960041021192
Turbulent radiative layer 2D,tcool_1.00,pressure,full,boxcar,5,0.1,20.2,32.2600666,0.05658908240438269,0.5745031092942867,0.06699190353669243
Turbulent radiative layer 2D,tcool_1.00,pressure,full,boxcar,6,0.12,16.833333333333332,26.88338883333333,0.04263518365566229,0.6171382929499489,0.05728278152439047
Turbulent radiative layer 2D,tcool_1.00,pressure,full,boxcar,7,0.14,14.428571428571429,23.042904714285715,0.02002976093948495,0.6371680538894339,0.04896183650487495
Turbulent radiative layer 2D,tcool_1.00,pressure,full,boxcar,8,0.16,12.625,20.162541625,0.01967450350150775,0.6568425573909417,0.04198831129914713
Turbulent radiative layer 2D,tcool_1.00,pressure,full,boxcar,9,0.18,11.222222222222221,17.922259222222223,0.0142718195783095,0.6711143769692511,0.03620515813258842
Turbulent radiative layer 2D,tcool_1.00,pressure,full,boxcar,10,0.2,10.1,16.1300333,0.011206743051622838,0.682321120020874,0.03142478238556025
Turbulent radiative layer 2D,tcool_1.00,pressure,full,boxcar,11,0.22,9.181818181818182,14.663666636363637,0.01791739882300885,0.7002385188438829,0.02746888246250463
Turbulent radiative layer 2D,tcool_1.00,pressure,full,boxcar,12,0.24,8.416666666666666,13.441694416666666,0.02725797284348276,0.7274964916873656,0.02418316565229824
Turbulent radiative layer 2D,tcool_1.00,pressure,full,boxcar,13,0.26,7.769230769230769,12.407717923076923,0.020458122402016703,0.7479546140893822,0.02144007419275075
Turbulent radiative layer 2D,tcool_1.00,pressure,full,boxcar,14,0.28,7.214285714285714,11.521452357142858,0.018096317904983093,0.7660509319943655,0.019136553675038123
Turbulent radiative layer 2D,tcool_1.00,pressure,full,boxcar,15,0.3,6.733333333333333,10.753355533333332,0.012464676466668245,0.7785156084610336,0.017190250537145447
Turbulent radiative layer 2D,tcool_1.00,pressure,full,boxcar,16,0.32,6.3125,10.0812708125,0.01614943110821928,0.7946650395692529,0.015535615162420906
Turbulent radiative layer 2D,tcool_1.00,pressure,full,boxcar,17,0.34,5.9411764705882355,9.48825488235294,0.010707109826135569,0.8053721493953885,0.014120465073228804
Turbulent radiative layer 2D,tcool_1.00,pressure,full,boxcar,18,0.36,5.611111111111111,8.961129611111112,0.012032826281525966,0.8174049756769144,0.012903148830858519
Turbulent radiative layer 2D,tcool_1.00,pressure,full,boxcar,19,0.38,5.315789473684211,8.489491210526316,0.007158682987063237,0.8245636586639777,0.011850282516093076
Turbulent radiative layer 2D,tcool_1.00,pressure,full,boxcar,20,0.4,5.05,8.06501665,0.007484746447484089,0.8320484051114617,0.010934973944129484
Turbulent radiative layer 2D,tcool_1.00,pressure,full,boxcar,21,0.42,4.809523809523809,7.680968238095238,0.007446083554330975,0.8394944886657927,0.010135440934337646
Turbulent radiative layer 2D,tcool_1.00,pressure,full,boxcar,22,0.44,4.590909090909091,7.331833318181818,0.005586604024552593,0.8450810926903453,0.009433939361632318
Turbulent radiative layer 2D,tcool_1.00,pressure,full,boxcar,23,0.46,4.391304347826087,7.013057956521739,0.005081571571443718,0.8501626642617891,0.008815931296497083
Turbulent radiative layer 2D,tcool_1.00,pressure,full,boxcar,24,0.48,4.208333333333333,6.720847208333333,0.006640464936613997,0.8568031291984031,0.008269437958730771
Turbulent radiative layer 2D,tcool_1.00,pressure,full,boxcar,25,0.5,4.04,6.45201332,0.006942275134434995,0.8637454043328381,0.007784534607481443
Turbulent radiative layer 2D,tcool_1.00,pressure,full,boxcar,26,0.52,3.8846153846153846,6.203858961538462,0.006435645893020277,0.8701810502258583,0.007352954493144409
Turbulent radiative layer 2D,tcool_1.00,pressure,full,boxcar,27,0.54,3.740740740740741,5.974086407407407,0.007445296993752567,0.877626347219611,0.006967776805037249
Turbulent radiative layer 2D,tcool_1.00,pressure,full,boxcar,28,0.56,3.607142857142857,5.760726178571429,0.007295094671700131,0.8849214418913111,0.006623179535533508
Turbulent radiative layer 2D,tcool_1.00,pressure,full,boxcar,29,0.58,3.4827586206896552,5.562080448275862,0.0067403677949818604,0.8916618096862928,0.006314242728150814
Turbulent radiative layer 2D,tcool_1.00,pressure,full,boxcar,30,0.6,3.3666666666666667,5.376677766666666,0.00622744052604328,0.8978892502123361,0.006036791015166285
Turbulent radiative layer 2D,tcool_1.00,pressure,full,boxcar,31,0.62,3.2580645161290325,5.203236548387097,0.005645688248174248,0.9035349384605104,0.005787266947001862
Turbulent radiative layer 2D,tcool_1.00,pressure,full,boxcar,32,0.64,3.15625,5.04063540625,0.0060053787752091465,0.9095403172357195,0.005562628578638102
Turbulent radiative layer 2D,tcool_1.00,pressure,full,boxcar,33,0.66,3.0606060606060606,4.887888878787878,0.006936958134430754,0.9164772753701501,0.0053602662657738194
Turbulent radiative layer 2D,tcool_1.00,pressure,full,boxcar,34,0.68,2.9705882352941178,4.74412744117647,0.006709798864653135,0.9231870742348032,0.0051779347542584555
Turbulent radiative layer 2D,tcool_1.00,pressure,full,boxcar,35,0.7,2.8857142857142857,4.6085809428571425,0.0057722458832807425,0.928959320118084,0.005013697509370526
Turbulent radiative layer 2D,tcool_1.00,pressure,full,boxcar,36,0.72,2.8055555555555554,4.480564805555556,0.005648655398338067,0.9346079755164219,0.004865880893071662
Turbulent radiative layer 2D,tcool_1.00,pressure,full,boxcar,37,0.74,2.72972972972973,4.3594684594594595,0.005411226964813469,0.9400192024812355,0.004733036306831318
Turbulent radiative layer 2D,tcool_1.00,pressure,full,boxcar,38,0.76,2.6578947368421053,4.244745605263158,0.004717350535122731,0.9447365530163582,0.0046139088118645364
Turbulent radiative layer 2D,tcool_1.00,pressure,full,boxcar,39,0.78,2.58974358974359,4.135905974358974,0.005850801891280789,0.9505873549076389,0.004507411045242869
Turbulent radiative layer 2D,tcool_1.00,pressure,full,boxcar,40,0.8,2.525,4.032508325,0.006083056913735391,0.9566704118213742,0.004412601490036192
Turbulent radiative layer 2D,tcool_1.00,pressure,full,boxcar,41,0.82,2.4634146341463414,3.934154463414634,0.00534255754608858,0.9620129693674628,0.0043286663460253075
Turbulent radiative layer 2D,tcool_1.00,pressure,full,boxcar,42,0.84,2.4047619047619047,3.840484119047619,0.00357734845020955,0.9655903178176722,0.004254904396400664
Turbulent radiative layer 2D,tcool_1.00,pressure,full,boxcar,43,0.86,2.3488372093023258,3.751170534883721,0.003627341649751357,0.9692176594674237,0.004190714384208662
Turbulent radiative layer 2D,tcool_1.00,pressure,full,boxcar,44,0.88,2.2954545454545454,3.665916659090909,0.0035494470075934327,0.9727671064750171,0.004135584506984213
Turbulent radiative layer 2D,tcool_1.00,pressure,full,boxcar,45,0.9,2.2444444444444445,3.584451844444444,0.004875357190914488,0.9776424636659315,0.004089083714287795
Turbulent radiative layer 2D,tcool_1.00,pressure,full,boxcar,46,0.92,2.1956521739130435,3.5065289782608695,0.004840773505776998,0.9824832371717086,0.004050854554823448
Turbulent radiative layer 2D,tcool_1.00,pressure,full,boxcar,47,0.94,2.148936170212766,3.431921978723404,0.004578196169424995,0.9870614333411335,0.004020607370625833
Turbulent radiative layer 2D,tcool_1.00,pressure,full,boxcar,48,0.96,2.1041666666666665,3.3604236041666664,0.0038431108628173864,0.9909045442039509,0.003998115677964516
Turbulent radiative layer 2D,tcool_1.00,pressure,full,boxcar,49,0.98,2.061224489795918,3.291843530612245,0.004995189257316781,0.9958997334612677,0.003983212610103935
Turbulent radiative layer 2D,tcool_1.00,pressure,full,boxcar,50,1.0,2.02,3.22600666,0.00410026653873173,0.9999999999999996,0.003975788327475489
Turbulent radiative layer 2D,tcool_1.00,pressure,full,hann,1,0.02,101.0,161.300333,0.27563877398197933,0.27563877398197933,0.12536253302500178
Turbulent radiative layer 2D,tcool_1.00,pressure,full,hann,2,0.04,50.5,80.6501665,0.09511640177220368,0.37075517575418304,0.11362784359790451
Turbulent radiative layer 2D,tcool_1.00,pressure,full,hann,3,0.06,33.666666666666664,53.76677766666666,0.06158599706425079,0.43234117281843387,0.09832735737577278
Turbulent radiative layer 2D,tcool_1.00,pressure,full,hann,4,0.08,25.25,40.32508325,0.06658406887087888,0.4989252416893128,0.08278203198060093
Turbulent radiative layer 2D,tcool_1.00,pressure,full,hann,5,0.1,20.2,32.2600666,0.046697250078188014,0.5456224917675008,0.06885776351222235
Turbulent radiative layer 2D,tcool_1.00,pressure,full,hann,6,0.12,16.833333333333332,26.88338883333333,0.025092074705438446,0.5707145664729393,0.057178854587255995
Turbulent radiative layer 2D,tcool_1.00,pressure,full,hann,7,0.14,14.428571428571429,23.042904714285715,0.054256451393524925,0.6249710178664643,0.04769327600746488
Turbulent radiative layer 2D,tcool_1.00,pressure,full,hann,8,0.16,12.625,20.162541625,0.022037750755528076,0.6470087686219923,0.040089424765732525
Turbulent radiative layer 2D,tcool_1.00,pressure,full,hann,9,0.18,11.222222222222221,17.922259222222223,0.004896295529459924,0.6519050641514522,0.03400857275935292
Turbulent radiative layer 2D,tcool_1.00,pressure,full,hann,10,0.2,10.1,16.1300333,0.01563561717555811,0.6675406813270103,0.02912869342828738
Turbulent radiative layer 2D,tcool_1.00,pressure,full,hann,11,0.22,9.181818181818182,14.663666636363637,0.03840987229084493,0.7059505536178552,0.025186788140138253
Turbulent radiative layer 2D,tcool_1.00,pressure,full,hann,12,0.24,8.416666666666666,13.441694416666666,0.050883487989185454,0.7568340416070407,0.021976863394084264
Turbulent radiative layer 2D,tcool_1.00,pressure,full,hann,13,0.26,7.769230769230769,12.407717923076923,0.0263023415280876,0.7831363831351282,0.01934045003958373
Turbulent radiative layer 2D,tcool_1.00,pressure,full,hann,14,0.28,7.214285714285714,11.521452357142858,0.01423163467154836,0.7973680178066767,0.017156343822179825
Turbulent radiative layer 2D,tcool_1.00,pressure,full,hann,15,0.3,6.733333333333333,10.753355533333332,0.00607223961965847,0.8034402574263352,0.01533176808152797
Turbulent radiative layer 2D,tcool_1.00,pressure,full,hann,16,0.32,6.3125,10.0812708125,0.014076240895529649,0.8175164983218648,0.013795389585231932
Turbulent radiative layer 2D,tcool_1.00,pressure,full,hann,17,0.34,5.9411764705882355,9.48825488235294,0.014702145559606068,0.8322186438814708,0.012492007850009338
Turbulent radiative layer 2D,tcool_1.00,pressure,full,hann,18,0.36,5.611111111111111,8.961129611111112,0.015913762785492537,0.8481324066669634,0.011378586281601077
Turbulent radiative layer 2D,tcool_1.00,pressure,full,hann,19,0.38,5.315789473684211,8.489491210526316,0.007946430138313008,0.8560788368052764,0.010421304935089172
Turbulent radiative layer 2D,tcool_1.00,pressure,full,hann,20,0.4,5.05,8.06501665,0.005612262180548767,0.8616910989858252,0.009593372582448897
Turbulent radiative layer 2D,tcool_1.00,pressure,full,hann,21,0.42,4.809523809523809,7.680968238095238,0.004597828429393596,0.8662889274152187,0.008873397274699534
Turbulent radiative layer 2D,tcool_1.00,pressure,full,hann,22,0.44,4.590909090909091,7.331833318181818,0.004533960642076504,0.8708228880572951,0.008244166484109253
Turbulent radiative layer 2D,tcool_1.00,pressure,full,hann,23,0.46,4.391304347826087,7.013057956521739,0.004108709638254787,0.87493159769555,0.00769172802716914
Turbulent radiative layer 2D,tcool_1.00,pressure,full,hann,24,0.48,4.208333333333333,6.720847208333333,0.007547447180382837,0.8824790448759328,0.007204692737687009
Turbulent radiative layer 2D,tcool_1.00,pressure,full,hann,25,0.5,4.04,6.45201332,0.006255559098953622,0.8887346039748865,0.006773701517256868
Turbulent radiative layer 2D,tcool_1.00,pressure,full,hann,26,0.52,3.8846153846153846,6.203858961538462,0.004676930338291353,0.8934115343131779,0.006391015008305374
Turbulent radiative layer 2D,tcool_1.00,pressure,full,hann,27,0.54,3.740740740740741,5.974086407407407,0.004987427006131812,0.8983989613193096,0.006050195367321233
Turbulent radiative layer 2D,tcool_1.00,pressure,full,hann,28,0.56,3.607142857142857,5.760726178571429,0.0046995227985714505,0.9030984841178811,0.005745857702590406
Turbulent radiative layer 2D,tcool_1.00,pressure,full,hann,29,0.58,3.4827586206896552,5.562080448275862,0.005260158001719184,0.9083586421196003,0.005473474582104855
Turbulent radiative layer 2D,tcool_1.00,pressure,full,hann,30,0.6,3.3666666666666667,5.376677766666666,0.008501963828524663,0.916860605948125,0.0052292212567711825
Turbulent radiative layer 2D,tcool_1.00,pressure,full,hann,31,0.62,3.2580645161290325,5.203236548387097,0.006152725231166814,0.9230133311792917,0.005009852338219102
Turbulent radiative layer 2D,tcool_1.00,pressure,full,hann,32,0.64,3.15625,5.04063540625,0.0037779889856697315,0.9267913201649616,0.00481260294268796
Turbulent radiative layer 2D,tcool_1.00,pressure,full,hann,33,0.66,3.0606060606060606,4.887888878787878,0.005637461793070771,0.9324287819580322,0.00463510899177355
Turbulent radiative layer 2D,tcool_1.00,pressure,full,hann,34,0.68,2.9705882352941178,4.74412744117647,0.007092071700170111,0.9395208536582024,0.004475342610109656
Turbulent radiative layer 2D,tcool_1.00,pressure,full,hann,35,0.7,2.8857142857142857,4.6085809428571425,0.003393863594406288,0.9429147172526086,0.004331559495595659
Turbulent radiative layer 2D,tcool_1.00,pressure,full,hann,36,0.72,2.8055555555555554,4.480564805555556,0.004797617621574994,0.9477123348741836,0.00420225584297219
Turbulent radiative layer 2D,tcool_1.00,pressure,full,hann,37,0.74,2.72972972972973,4.3594684594594595,0.0070002118428285605,0.954712546717012,0.004086132936568408
Turbulent radiative layer 2D,tcool_1.00,pressure,full,hann,38,0.76,2.6578947368421053,4.244745605263158,0.004510553844336792,0.9592231005613489,0.003982067936570468
Turbulent radiative layer 2D,tcool_1.00,pressure,full,hann,39,0.78,2.58974358974359,4.135905974358974,0.004162279547143981,0.963385380108493,0.003889089697080855
Turbulent radiative layer 2D,tcool_1.00,pressure,full,hann,40,0.8,2.525,4.032508325,0.004769777628444485,0.9681551577369375,0.0038063586969822216
Turbulent radiative layer 2D,tcool_1.00,pressure,full,hann,41,0.82,2.4634146341463414,3.934154463414634,0.005038800538568746,0.9731939582755063,0.003733150353509452
Turbulent radiative layer 2D,tcool_1.00,pressure,full,hann,42,0.84,2.4047619047619047,3.840484119047619,0.002790914630614559,0.9759848729061208,0.003668841136357859
Turbulent radiative layer 2D,tcool_1.00,pressure,full,hann,43,0.86,2.3488372093023258,3.751170534883721,0.0021089509847507064,0.9780938238908716,0.0036128970167629915
Turbulent radiative layer 2D,tcool_1.00,pressure,full,hann,44,0.88,2.2954545454545454,3.665916659090909,0.0021891341145044664,0.9802829580053761,0.0035648638785513186
Turbulent radiative layer 2D,tcool_1.00,pressure,full,hann,45,0.9,2.2444444444444445,3.584451844444444,0.003138526742204909,0.9834214847475811,0.003524359592198788
Turbulent radiative layer 2D,tcool_1.00,pressure,full,hann,46,0.92,2.1956521739130435,3.5065289782608695,0.003468910834648495,0.9868903955822296,0.003491067512663998
Turbulent radiative layer 2D,tcool_1.00,pressure,full,hann,47,0.94,2.148936170212766,3.431921978723404,0.004388940275861717,0.9912793358580912,0.0034647312104340564
Turbulent radiative layer 2D,tcool_1.00,pressure,full,hann,48,0.96,2.1041666666666665,3.3604236041666664,0.002662884647009964,0.9939422205051012,0.0034451502853626854
Turbulent radiative layer 2D,tcool_1.00,pressure,full,hann,49,0.98,2.061224489795918,3.291843530612245,0.0029934395468785373,0.9969356600519798,0.003432177146481097
Turbulent radiative layer 2D,tcool_1.00,pressure,full,hann,50,1.0,2.02,3.22600666,0.0030643399480204964,1.0000000000000004,0.003425714669612245
Turbulent radiative layer 2D,tcool_1.00,pressure,train,boxcar,1,0.03333333333333333,60.0,95.82198,0.19696449014527442,0.19696449014527442,0.12004505705595295
Turbulent radiative layer 2D,tcool_1.00,pressure,train,boxcar,2,0.06666666666666667,30.0,47.91099,0.11668990930810515,0.3136543994533796,0.1102217132306494
Turbulent radiative layer 2D,tcool_1.00,pressure,train,boxcar,3,0.1,20.0,31.940659999999998,0.15176296014443527,0.4654173595978149,0.09707849052979095
Turbulent radiative layer 2D,tcool_1.00,pressure,train,boxcar,4,0.13333333333333333,15.0,23.955495,0.05085498008148412,0.516272339679299,0.08332146513945776
Turbulent radiative layer 2D,tcool_1.00,pressure,train,boxcar,5,0.16666666666666666,12.0,19.164396,0.056278738850984694,0.5725510785302838,0.07063999046022315
Turbulent radiative layer 2D,tcool_1.00,pressure,train,boxcar,6,0.2,10.0,15.970329999999999,0.044848601392716764,0.6173996799230005,0.059733334378760584
Turbulent radiative layer 2D,tcool_1.00,pressure,train,boxcar,7,0.23333333333333334,8.571428571428571,13.688854285714285,0.033281838929033164,0.6506815188520336,0.05069004014552584
Turbulent radiative layer 2D,tcool_1.00,pressure,train,boxcar,8,0.26666666666666666,7.5,11.9777475,0.026523343350218713,0.6772048622022524,0.043320845532285004
Turbulent radiative layer 2D,tcool_1.00,pressure,train,boxcar,9,0.3,6.666666666666667,10.646886666666667,0.025534236504253162,0.7027390987065055,0.03735272869687109
Turbulent radiative layer 2D,tcool_1.00,pressure,train,boxcar,10,0.3333333333333333,6.0,9.582198,0.020777510836045905,0.7235166095425515,0.03251818492879897
Turbulent radiative layer 2D,tcool_1.00,pressure,train,boxcar,11,0.36666666666666664,5.454545454545454,8.711089090909091,0.018682579598401694,0.7421991891409532,0.02858725660765427
Turbulent radiative layer 2D,tcool_1.00,pressure,train,boxcar,12,0.4,5.0,7.985164999999999,0.015544141691566114,0.7577433308325192,0.025373453518950588
Turbulent radiative layer 2D,tcool_1.00,pressure,train,boxcar,13,0.43333333333333335,4.615384615384615,7.3709215384615385,0.015054583990410755,0.77279791482293,0.02272963693272085
Turbulent radiative layer 2D,tcool_1.00,pressure,train,boxcar,14,0.4666666666666667,4.285714285714286,6.844427142857143,0.01565246095344495,0.788450375776375,0.020541110443851915
Turbulent radiative layer 2D,tcool_1.00,pressure,train,boxcar,15,0.5,4.0,6.388132,0.02044768185575151,0.8088980576321264,0.01871880218724348
Turbulent radiative layer 2D,tcool_1.00,pressure,train,boxcar,16,0.5333333333333333,3.75,5.98887375,0.02040379892813618,0.8293018565602626,0.01719347959517791
Turbulent radiative layer 2D,tcool_1.00,pressure,train,boxcar,17,0.5666666666666667,3.5294117647058822,5.63658705882353,0.016656892345504697,0.8459587489057673,0.015911147067699506
Turbulent radiative layer 2D,tcool_1.00,pressure,train,boxcar,18,0.6,3.3333333333333335,5.3234433333333335,0.01370235807620129,0.8596611069819686,0.014829496139191631
Turbulent radiative layer 2D,tcool_1.00,pressure,train,boxcar,19,0.6333333333333333,3.1578947368421053,5.043262105263158,0.014014980365387826,0.8736760873473565,0.013915207577988047
Turbulent radiative layer 2D,tcool_1.00,pressure,train,boxcar,20,0.6666666666666666,3.0,4.791099,0.014576822021248529,0.888252909368605,0.013141913571596924
Turbulent radiative layer 2D,tcool_1.00,pressure,train,boxcar,21,0.7,2.857142857142857,4.562951428571428,0.014285046750269315,0.9025379561188742,0.012488660682650369
Turbulent radiative layer 2D,tcool_1.00,pressure,train,boxcar,22,0.7333333333333333,2.727272727272727,4.355544545454546,0.012758560421214898,0.9152965165400891,0.011938749242063918
Turbulent radiative layer 2D,tcool_1.00,pressure,train,boxcar,23,0.7666666666666667,2.608695652173913,4.166173043478261,0.013178016275747753,0.9284745328158368,0.011478855107417156
Turbulent radiative layer 2D,tcool_1.00,pressure,train,boxcar,24,0.8,2.5,3.9925824999999997,0.011003755919681337,0.9394782887355182,0.01109836374987179
Turbulent radiative layer 2D,tcool_1.00,pressure,train,boxcar,25,0.8333333333333334,2.4,3.8328792,0.011052182999717131,0.9505304717352353,0.010788864970139709
Turbulent radiative layer 2D,tcool_1.00,pressure,train,boxcar,26,0.8666666666666667,2.3076923076923075,3.6854607692307693,0.010685216521394082,0.9612156882566294,0.010543770269379204
Turbulent radiative layer 2D,tcool_1.00,pressure,train,boxcar,27,0.9,2.2222222222222223,3.548962222222222,0.010313895576841016,0.9715295838334704,0.010358025103450647
Turbulent radiative layer 2D,tcool_1.00,pressure,train,boxcar,28,0.9333333333333333,2.142857142857143,3.4222135714285713,0.011282757236735995,0.9828123410702064,0.010227895846273058
Turbulent radiative layer 2D,tcool_1.00,pressure,train,boxcar,29,0.9666666666666667,2.0689655172413794,3.3042062068965516,0.011429450277560113,0.9942417913477666,0.010150817000856365
Turbulent radiative layer 2D,tcool_1.00,pressure,train,boxcar,30,1.0,2.0,3.194066,0.005758208652233384,0.9999999999999999,0.00506264428750696
Turbulent radiative layer 2D,tcool_1.00,pressure,train,hann,1,0.03333333333333333,60.0,95.82198,0.2620813458604042,0.2620813458604042,0.17428456501385375
Turbulent radiative layer 2D,tcool_1.00,pressure,train,hann,2,0.06666666666666667,30.0,47.91099,0.12362939988172744,0.38571074574213166,0.1461460946836376
Turbulent radiative layer 2D,tcool_1.00,pressure,train,hann,3,0.1,20.0,31.940659999999998,0.14391794669921776,0.5296286924413495,0.11533727651610394
Turbulent radiative layer 2D,tcool_1.00,pressure,train,hann,4,0.13333333333333333,15.0,23.955495,0.09781319256714642,0.6274418850084958,0.08927786743791509
Turbulent radiative layer 2D,tcool_1.00,pressure,train,hann,5,0.16666666666666666,12.0,19.164396,0.03577030526612221,0.6632121902746181,0.06941059519972166
Turbulent radiative layer 2D,tcool_1.00,pressure,train,hann,6,0.2,10.0,15.970329999999999,0.022988907866199844,0.6862010981408179,0.0547848790114953
Turbulent radiative layer 2D,tcool_1.00,pressure,train,hann,7,0.23333333333333334,8.571428571428571,13.688854285714285,0.02169258202584324,0.7078936801666611,0.04405788461735397
Turbulent radiative layer 2D,tcool_1.00,pressure,train,hann,8,0.26666666666666666,7.5,11.9777475,0.023744910167718652,0.7316385903343798,0.036112902253768
Turbulent radiative layer 2D,tcool_1.00,pressure,train,hann,9,0.3,6.666666666666667,10.646886666666667,0.02993430407646236,0.7615728944108422,0.03013948656474883
Turbulent radiative layer 2D,tcool_1.00,pressure,train,hann,10,0.3333333333333333,6.0,9.582198,0.022281345538235072,0.7838542399490772,0.025574350140111588
Turbulent radiative layer 2D,tcool_1.00,pressure,train,hann,11,0.36666666666666664,5.454545454545454,8.711089090909091,0.013225503323160246,0.7970797432722375,0.022029400491156086
Turbulent radiative layer 2D,tcool_1.00,pressure,train,hann,12,0.4,5.0,7.985164999999999,0.010677730085749093,0.8077574733579866,0.019235674898588448
Turbulent radiative layer 2D,tcool_1.00,pressure,train,hann,13,0.43333333333333335,4.615384615384615,7.3709215384615385,0.009982466661082899,0.8177399400190695,0.017004484742966897
Turbulent radiative layer 2D,tcool_1.00,pressure,train,hann,14,0.4666666666666667,4.285714285714286,6.844427142857143,0.013528839131968874,0.8312687791510384,0.0152015011218662
Turbulent radiative layer 2D,tcool_1.00,pressure,train,hann,15,0.5,4.0,6.388132,0.019597723085944402,0.8508665022369828,0.013729624389380472
Turbulent radiative layer 2D,tcool_1.00,pressure,train,hann,16,0.5333333333333333,3.75,5.98887375,0.018962457280191653,0.8698289595171744,0.01251761355024369
Turbulent radiative layer 2D,tcool_1.00,pressure,train,hann,17,0.5666666666666667,3.5294117647058822,5.63658705882353,0.01590834121222326,0.8857373007293977,0.011512461933278414
Turbulent radiative layer 2D,tcool_1.00,pressure,train,hann,18,0.6,3.3333333333333335,5.3234433333333335,0.012014024897776459,0.8977513256271741,0.010674218829970238
Turbulent radiative layer 2D,tcool_1.00,pressure,train,hann,19,0.6333333333333333,3.1578947368421053,5.043262105263158,0.01107794825621783,0.908829273883392,0.009972423528876641
Turbulent radiative layer 2D,tcool_1.00,pressure,train,hann,20,0.6666666666666666,3.0,4.791099,0.012750495858804984,0.9215797697421969,0.00938361552408515
Turbulent radiative layer 2D,tcool_1.00,pressure,train,hann,21,0.7,2.857142857142857,4.562951428571428,0.01264394789045691,0.9342237176326538,0.008889572916111624
Turbulent radiative layer 2D,tcool_1.00,pressure,train,hann,22,0.7333333333333333,2.727272727272727,4.355544545454546,0.011726147581804493,0.9459498652144582,0.008476050616521522
Turbulent radiative layer 2D,tcool_1.00,pressure,train,hann,23,0.7666666666666667,2.608695652173913,4.166173043478261,0.009439751008922475,0.9553896162233807,0.00813186660559853
Turbulent radiative layer 2D,tcool_1.00,pressure,train,hann,24,0.8,2.5,3.9925824999999997,0.008212889953151508,0.9636025061765322,0.007848234163789856
Turbulent radiative layer 2D,tcool_1.00,pressure,train,hann,25,0.8333333333333334,2.4,3.8328792,0.00952711212477987,0.973129618301312,0.007618270608738337
Turbulent radiative layer 2D,tcool_1.00,pressure,train,hann,26,0.8666666666666667,2.3076923076923075,3.6854607692307693,0.006972554713597726,0.9801021730149098,0.007436634781891817
Turbulent radiative layer 2D,tcool_1.00,pressure,train,hann,27,0.9,2.2222222222222223,3.548962222222222,0.006002700805985014,0.9861048738208947,0.007299260206572128
Turbulent radiative layer 2D,tcool_1.00,pressure,train,hann,28,0.9333333333333333,2.142857142857143,3.4222135714285713,0.00654672893173139,0.9926516027526261,0.007203160934924643
Turbulent radiative layer 2D,tcool_1.00,pressure,train,hann,29,0.9666666666666667,2.0689655172413794,3.3042062068965516,0.0050336094474701595,0.9976852122000962,0.007146294192332831
Turbulent radiative layer 2D,tcool_1.00,pressure,train,hann,30,1.0,2.0,3.194066,0.002314787799903653,0.9999999999999998,0.0035637345243968725
Turbulent radiative layer 2D,tcool_1.78,density,full,boxcar,1,0.02,101.0,161.300333,0.07549758414162551,0.07549758414162551,0.08450757475466192
Turbulent radiative layer 2D,tcool_1.78,density,full,boxcar,2,0.04,50.5,80.6501665,0.027010337197775007,0.10250792133940052,0.0807576541551774
Turbulent radiative layer 2D,tcool_1.78,density,full,boxcar,3,0.06,33.666666666666664,53.76677766666666,0.026566109520397924,0.12907403085979846,0.07520976602677525
Turbulent radiative layer 2D,tcool_1.78,density,full,boxcar,4,0.08,25.25,40.32508325,0.020719976595873796,0.14979400745567223,0.06863427322616542
Turbulent radiative layer 2D,tcool_1.78,density,full,boxcar,5,0.1,20.2,32.2600666,0.07881235784797741,0.22860636530364967,0.06173105226733911
Turbulent radiative layer 2D,tcool_1.78,density,full,boxcar,6,0.12,16.833333333333332,26.88338883333333,0.07968322873230241,0.3082895940359521,0.05501212870468426
Turbulent radiative layer 2D,tcool_1.78,density,full,boxcar,7,0.14,14.428571428571429,23.042904714285715,0.1743882453287749,0.4826778393647269,0.04878561285533044
Turbulent radiative layer 2D,tcool_1.78,density,full,boxcar,8,0.16,12.625,20.162541625,0.04304108851865238,0.5257189278833793,0.043195728049613205
Turbulent radiative layer 2D,tcool_1.78,density,full,boxcar,9,0.18,11.222222222222221,17.922259222222223,0.015869764073773295,0.5415886919571526,0.03827704271276333
Turbulent radiative layer 2D,tcool_1.78,density,full,boxcar,10,0.2,10.1,16.1300333,0.020411031743962076,0.5619997237011147,0.034000900585534836
Turbulent radiative layer 2D,tcool_1.78,density,full,boxcar,11,0.22,9.181818181818182,14.663666636363637,0.04252018760878184,0.6045199113098966,0.030307877689604256
Turbulent radiative layer 2D,tcool_1.78,density,full,boxcar,12,0.24,8.416666666666666,13.441694416666666,0.026407240578679308,0.630927151888576,0.027127718817639666
Turbulent radiative layer 2D,tcool_1.78,density,full,boxcar,13,0.26,7.769230769230769,12.407717923076923,0.01902637986515545,0.6499535317537314,0.024390333719062046
Turbulent radiative layer 2D,tcool_1.78,density,full,boxcar,14,0.28,7.214285714285714,11.521452357142858,0.04027430613134727,0.6902278378850787,0.02203115368863809
Turbulent radiative layer 2D,tcool_1.78,density,full,boxcar,15,0.3,6.733333333333333,10.753355533333332,0.021887469100721764,0.7121153069858004,0.019993226333858027
Turbulent radiative layer 2D,tcool_1.78,density,full,boxcar,16,0.32,6.3125,10.0812708125,0.016825499033348276,0.7289408060191487,0.018227565729724608
Turbulent radiative layer 2D,tcool_1.78,density,full,boxcar,17,0.34,5.9411764705882355,9.48825488235294,0.02553567768608121,0.7544764837052298,0.01669265485873712
Turbulent radiative layer 2D,tcool_1.78,density,full,boxcar,18,0.36,5.611111111111111,8.961129611111112,0.02330034581526583,0.7777768295204956,0.015353599991656294
Turbulent radiative layer 2D,tcool_1.78,density,full,boxcar,19,0.38,5.315789473684211,8.489491210526316,0.013734578369647856,0.7915114078901435,0.01418119938940488
Turbulent radiative layer 2D,tcool_1.78,density,full,boxcar,20,0.4,5.05,8.06501665,0.023242735761933666,0.8147541436520771,0.013151053776457219
Turbulent radiative layer 2D,tcool_1.78,density,full,boxcar,21,0.42,4.809523809523809,7.680968238095238,0.015706823762727123,0.8304609674148042,0.012242772503454341
Turbulent radiative layer 2D,tcool_1.78,density,full,boxcar,22,0.44,4.590909090909091,7.331833318181818,0.010624123720056574,0.8410850911348607,0.011439291081199888
Turbulent radiative layer 2D,tcool_1.78,density,full,boxcar,23,0.46,4.391304347826087,7.013057956521739,0.012055010391232919,0.8531401015260937,0.010726297158089287
Turbulent radiative layer 2D,tcool_1.78,density,full,boxcar,24,0.48,4.208333333333333,6.720847208333333,0.008876233616024468,0.8620163351421181,0.01009175396798646
Turbulent radiative layer 2D,tcool_1.78,density,full,boxcar,25,0.5,4.04,6.45201332,0.008798375290963069,0.8708147104330811,0.009525507699942818
Turbulent radiative layer 2D,tcool_1.78,density,full,boxcar,26,0.52,3.8846153846153846,6.203858961538462,0.01132601813605983,0.8821407285691409,0.009018965337330117
Turbulent radiative layer 2D,tcool_1.78,density,full,boxcar,27,0.54,3.740740740740741,5.974086407407407,0.0075859920865983576,0.8897267206557394,0.008564830785276215
Turbulent radiative layer 2D,tcool_1.78,density,full,boxcar,28,0.56,3.607142857142857,5.760726178571429,0.008149843696068968,0.8978765643518084,0.008156888777797227
Turbulent radiative layer 2D,tcool_1.78,density,full,boxcar,29,0.58,3.4827586206896552,5.562080448275862,0.009268292608229464,0.9071448569600379,0.007789827749902238
Turbulent radiative layer 2D,tcool_1.78,density,full,boxcar,30,0.6,3.3666666666666667,5.376677766666666,0.0081350075090142,0.915279864469052,0.007459094405709725
Turbulent radiative layer 2D,tcool_1.78,density,full,boxcar,31,0.62,3.2580645161290325,5.203236548387097,0.005364568414399219,0.9206444328834511,0.007160774050618538
Turbulent radiative layer 2D,tcool_1.78,density,full,boxcar,32,0.64,3.15625,5.04063540625,0.0049496952285500405,0.9255941281120011,0.00689149187687464
Turbulent radiative layer 2D,tcool_1.78,density,full,boxcar,33,0.66,3.0606060606060606,4.887888878787878,0.005683604054209583,0.9312777321662107,0.00664833131479037
Turbulent radiative layer 2D,tcool_1.78,density,full,boxcar,34,0.68,2.9705882352941178,4.74412744117647,0.005399047088273838,0.9366767792544846,0.006428766312735114
Turbulent radiative layer 2D,tcool_1.78,density,full,boxcar,35,0.7,2.8857142857142857,4.6085809428571425,0.004565476292406877,0.9412422555468914,0.0062306050155922004
Turbulent radiative layer 2D,tcool_1.78,density,full,boxcar,36,0.72,2.8055555555555554,4.480564805555556,0.005326909970463282,0.9465691655173546,0.006051942799413565
Turbulent radiative layer 2D,tcool_1.78,density,full,boxcar,37,0.74,2.72972972972973,4.3594684594594595,0.0044892191282869245,0.9510583846456416,0.005891123011904951
Turbulent radiative layer 2D,tcool_1.78,density,full,boxcar,38,0.76,2.6578947368421053,4.244745605263158,0.003650420895405161,0.9547088055410468,0.005746704082945199
Turbulent radiative layer 2D,tcool_1.78,density,full,boxcar,39,0.78,2.58974358974359,4.135905974358974,0.003925286713641098,0.9586340922546878,0.005617431922024272
Turbulent radiative layer 2D,tcool_1.78,density,full,boxcar,40,0.8,2.525,4.032508325,0.004376208650325144,0.9630103009050129,0.005502216722781809
Turbulent radiative layer 2D,tcool_1.78,density,full,boxcar,41,0.82,2.4634146341463414,3.934154463414634,0.00424715625820735,0.9672574571632204,0.005400113458782894
Turbulent radiative layer 2D,tcool_1.78,density,full,boxcar,42,0.84,2.4047619047619047,3.840484119047619,0.003663051925646957,0.9709205090888674,0.005310305487302152
Turbulent radiative layer 2D,tcool_1.78,density,full,boxcar,43,0.86,2.3488372093023258,3.751170534883721,0.0035880191147666745,0.974508528203634,0.005232090785593354
Turbulent radiative layer 2D,tcool_1.78,density,full,boxcar,44,0.88,2.2954545454545454,3.665916659090909,0.004137949406703552,0.9786464776103376,0.005164870431988931
Turbulent radiative layer 2D,tcool_1.78,density,full,boxcar,45,0.9,2.2444444444444445,3.584451844444444,0.0033011139795007414,0.9819475915898384,0.005108139016259004
Turbulent radiative layer 2D,tcool_1.78,density,full,boxcar,46,0.92,2.1956521739130435,3.5065289782608695,0.0038564843427321806,0.9858040759325705,0.005061476723204576
Turbulent radiative layer 2D,tcool_1.78,density,full,boxcar,47,0.94,2.148936170212766,3.431921978723404,0.0032268652750130065,0.9890309412075834,0.005024542883065891
Turbulent radiative layer 2D,tcool_1.78,density,full,boxcar,48,0.96,2.1041666666666665,3.3604236041666664,0.0031050196154565075,0.9921359608230399,0.0049970708240960155
Turbulent radiative layer 2D,tcool_1.78,density,full,boxcar,49,0.98,2.061224489795918,3.291843530612245,0.003978821683048387,0.9961147825060884,0.004978863898293301
Turbulent radiative layer 2D,tcool_1.78,density,full,boxcar,50,1.0,2.02,3.22600666,0.0038852174939112013,0.9999999999999997,0.004969792582217447
Turbulent radiative layer 2D,tcool_1.78,density,full,hann,1,0.02,101.0,161.300333,0.03646983859152186,0.03646983859152186,0.0902693243685395
Turbulent radiative layer 2D,tcool_1.78,density,full,hann,2,0.04,50.5,80.6501665,0.017952742082716844,0.0544225806742387,0.08571009367167051
Turbulent radiative layer 2D,tcool_1.78,density,full,hann,3,0.06,33.666666666666664,53.76677766666666,0.013921731550215794,0.0683443122244545,0.0790711856657738
Turbulent radiative layer 2D,tcool_1.78,density,full,hann,4,0.08,25.25,40.32508325,0.028591876374518585,0.09693618859897309,0.07136253736654195
Turbulent radiative layer 2D,tcool_1.78,density,full,hann,5,0.1,20.2,32.2600666,0.07785957373258243,0.17479576233155553,0.06345048825013119
Turbulent radiative layer 2D,tcool_1.78,density,full,hann,6,0.12,16.833333333333332,26.88338883333333,0.1355664209521674,0.3103621832837229,0.05592163141913164
Turbulent radiative layer 2D,tcool_1.78,density,full,hann,7,0.14,14.428571428571429,23.042904714285715,0.17247145864927857,0.48283364193300143,0.04909110479045845
Turbulent radiative layer 2D,tcool_1.78,density,full,hann,8,0.16,12.625,20.162541625,0.06758659785011716,0.5504202397831186,0.043075490287243536
Turbulent radiative layer 2D,tcool_1.78,density,full,hann,9,0.18,11.222222222222221,17.922259222222223,0.020046133481867037,0.5704663732649856,0.03787094381427042
Turbulent radiative layer 2D,tcool_1.78,density,full,hann,10,0.2,10.1,16.1300333,0.015105727644126758,0.5855721009091124,0.033412211927841086
Turbulent radiative layer 2D,tcool_1.78,density,full,hann,11,0.22,9.181818181818182,14.663666636363637,0.029812165955135746,0.6153842668642481,0.029609844542925826
Turbulent radiative layer 2D,tcool_1.78,density,full,hann,12,0.24,8.416666666666666,13.441694416666666,0.02934042401142196,0.6447246908756701,0.026370805347590575
Turbulent radiative layer 2D,tcool_1.78,density,full,hann,13,0.26,7.769230769230769,12.407717923076923,0.018212397769288267,0.6629370886449584,0.023608490593983823
Turbulent radiative layer 2D,tcool_1.78,density,full,hann,14,0.28,7.214285714285714,11.521452357142858,0.03883648209643579,0.7017735707413941,0.021246694680729795
Turbulent radiative layer 2D,tcool_1.78,density,full,hann,15,0.3,6.733333333333333,10.753355533333332,0.0298645535284019,0.731638124269796,0.019220415033614865
Turbulent radiative layer 2D,tcool_1.78,density,full,hann,16,0.32,6.3125,10.0812708125,0.02039232404048432,0.7520304483102804,0.017475169638444737
Turbulent radiative layer 2D,tcool_1.78,density,full,hann,17,0.34,5.9411764705882355,9.48825488235294,0.021249693815507925,0.7732801421257884,0.01596572945066519
Turbulent radiative layer 2D,tcool_1.78,density,full,hann,18,0.36,5.611111111111111,8.961129611111112,0.014803303280613547,0.7880834454064019,0.01465472035307508
Turbulent radiative layer 2D,tcool_1.78,density,full,hann,19,0.38,5.315789473684211,8.489491210526316,0.012912910840188651,0.8009963562465905,0.013511304200689028
Turbulent radiative layer 2D,tcool_1.78,density,full,hann,20,0.4,5.05,8.06501665,0.022782127488068234,0.8237784837346588,0.012510020681894421
Turbulent radiative layer 2D,tcool_1.78,density,full,hann,21,0.42,4.809523809523809,7.680968238095238,0.02024732592130911,0.8440258096559679,0.011629808667869142
Turbulent radiative layer 2D,tcool_1.78,density,full,hann,22,0.44,4.590909090909091,7.331833318181818,0.01090443168397472,0.8549302413399424,0.010853197064228468
Turbulent radiative layer 2D,tcool_1.78,density,full,hann,23,0.46,4.391304347826087,7.013057956521739,0.009927151229310273,0.8648573925692528,0.010165644112806497
Turbulent radiative layer 2D,tcool_1.78,density,full,hann,24,0.48,4.208333333333333,6.720847208333333,0.008129092055152288,0.872986484624405,0.009555001592215732
Turbulent radiative layer 2D,tcool_1.78,density,full,hann,25,0.5,4.04,6.45201332,0.007865118606093695,0.8808516032304986,0.009011081720366111
Turbulent radiative layer 2D,tcool_1.78,density,full,hann,26,0.52,3.8846153846153846,6.203858961538462,0.011290964105091493,0.8921425673355902,0.008525307387373629
Turbulent radiative layer 2D,tcool_1.78,density,full,hann,27,0.54,3.740740740740741,5.974086407407407,0.0070794993433955416,0.8992220666789857,0.008090429492598012
Turbulent radiative layer 2D,tcool_1.78,density,full,hann,28,0.56,3.607142857142857,5.760726178571429,0.007380637527223362,0.9066027042062091,0.007700298111674254
Turbulent radiative layer 2D,tcool_1.78,density,full,hann,29,0.58,3.4827586206896552,5.562080448275862,0.007128248418591911,0.913730952624801,0.007349676785202352
Turbulent radiative layer 2D,tcool_1.78,density,full,hann,30,0.6,3.3666666666666667,5.376677766666666,0.006675073800194895,0.9204060264249958,0.007034091360708585
Turbulent radiative layer 2D,tcool_1.78,density,full,hann,31,0.62,3.2580645161290325,5.203236548387097,0.0052903430578791375,0.925696369482875,0.00674970656204609
Turbulent radiative layer 2D,tcool_1.78,density,full,hann,32,0.64,3.15625,5.04063540625,0.004963989282208967,0.9306603587650839,0.006493224859177773
Turbulent radiative layer 2D,tcool_1.78,density,full,hann,33,0.66,3.0606060606060606,4.887888878787878,0.0050935874089211314,0.935753946174005,0.006261803324608687
Turbulent radiative layer 2D,tcool_1.78,density,full,hann,34,0.68,2.9705882352941178,4.74412744117647,0.005352439846236683,0.9411063860202418,0.006052985044671593
Turbulent radiative layer 2D,tcool_1.78,density,full,hann,35,0.7,2.8857142857142857,4.6085809428571425,0.005618011315114095,0.9467243973353558,0.005864642350961019
Turbulent radiative layer 2D,tcool_1.78,density,full,hann,36,0.72,2.8055555555555554,4.480564805555556,0.004520753349149459,0.9512451506845053,0.005694929687942485
Turbulent radiative layer 2D,tcool_1.78,density,full,hann,37,0.74,2.72972972972973,4.3594684594594595,0.0036565785188736907,0.954901729203379,0.005542244368205391
Turbulent radiative layer 2D,tcool_1.78,density,full,hann,38,0.76,2.6578947368421053,4.244745605263158,0.0038810431588335126,0.9587827723622124,0.005405193811703537
Turbulent radiative layer 2D,tcool_1.78,density,full,hann,39,0.78,2.58974358974359,4.135905974358974,0.0038975610433780927,0.9626803334055906,0.005282568139133641
Turbulent radiative layer 2D,tcool_1.78,density,full,hann,40,0.8,2.525,4.032508325,0.0040107198475608395,0.9666910532531514,0.00517331720763668
Turbulent radiative layer 2D,tcool_1.78,density,full,hann,41,0.82,2.4634146341463414,3.934154463414634,0.004239435340161498,0.9709304885933129,0.005076531351239426
Turbulent radiative layer 2D,tcool_1.78,density,full,hann,42,0.84,2.4047619047619047,3.840484119047619,0.003588168755922667,0.9745186573492356,0.004991425228243667
Turbulent radiative layer 2D,tcool_1.78,density,full,hann,43,0.86,2.3488372093023258,3.751170534883721,0.0028752121256726835,0.9773938694749083,0.004917324290441228
Turbulent radiative layer 2D,tcool_1.78,density,full,hann,44,0.88,2.2954545454545454,3.665916659090909,0.0036578590340457947,0.9810517285089541,0.004853653480324244
Turbulent radiative layer 2D,tcool_1.78,density,full,hann,45,0.9,2.2444444444444445,3.584451844444444,0.0036146003342722626,0.9846663288432264,0.004799927836884585
Turbulent radiative layer 2D,tcool_1.78,density,full,hann,46,0.92,2.1956521739130435,3.5065289782608695,0.0036315450413858,0.9882978738846122,0.004755744751716489
Turbulent radiative layer 2D,tcool_1.78,density,full,hann,47,0.94,2.148936170212766,3.431921978723404,0.0029296155385804307,0.9912274894231927,0.0047207776677796855
Turbulent radiative layer 2D,tcool_1.78,density,full,hann,48,0.96,2.1041666666666665,3.3604236041666664,0.0024688476067278482,0.9936963370299204,0.004694771055607548
Turbulent radiative layer 2D,tcool_1.78,density,full,hann,49,0.98,2.061224489795918,3.291843530612245,0.00282895060776007,0.9965252876376806,0.004677536537781875
Turbulent radiative layer 2D,tcool_1.78,density,full,hann,50,1.0,2.02,3.22600666,0.0034747123623193694,0.9999999999999999,0.004668950063636123
Turbulent radiative layer 2D,tcool_1.78,density,train,boxcar,1,0.03333333333333333,60.0,95.82198,0.08492100365158857,0.08492100365158857,0.13305966220214724
Turbulent radiative layer 2D,tcool_1.78,density,train,boxcar,2,0.06666666666666667,30.0,47.91099,0.06439458082049725,0.14931558447208582,0.11980401338618539
Turbulent radiative layer 2D,tcool_1.78,density,train,boxcar,3,0.1,20.0,31.940659999999998,0.08994038051577363,0.23925596498785948,0.10285167103078643
Turbulent radiative layer 2D,tcool_1.78,density,train,boxcar,4,0.13333333333333333,15.0,23.955495,0.19014180343078518,0.42939776841864463,0.08600172737452812
Turbulent radiative layer 2D,tcool_1.78,density,train,boxcar,5,0.16666666666666666,12.0,19.164396,0.07064583282486439,0.5000436012435091,0.07122052185497753
Turbulent radiative layer 2D,tcool_1.78,density,train,boxcar,6,0.2,10.0,15.970329999999999,0.03375981363103432,0.5338034148745433,0.05904592447804491
Turbulent radiative layer 2D,tcool_1.78,density,train,boxcar,7,0.23333333333333334,8.571428571428571,13.688854285714285,0.0673669668609998,0.6011703817355432,0.049306811300837534
Turbulent radiative layer 2D,tcool_1.78,density,train,boxcar,8,0.26666666666666666,7.5,11.9777475,0.07093356569476313,0.6721039474303062,0.04159758488278754
Turbulent radiative layer 2D,tcool_1.78,density,train,boxcar,9,0.3,6.666666666666667,10.646886666666667,0.031956718288097714,0.704060665718404,0.0354976993814858
Turbulent radiative layer 2D,tcool_1.78,density,train,boxcar,10,0.3333333333333333,6.0,9.582198,0.032323968023481475,0.7363846337418855,0.03064771370181725
Turbulent radiative layer 2D,tcool_1.78,density,train,boxcar,11,0.36666666666666664,5.454545454545454,8.711089090909091,0.038792087243838536,0.775176720985724,0.026762956979669506
Turbulent radiative layer 2D,tcool_1.78,density,train,boxcar,12,0.4,5.0,7.985164999999999,0.04239001262118644,0.8175667336069103,0.02362524599751606
Turbulent radiative layer 2D,tcool_1.78,density,train,boxcar,13,0.43333333333333335,4.615384615384615,7.3709215384615385,0.018218172187906227,0.8357849057948165,0.021069461045567926
Turbulent radiative layer 2D,tcool_1.78,density,train,boxcar,14,0.4666666666666667,4.285714285714286,6.844427142857143,0.0139080712255658,0.8496929770203823,0.01897094156668639
Turbulent radiative layer 2D,tcool_1.78,density,train,boxcar,15,0.5,4.0,6.388132,0.0212091469181065,0.8709021239384888,0.017235289607801654
Turbulent radiative layer 2D,tcool_1.78,density,train,boxcar,16,0.5333333333333333,3.75,5.98887375,0.016869672968499082,0.8877717969069878,0.015790606582909872
Turbulent radiative layer 2D,tcool_1.78,density,train,boxcar,17,0.5666666666666667,3.5294117647058822,5.63658705882353,0.015185722855689796,0.9029575197626777,0.014581738758137992
Turbulent radiative layer 2D,tcool_1.78,density,train,boxcar,18,0.6,3.3333333333333335,5.3234433333333335,0.01374713903504259,0.9167046587977203,0.013566057345526291
Turbulent radiative layer 2D,tcool_1.78,density,train,boxcar,19,0.6333333333333333,3.1578947368421053,5.043262105263158,0.00790641372136513,0.9246110725190855,0.012710371412670398
Turbulent radiative layer 2D,tcool_1.78,density,train,boxcar,20,0.6666666666666666,3.0,4.791099,0.009456534646216957,0.9340676071653023,0.011988664763498986
Turbulent radiative layer 2D,tcool_1.78,density,train,boxcar,21,0.7,2.857142857142857,4.562951428571428,0.008559847413463726,0.9426274545787661,0.011380429446017096
Turbulent radiative layer 2D,tcool_1.78,density,train,boxcar,22,0.7333333333333333,2.727272727272727,4.355544545454546,0.007255077148054014,0.9498825317268201,0.010869431853500153
Turbulent radiative layer 2D,tcool_1.78,density,train,boxcar,23,0.7666666666666667,2.608695652173913,4.166173043478261,0.0073307302368409155,0.9572132619636611,0.010442794060074208
Turbulent radiative layer 2D,tcool_1.78,density,train,boxcar,24,0.8,2.5,3.9925824999999997,0.007754402294959321,0.9649676642586202,0.010090306620763795
Turbulent radiative layer 2D,tcool_1.78,density,train,boxcar,25,0.8333333333333334,2.4,3.8328792,0.006290359871025479,0.9712580241296458,0.009803912998980873
Turbulent radiative layer 2D,tcool_1.78,density,train,boxcar,26,0.8666666666666667,2.3076923076923075,3.6854607692307693,0.007910838957109503,0.9791688630867553,0.009577322808720737
Turbulent radiative layer 2D,tcool_1.78,density,train,boxcar,27,0.9,2.2222222222222223,3.548962222222222,0.004998380332586484,0.9841672434193417,0.009405723218245503
Turbulent radiative layer 2D,tcool_1.78,density,train,boxcar,28,0.9333333333333333,2.142857142857143,3.4222135714285713,0.005341172531117899,0.9895084159504597,0.009285566626630734
Turbulent radiative layer 2D,tcool_1.78,density,train,boxcar,29,0.9666666666666667,2.0689655172413794,3.3042062068965516,0.006605430604086969,0.9961138465545466,0.009214419137191612
Turbulent radiative layer 2D,tcool_1.78,density,train,boxcar,30,1.0,2.0,3.194066,0.00388615344545314,0.9999999999999998,0.004595429576292411
Turbulent radiative layer 2D,tcool_1.78,density,train,hann,1,0.03333333333333333,60.0,95.82198,0.03616796151996354,0.03616796151996354,0.11147063320573831
Turbulent radiative layer 2D,tcool_1.78,density,train,hann,2,0.06666666666666667,30.0,47.91099,0.03228254034019188,0.06845050186015543,0.10358947667920311
Turbulent radiative layer 2D,tcool_1.78,density,train,hann,3,0.1,20.0,31.940659999999998,0.06997474222749314,0.13842524408764859,0.09274108299384469
Turbulent radiative layer 2D,tcool_1.78,density,train,hann,4,0.13333333333333333,15.0,23.955495,0.13828863776496736,0.276713881852616,0.08099623120146922
Turbulent radiative layer 2D,tcool_1.78,density,train,hann,5,0.16666666666666666,12.0,19.164396,0.08639534969414377,0.3631092315467597,0.06979829931270683
Turbulent radiative layer 2D,tcool_1.78,density,train,hann,6,0.2,10.0,15.970329999999999,0.05071834597759916,0.41382757752435884,0.05986863893122836
Turbulent radiative layer 2D,tcool_1.78,density,train,hann,7,0.23333333333333334,8.571428571428571,13.688854285714285,0.09963349293942603,0.5134610704637849,0.05141669260670575
Turbulent radiative layer 2D,tcool_1.78,density,train,hann,8,0.26666666666666666,7.5,11.9777475,0.09789066500509357,0.6113517354688783,0.044377352720829724
Turbulent radiative layer 2D,tcool_1.78,density,train,hann,9,0.3,6.666666666666667,10.646886666666667,0.0516934212922532,0.6630451567611315,0.03857329028182925
Turbulent radiative layer 2D,tcool_1.78,density,train,hann,10,0.3333333333333333,6.0,9.582198,0.03451168794006261,0.6975568447011941,0.03380232683728207
Turbulent radiative layer 2D,tcool_1.78,density,train,hann,11,0.36666666666666664,5.454545454545454,8.711089090909091,0.04724368052332071,0.7448005252245148,0.029876440359412716
Turbulent radiative layer 2D,tcool_1.78,density,train,hann,12,0.4,5.0,7.985164999999999,0.04627637527769516,0.7910769005022099,0.026635155298683207
Turbulent radiative layer 2D,tcool_1.78,density,train,hann,13,0.43333333333333335,4.615384615384615,7.3709215384615385,0.020995436416373674,0.8120723369185837,0.023947127017708625
Turbulent radiative layer 2D,tcool_1.78,density,train,hann,14,0.4666666666666667,4.285714285714286,6.844427142857143,0.016820640160125112,0.8288929770787089,0.021707084572496867
Turbulent radiative layer 2D,tcool_1.78,density,train,hann,15,0.5,4.0,6.388132,0.023371603386224613,0.8522645804649336,0.019831475452493818
Turbulent radiative layer 2D,tcool_1.78,density,train,hann,16,0.5333333333333333,3.75,5.98887375,0.02193962060271621,0.8742042010676498,0.018254213045288674
Turbulent radiative layer 2D,tcool_1.78,density,train,hann,17,0.5666666666666667,3.5294117647058822,5.63658705882353,0.018750472221782683,0.8929546732894326,0.01692301637936976
Turbulent radiative layer 2D,tcool_1.78,density,train,hann,18,0.6,3.3333333333333335,5.3234433333333335,0.017730201795179347,0.9106848750846119,0.015796436275089303
Turbulent radiative layer 2D,tcool_1.78,density,train,hann,19,0.6333333333333333,3.1578947368421053,5.043262105263158,0.010201878762858965,0.920886753847471,0.014841508950970684
Turbulent radiative layer 2D,tcool_1.78,density,train,hann,20,0.6666666666666666,3.0,4.791099,0.009074931837976533,0.9299616856854476,0.014031932558362702
Turbulent radiative layer 2D,tcool_1.78,density,train,hann,21,0.7,2.857142857142857,4.562951428571428,0.009612133694356501,0.9395738193798041,0.01334666067282504
Turbulent radiative layer 2D,tcool_1.78,density,train,hann,22,0.7333333333333333,2.727272727272727,4.355544545454546,0.008853683975394063,0.9484275033551982,0.012768820922468905
Turbulent radiative layer 2D,tcool_1.78,density,train,hann,23,0.7666666666666667,2.608695652173913,4.166173043478261,0.007519882285492601,0.9559473856406908,0.012284884531156016
Turbulent radiative layer 2D,tcool_1.78,density,train,hann,24,0.8,2.5,3.9925824999999997,0.00804380925868415,0.9639911948993749,0.011884028902213909
Turbulent radiative layer 2D,tcool_1.78,density,train,hann,25,0.8333333333333334,2.4,3.8328792,0.008294065171289848,0.9722852600706646,0.011557649028149996
Turbulent radiative layer 2D,tcool_1.78,density,train,hann,26,0.8666666666666667,2.3076923076923075,3.6854607692307693,0.007612218344881501,0.9798974784155462,0.011298984378719712
Turbulent radiative layer 2D,tcool_1.78,density,train,hann,27,0.9,2.2222222222222223,3.548962222222222,0.004743171184605291,0.9846406496001515,0.011102836365414077
Turbulent radiative layer 2D,tcool_1.78,density,train,hann,28,0.9333333333333333,2.142857142857143,3.4222135714285713,0.00478536680589875,0.9894260164060503,0.010965357990738478
Turbulent radiative layer 2D,tcool_1.78,density,train,hann,29,0.9666666666666667,2.0689655172413794,3.3042062068965516,0.00643409838868561,0.995860114794736,0.010883902325220594
Turbulent radiative layer 2D,tcool_1.78,density,train,hann,30,1.0,2.0,3.194066,0.004139885205264171,1.0000000000000002,0.005428460202379384
Turbulent radiative layer 2D,tcool_1.78,pressure,full,boxcar,1,0.02,101.0,161.300333,0.5490507655861075,0.5490507655861075,0.18993503188485367
Turbulent radiative layer 2D,tcool_1.78,pressure,full,boxcar,2,0.04,50.5,80.6501665,0.0896822338808436,0.6387329994669512,0.15378045378708516
Turbulent radiative layer 2D,tcool_1.78,pressure,full,boxcar,3,0.06,33.666666666666664,53.76677766666666,0.010379285473353882,0.649112284940305,0.116815787576647
Turbulent radiative layer 2D,tcool_1.78,pressure,full,boxcar,4,0.08,25.25,40.32508325,0.03219895234421323,0.6813112372845183,0.08748809585701198
Turbulent radiative layer 2D,tcool_1.78,pressure,full,boxcar,5,0.1,20.2,32.2600666,0.0864576464243115,0.7677688837088298,0.06622255994469144
Turbulent radiative layer 2D,tcool_1.78,pressure,full,boxcar,6,0.12,16.833333333333332,26.88338883333333,0.01648787878678133,0.784256762495611,0.05113078439882035
Turbulent radiative layer 2D,tcool_1.78,pressure,full,boxcar,7,0.14,14.428571428571429,23.042904714285715,0.015020892279808889,0.79927765477542,0.040348337466615675
Turbulent radiative layer 2D,tcool_1.78,pressure,full,boxcar,8,0.16,12.625,20.162541625,0.010268887218459161,0.8095465419938791,0.03250995203150569
Turbulent radiative layer 2D,tcool_1.78,pressure,full,boxcar,9,0.18,11.222222222222221,17.922259222222223,0.010282322911061584,0.8198288649049407,0.026694072779661838
Turbulent radiative layer 2D,tcool_1.78,pressure,full,boxcar,10,0.2,10.1,16.1300333,0.009268247893331385,0.829097112798272,0.02228993138757687
Turbulent radiative layer 2D,tcool_1.78,pressure,full,boxcar,11,0.22,9.181818181818182,14.663666636363637,0.007906848488208381,0.8370039612864804,0.01889052450716835
Turbulent radiative layer 2D,tcool_1.78,pressure,full,boxcar,12,0.24,8.416666666666666,13.441694416666666,0.008806592638729157,0.8458105539252095,0.01622056667964156
Turbulent radiative layer 2D,tcool_1.78,pressure,full,boxcar,13,0.26,7.769230769230769,12.407717923076923,0.007285858825870924,0.8530964127510805,0.014090421365180803
Turbulent radiative layer 2D,tcool_1.78,pressure,full,boxcar,14,0.28,7.214285714285714,11.521452357142858,0.00728656128640485,0.8603829740374853,0.01236693968612857
Turbulent radiative layer 2D,tcool_1.78,pressure,full,boxcar,15,0.3,6.733333333333333,10.753355533333332,0.0070010567352923134,0.8673840307727775,0.010954880759072416
Turbulent radiative layer 2D,tcool_1.78,pressure,full,boxcar,16,0.32,6.3125,10.0812708125,0.006482004495330755,0.8738660352681082,0.009784911200244908
Turbulent radiative layer 2D,tcool_1.78,pressure,full,boxcar,17,0.34,5.9411764705882355,9.48825488235294,0.005693929507979234,0.8795599647760876,0.00880572470576357
Turbulent radiative layer 2D,tcool_1.78,pressure,full,boxcar,18,0.36,5.611111111111111,8.961129611111112,0.005803332257501285,0.8853632970335888,0.007978776192251355
Turbulent radiative layer 2D,tcool_1.78,pressure,full,boxcar,19,0.38,5.315789473684211,8.489491210526316,0.004692252595894152,0.8900555496294831,0.007274701615615452
Turbulent radiative layer 2D,tcool_1.78,pressure,full,boxcar,20,0.4,5.05,8.06501665,0.005035412012385674,0.8950909616418686,0.006670842892061418
Turbulent radiative layer 2D,tcool_1.78,pressure,full,boxcar,21,0.42,4.809523809523809,7.680968238095238,0.004584384356218271,0.899675345998087,0.006149509477590081
Turbulent radiative layer 2D,tcool_1.78,pressure,full,boxcar,22,0.44,4.590909090909091,7.331833318181818,0.004779697798636465,0.9044550437967235,0.005696739007384318
Turbulent radiative layer 2D,tcool_1.78,pressure,full,boxcar,23,0.46,4.391304347826087,7.013057956521739,0.004500257656570319,0.9089553014532938,0.005301401296795349
Turbulent radiative layer 2D,tcool_1.78,pressure,full,boxcar,24,0.48,4.208333333333333,6.720847208333333,0.003948197738568723,0.9129034991918625,0.0049545420662511315
Turbulent radiative layer 2D,tcool_1.78,pressure,full,boxcar,25,0.5,4.04,6.45201332,0.004801471512712261,0.9177049707045748,0.004648896360923238
Turbulent radiative layer 2D,tcool_1.78,pressure,full,boxcar,26,0.52,3.8846153846153846,6.203858961538462,0.004654712807169183,0.9223596835117439,0.004378523663358284
Turbulent radiative layer 2D,tcool_1.78,pressure,full,boxcar,27,0.54,3.740740740740741,5.974086407407407,0.0047892465643239665,0.927148930076068,0.0041385313466536944
Turbulent radiative layer 2D,tcool_1.78,pressure,full,boxcar,28,0.56,3.607142857142857,5.760726178571429,0.0041653850879477166,0.9313143151640157,0.003924862995481988
Turbulent radiative layer 2D,tcool_1.78,pressure,full,boxcar,29,0.58,3.4827586206896552,5.562080448275862,0.004024754220766006,0.9353390693847817,0.0037341348745175878
Turbulent radiative layer 2D,tcool_1.78,pressure,full,boxcar,30,0.6,3.3666666666666667,5.376677766666666,0.004017621033872485,0.9393566904186543,0.0035635084972530425
Turbulent radiative layer 2D,tcool_1.78,pressure,full,boxcar,31,0.62,3.2580645161290325,5.203236548387097,0.003295117377747887,0.9426518077964022,0.0034105905217473903
Turbulent radiative layer 2D,tcool_1.78,pressure,full,boxcar,32,0.64,3.15625,5.04063540625,0.003639967949012916,0.9462917757454151,0.0032733535189716522
Turbulent radiative layer 2D,tcool_1.78,pressure,full,boxcar,33,0.66,3.0606060606060606,4.887888878787878,0.003459377407079717,0.9497511531524948,0.003150072820097793
Turbulent radiative layer 2D,tcool_1.78,pressure,full,boxcar,34,0.68,2.9705882352941178,4.74412744117647,0.0037053574463322527,0.953456510598827,0.003039275850408193
Turbulent radiative layer 2D,tcool_1.78,pressure,full,boxcar,35,0.7,2.8857142857142857,4.6085809428571425,0.003515625671674155,0.9569721362705012,0.0029397012349572436
Turbulent radiative layer 2D,tcool_1.78,pressure,full,boxcar,36,0.72,2.8055555555555554,4.480564805555556,0.003031410936447339,0.9600035472069485,0.002850265607906544
Turbulent radiative layer 2D,tcool_1.78,pressure,full,boxcar,37,0.74,2.72972972972973,4.3594684594594595,0.003255210363240324,0.9632587575701888,0.002770036538391827
Turbulent radiative layer 2D,tcool_1.78,pressure,full,boxcar,38,0.76,2.6578947368421053,4.244745605263158,0.003185754565704086,0.9664445121358929,0.002698210346383442
Turbulent radiative layer 2D,tcool_1.78,pressure,full,boxcar,39,0.78,2.58974358974359,4.135905974358974,0.003218828008627776,0.9696633401445207,0.002634093854551358
Turbulent radiative layer 2D,tcool_1.78,pressure,full,boxcar,40,0.8,2.525,4.032508325,0.0028003425620581005,0.9724636827065787,0.0025770893297401517
Turbulent radiative layer 2D,tcool_1.78,pressure,full,boxcar,41,0.82,2.4634146341463414,3.934154463414634,0.0027346807452065794,0.9751983634517853,0.002526682026976408
Turbulent radiative layer 2D,tcool_1.78,pressure,full,boxcar,42,0.84,2.4047619047619047,3.840484119047619,0.0027140053082877745,0.9779123687600731,0.0024824298721134366
Turbulent radiative layer 2D,tcool_1.78,pressure,full,boxcar,43,0.86,2.3488372093023258,3.751170534883721,0.0028529570727921427,0.9807653258328652,0.002443954915180929
Turbulent radiative layer 2D,tcool_1.78,pressure,full,boxcar,44,0.88,2.2954545454545454,3.665916659090909,0.002848122232448868,0.983613448065314,0.0024109362618485375
Turbulent radiative layer 2D,tcool_1.78,pressure,full,boxcar,45,0.9,2.2444444444444445,3.584451844444444,0.0029171492173075677,0.9865305972826217,0.002383104250056339
Turbulent radiative layer 2D,tcool_1.78,pressure,full,boxcar,46,0.92,2.1956521739130435,3.5065289782608695,0.002678276846209093,0.9892088741288309,0.0023602356865173586
Turbulent radiative layer 2D,tcool_1.78,pressure,full,boxcar,47,0.94,2.148936170212766,3.431921978723404,0.0026606589402986404,0.9918695330691295,0.0023421499962724347
Turbulent radiative layer 2D,tcool_1.78,pressure,full,boxcar,48,0.96,2.1041666666666665,3.3604236041666664,0.0027885965579562935,0.9946581296270858,0.0023287061699352315
Turbulent radiative layer 2D,tcool_1.78,pressure,full,boxcar,49,0.98,2.061224489795918,3.291843530612245,0.0026965054570048095,0.9973546350840905,0.0023198004193833214
Turbulent radiative layer 2D,tcool_1.78,pressure,full,boxcar,50,1.0,2.02,3.22600666,0.0026453649159094692,1.0,0.0023153644747536703
Turbulent radiative layer 2D,tcool_1.78,pressure,full,hann,1,0.02,101.0,161.300333,0.5918477129585994,0.5918477129585994,0.30429981922474436
Turbulent radiative layer 2D,tcool_1.78,pressure,full,hann,2,0.04,50.5,80.6501665,0.06957620983152048,0.66142392279012,0.18994439695166657
Turbulent radiative layer 2D,tcool_1.78,pressure,full,hann,3,0.06,33.666666666666664,53.76677766666666,0.05372318246216427,0.7151471052522843,0.11690934748746633
Turbulent radiative layer 2D,tcool_1.78,pressure,full,hann,4,0.08,25.25,40.32508325,0.01365560474445205,0.7288027099967362,0.07610164449659208
Turbulent radiative layer 2D,tcool_1.78,pressure,full,hann,5,0.1,20.2,32.2600666,0.08518760444870224,0.8139903144454385,0.052612175518078126
Turbulent radiative layer 2D,tcool_1.78,pressure,full,hann,6,0.12,16.833333333333332,26.88338883333333,0.05957267780812962,0.8735629922535681,0.03826872438670682
Turbulent radiative layer 2D,tcool_1.78,pressure,full,hann,7,0.14,14.428571428571429,23.042904714285715,0.014271095193156558,0.8878340874467247,0.028998338289133632
Turbulent radiative layer 2D,tcool_1.78,pressure,full,hann,8,0.16,12.625,20.162541625,0.009595619393666932,0.8974297068403916,0.022708747052985798
Turbulent radiative layer 2D,tcool_1.78,pressure,full,hann,9,0.18,11.222222222222221,17.922259222222223,0.003892693894928474,0.9013224007353201,0.018265664717358694
Turbulent radiative layer 2D,tcool_1.78,pressure,full,hann,10,0.2,10.1,16.1300333,0.004458652980677815,0.9057810537159979,0.015019932794066666
Turbulent radiative layer 2D,tcool_1.78,pressure,full,hann,11,0.22,9.181818181818182,14.663666636363637,0.0021870275504280593,0.9079680812664259,0.012581445835503953
Turbulent radiative layer 2D,tcool_1.78,pressure,full,hann,12,0.24,8.416666666666666,13.441694416666666,0.0036647918295024118,0.9116328730959283,0.010705562223049844
Turbulent radiative layer 2D,tcool_1.78,pressure,full,hann,13,0.26,7.769230769230769,12.407717923076923,0.004775443047574482,0.9164083161435028,0.00923308953030926
Turbulent radiative layer 2D,tcool_1.78,pressure,full,hann,14,0.28,7.214285714285714,11.521452357142858,0.0038709009146082915,0.9202792170581111,0.008057066238416146
Turbulent radiative layer 2D,tcool_1.78,pressure,full,hann,15,0.3,6.733333333333333,10.753355533333332,0.002421748993476091,0.9227009660515872,0.007103591229648671
Turbulent radiative layer 2D,tcool_1.78,pressure,full,hann,16,0.32,6.3125,10.0812708125,0.002955730151993008,0.9256566962035803,0.0063203418744253595
Turbulent radiative layer 2D,tcool_1.78,pressure,full,hann,17,0.34,5.9411764705882355,9.48825488235294,0.0028838244473215757,0.9285405206509019,0.005669466714929461
Turbulent radiative layer 2D,tcool_1.78,pressure,full,hann,18,0.36,5.611111111111111,8.961129611111112,0.00339686105269989,0.9319373817036017,0.00512305522188551
Turbulent radiative layer 2D,tcool_1.78,pressure,full,hann,19,0.38,5.315789473684211,8.489491210526316,0.0034793121581920246,0.9354166938617938,0.004660173712485997
Turbulent radiative layer 2D,tcool_1.78,pressure,full,hann,20,0.4,5.05,8.06501665,0.0026046446972141832,0.938021338559008,0.00426488003554953
Turbulent radiative layer 2D,tcool_1.78,pressure,full,hann,21,0.42,4.809523809523809,7.680968238095238,0.0022078963221529315,0.940229234881161,0.003924865511962975
Turbulent radiative layer 2D,tcool_1.78,pressure,full,hann,22,0.44,4.590909090909091,7.331833318181818,0.0027304605182597,0.9429596953994206,0.0036305080969089324
Turbulent radiative layer 2D,tcool_1.78,pressure,full,hann,23,0.46,4.391304347826087,7.013057956521739,0.002010777672791114,0.9449704730722118,0.003374200746303874
Turbulent radiative layer 2D,tcool_1.78,pressure,full,hann,24,0.48,4.208333333333333,6.720847208333333,0.0013624335662045172,0.9463329066384164,0.0031498674457620325
Turbulent radiative layer 2D,tcool_1.78,pressure,full,hann,25,0.5,4.04,6.45201332,0.002662701413177137,0.9489956080515934,0.0029526094180067452
Turbulent radiative layer 2D,tcool_1.78,pressure,full,hann,26,0.52,3.8846153846153846,6.203858961538462,0.0025747988942117508,0.9515704069458053,0.0027784430620952276
Turbulent radiative layer 2D,tcool_1.78,pressure,full,hann,27,0.54,3.740740740740741,5.974086407407407,0.0025018334087275125,0.9540722403545329,0.0026241034729192815
Turbulent radiative layer 2D,tcool_1.78,pressure,full,hann,28,0.56,3.607142857142857,5.760726178571429,0.0032644326490849683,0.9573366730036178,0.002486895473927975
Turbulent radiative layer 2D,tcool_1.78,pressure,full,hann,29,0.58,3.4827586206896552,5.562080448275862,0.0030228099688707176,0.9603594829724884,0.0023645795007156156
Turbulent radiative layer 2D,tcool_1.78,pressure,full,hann,30,0.6,3.3666666666666667,5.376677766666666,0.002284480815270401,0.9626439637877588,0.0022552833421806977
Turbulent radiative layer 2D,tcool_1.78,pressure,full,hann,31,0.62,3.2580645161290325,5.203236548387097,0.0017048841088273608,0.9643488478965863,0.002157433272496661
Turbulent radiative layer 2D,tcool_1.78,pressure,full,hann,32,0.64,3.15625,5.04063540625,0.00225687228816302,0.9666057201847492,0.002069699870139009
Turbulent radiative layer 2D,tcool_1.78,pressure,full,hann,33,0.66,3.0606060606060606,4.887888878787878,0.002032684340129344,0.9686384045248786,0.0019909550657403307
Turbulent radiative layer 2D,tcool_1.78,pressure,full,hann,34,0.68,2.9705882352941178,4.74412744117647,0.0034235819837310035,0.9720619865086096,0.0019202378507256514
Turbulent radiative layer 2D,tcool_1.78,pressure,full,hann,35,0.7,2.8857142857142857,4.6085809428571425,0.0030517110272775794,0.9751136975358872,0.0018567267218367921
Turbulent radiative layer 2D,tcool_1.78,pressure,full,hann,36,0.72,2.8055555555555554,4.480564805555556,0.001662979387033511,0.9767766769229206,0.001799717406103214
Turbulent radiative layer 2D,tcool_1.78,pressure,full,hann,37,0.74,2.72972972972973,4.3594684594594595,0.0021286574398142865,0.978905334362735,0.0017486047567910395
Turbulent radiative layer 2D,tcool_1.78,pressure,full,hann,38,0.76,2.6578947368421053,4.244745605263158,0.0022994318757752793,0.9812047662385102,0.0017028679681764085
Turbulent radiative layer 2D,tcool_1.78,pressure,full,hann,39,0.78,2.58974358974359,4.135905974358974,0.0022976204600343914,0.9835023866985445,0.0016620584500353103
Turbulent radiative layer 2D,tcool_1.78,pressure,full,hann,40,0.8,2.525,4.032508325,0.0017079435573212846,0.9852103302558659,0.0016257898487848604
Turbulent radiative layer 2D,tcool_1.78,pressure,full,hann,41,0.82,2.4634146341463414,3.934154463414634,0.0011820169028682276,0.9863923471587341,0.0015937298135911139
Turbulent radiative layer 2D,tcool_1.78,pressure,full,hann,42,0.84,2.4047619047619047,3.840484119047619,0.001263780020418831,0.987656127179153,0.0015655931913794146
Turbulent radiative layer 2D,tcool_1.78,pressure,full,hann,43,0.86,2.3488372093023258,3.751170534883721,0.0017512339921552684,0.9894073611713082,0.0015411364010264029
Turbulent radiative layer 2D,tcool_1.78,pressure,full,hann,44,0.88,2.2954545454545454,3.665916659090909,0.0014587512816177685,0.9908661124529261,0.0015201527888381908
Turbulent radiative layer 2D,tcool_1.78,pressure,full,hann,45,0.9,2.2444444444444445,3.584451844444444,0.0014481056005791536,0.9923142180535053,0.0015024688082533688
Turbulent radiative layer 2D,tcool_1.78,pressure,full,hann,46,0.92,2.1956521739130435,3.5065289782608695,0.0015004816626664696,0.9938146997161718,0.001487940899188482
Turbulent radiative layer 2D,tcool_1.78,pressure,full,hann,47,0.94,2.148936170212766,3.431921978723404,0.001713807747262036,0.9955285074634339,0.0014764529685568429
Turbulent radiative layer 2D,tcool_1.78,pressure,full,hann,48,0.96,2.1041666666666665,3.3604236041666664,0.001792373206637087,0.997320880670071,0.0014679143947564225
Turbulent radiative layer 2D,tcool_1.78,pressure,full,hann,49,0.98,2.061224489795918,3.291843530612245,0.0013518656882047803,0.9986727463582756,0.0014622584965112656
Turbulent radiative layer 2D,tcool_1.78,pressure,full,hann,50,1.0,2.02,3.22600666,0.0013272536417247305,1.0000000000000004,0.0014594414212831903
Turbulent radiative layer 2D,tcool_1.78,pressure,train,boxcar,1,0.03333333333333333,60.0,95.82198,0.2734474158188423,0.2734474158188423,0.12422062082990051
Turbulent radiative layer 2D,tcool_1.78,pressure,train,boxcar,2,0.06666666666666667,30.0,47.91099,0.07704298249207693,0.3504903983109192,0.11336046681740947
Turbulent radiative layer 2D,tcool_1.78,pressure,train,boxcar,3,0.1,20.0,31.940659999999998,0.15523669405604168,0.5057270923669609,0.09903540341025015
Turbulent radiative layer 2D,tcool_1.78,pressure,train,boxcar,4,0.13333333333333333,15.0,23.955495,0.05926627641530915,0.56499336878227,0.08428747842053298
Turbulent radiative layer 2D,tcool_1.78,pressure,train,boxcar,5,0.16666666666666666,12.0,19.164396,0.02688218853941448,0.5918755573216845,0.0709102261134921
Turbulent radiative layer 2D,tcool_1.78,pressure,train,boxcar,6,0.2,10.0,15.970329999999999,0.03037294149636795,0.6222484988180524,0.059568426170534074
Turbulent radiative layer 2D,tcool_1.78,pressure,train,boxcar,7,0.23333333333333334,8.571428571428571,13.688854285714285,0.029440416411168294,0.6516889152292208,0.0502765823843453
Turbulent radiative layer 2D,tcool_1.78,pressure,train,boxcar,8,0.26666666666666666,7.5,11.9777475,0.026390165872601998,0.6780790811018228,0.04277887728480253
Turbulent radiative layer 2D,tcool_1.78,pressure,train,boxcar,9,0.3,6.666666666666667,10.646886666666667,0.025594299744698394,0.7036733808465212,0.03675475557447359
Turbulent radiative layer 2D,tcool_1.78,pressure,train,boxcar,10,0.3333333333333333,6.0,9.582198,0.02212135124392108,0.7257947320904423,0.03190604621075193
Turbulent radiative layer 2D,tcool_1.78,pressure,train,boxcar,11,0.36666666666666664,5.454545454545454,8.711089090909091,0.017674001594391683,0.743468733684834,0.027984006483314446
Turbulent radiative layer 2D,tcool_1.78,pressure,train,boxcar,12,0.4,5.0,7.985164999999999,0.019018813678226554,0.7624875473630606,0.024790973313771343
Turbulent radiative layer 2D,tcool_1.78,pressure,train,boxcar,13,0.43333333333333335,4.615384615384615,7.3709215384615385,0.01765316533105133,0.7801407126941119,0.022173297492532128
Turbulent radiative layer 2D,tcool_1.78,pressure,train,boxcar,14,0.4666666666666667,4.285714285714286,6.844427142857143,0.0156627856878561,0.795803498381968,0.020012564167591788
Turbulent radiative layer 2D,tcool_1.78,pressure,train,boxcar,15,0.5,4.0,6.388132,0.017448036426063105,0.813251534808031,0.01821763482282933
Turbulent radiative layer 2D,tcool_1.78,pressure,train,boxcar,16,0.5333333333333333,3.75,5.98887375,0.018166902068402095,0.8314184368764331,0.016718179265631152
Turbulent radiative layer 2D,tcool_1.78,pressure,train,boxcar,17,0.5666666666666667,3.5294117647058822,5.63658705882353,0.015912789422337887,0.847331226298771,0.015459667511788054
Turbulent radiative layer 2D,tcool_1.78,pressure,train,boxcar,18,0.6,3.3333333333333335,5.3234433333333335,0.014820804205176624,0.8621520305039477,0.014399579418315918
Turbulent radiative layer 2D,tcool_1.78,pressure,train,boxcar,19,0.6333333333333333,3.1578947368421053,5.043262105263158,0.013828927810656784,0.8759809583146044,0.01350456435299166
Turbulent radiative layer 2D,tcool_1.78,pressure,train,boxcar,20,0.6666666666666666,3.0,4.791099,0.014580673891301675,0.8905616322059061,0.012748319184406609
Turbulent radiative layer 2D,tcool_1.78,pressure,train,boxcar,21,0.7,2.857142857142857,4.562951428571428,0.012585344896195916,0.9031469771021021,0.01211000167744033
Turbulent radiative layer 2D,tcool_1.78,pressure,train,boxcar,22,0.7333333333333333,2.727272727272727,4.355544545454546,0.0124919660465407,0.9156389431486428,0.011573040966302647
Turbulent radiative layer 2D,tcool_1.78,pressure,train,boxcar,23,0.7666666666666667,2.608695652173913,4.166173043478261,0.013235385345917134,0.9288743284945599,0.011124242700813962
Turbulent radiative layer 2D,tcool_1.78,pressure,train,boxcar,24,0.8,2.5,3.9925824999999997,0.011051781884823818,0.9399261103793837,0.010753113843251266
Turbulent radiative layer 2D,tcool_1.78,pressure,train,boxcar,25,0.8333333333333334,2.4,3.8328792,0.010889015313448946,0.9508151256928326,0.010451352417929846
Turbulent radiative layer 2D,tcool_1.78,pressure,train,boxcar,26,0.8666666666666667,2.3076923076923075,3.6854607692307693,0.010863784946668977,0.9616789106395015,0.010212462428774412
Turbulent radiative layer 2D,tcool_1.78,pressure,train,boxcar,27,0.9,2.2222222222222223,3.548962222222222,0.011678796049478817,0.9733577066889804,0.010031465076873301
Turbulent radiative layer 2D,tcool_1.78,pressure,train,boxcar,28,0.9333333333333333,2.142857142857143,3.4222135714285713,0.010030897544153018,0.9833886042331333,0.009904685439472165
Turbulent radiative layer 2D,tcool_1.78,pressure,train,boxcar,29,0.9666666666666667,2.0689655172413794,3.3042062068965516,0.011368936223491551,0.9947575404566249,0.009829599747982304
Turbulent radiative layer 2D,tcool_1.78,pressure,train,boxcar,30,1.0,2.0,3.194066,0.005242459543375116,1.0,0.004902366471494554
Turbulent radiative layer 2D,tcool_1.78,pressure,train,hann,1,0.03333333333333333,60.0,95.82198,0.29749731014333625,0.29749731014333625,0.15485392944662266
Turbulent radiative layer 2D,tcool_1.78,pressure,train,hann,2,0.06666666666666667,30.0,47.91099,0.11687019879642196,0.4143675089397582,0.13449968549167812
Turbulent radiative layer 2D,tcool_1.78,pressure,train,hann,3,0.1,20.0,31.940659999999998,0.12954367011914822,0.5439111790589065,0.11047487124134565
Turbulent radiative layer 2D,tcool_1.78,pressure,train,hann,4,0.13333333333333333,15.0,23.955495,0.07987856310287976,0.6237897421617863,0.08856928664129433
Turbulent radiative layer 2D,tcool_1.78,pressure,train,hann,5,0.16666666666666666,12.0,19.164396,0.03133190439535382,0.6551216465571401,0.07078782309881208
Turbulent radiative layer 2D,tcool_1.78,pressure,train,hann,6,0.2,10.0,15.970329999999999,0.021346871850998147,0.6764685184081383,0.05704785622831939
Turbulent radiative layer 2D,tcool_1.78,pressure,train,hann,7,0.23333333333333334,8.571428571428571,13.688854285714285,0.02204238180591252,0.6985109002140508,0.04659707367642306
Turbulent radiative layer 2D,tcool_1.78,pressure,train,hann,8,0.26666666666666666,7.5,11.9777475,0.025126154059196583,0.7236370542732474,0.038642940666627434
Turbulent radiative layer 2D,tcool_1.78,pressure,train,hann,9,0.3,6.666666666666667,10.646886666666667,0.01963877684897453,0.743275831122222,0.03253845917570393
Turbulent radiative layer 2D,tcool_1.78,pressure,train,hann,10,0.3333333333333333,6.0,9.582198,0.019160933245775533,0.7624367643679975,0.027799300134963803
Turbulent radiative layer 2D,tcool_1.78,pressure,train,hann,11,0.36666666666666664,5.454545454545454,8.711089090909091,0.01745368983500796,0.7798904542030054,0.024074142847007738
Turbulent radiative layer 2D,tcool_1.78,pressure,train,hann,12,0.4,5.0,7.985164999999999,0.017769298025339133,0.7976597522283445,0.021110175290878972
Turbulent radiative layer 2D,tcool_1.78,pressure,train,hann,13,0.43333333333333335,4.615384615384615,7.3709215384615385,0.017846940624711965,0.8155066928530564,0.01872492118954344
Turbulent radiative layer 2D,tcool_1.78,pressure,train,hann,14,0.4666666666666667,4.285714285714286,6.844427142857143,0.011787559467040026,0.8272942523200965,0.016785575631074794
Turbulent radiative layer 2D,tcool_1.78,pressure,train,hann,15,0.5,4.0,6.388132,0.01379870033070206,0.8410929526507984,0.015194449359177048
Turbulent radiative layer 2D,tcool_1.78,pressure,train,hann,16,0.5333333333333333,3.75,5.98887375,0.019354767937353225,0.8604477205881517,0.013878854880360595
Turbulent radiative layer 2D,tcool_1.78,pressure,train,hann,17,0.5666666666666667,3.5294117647058822,5.63658705882353,0.018149938961131495,0.8785976595492831,0.012784086379178744
Turbulent radiative layer 2D,tcool_1.78,pressure,train,hann,18,0.6,3.3333333333333335,5.3234433333333335,0.013514396313001532,0.8921120558622846,0.01186852148903028
Turbulent radiative layer 2D,tcool_1.78,pressure,train,hann,19,0.6333333333333333,3.1578947368421053,5.043262105263158,0.01339199720316613,0.9055040530654508,0.011100174821458976
Turbulent radiative layer 2D,tcool_1.78,pressure,train,hann,20,0.6666666666666666,3.0,4.791099,0.012788684597105077,0.9182927376625559,0.010454249095700764
Turbulent radiative layer 2D,tcool_1.78,pressure,train,hann,21,0.7,2.857142857142857,4.562951428571428,0.008283959218444544,0.9265766968810005,0.00991137728663524
Turbulent radiative layer 2D,tcool_1.78,pressure,train,hann,22,0.7333333333333333,2.727272727272727,4.355544545454546,0.00979258020992656,0.9363692770909271,0.00945634826547217
Turbulent radiative layer 2D,tcool_1.78,pressure,train,hann,23,0.7666666666666667,2.608695652173913,4.166173043478261,0.01212399875277629,0.9484932758437032,0.009077174584954403
Turbulent radiative layer 2D,tcool_1.78,pressure,train,hann,24,0.8,2.5,3.9925824999999997,0.008070839813701863,0.9565641156574052,0.00876440538132074
Turbulent radiative layer 2D,tcool_1.78,pressure,train,hann,25,0.8333333333333334,2.4,3.8328792,0.006792961490003138,0.9633570771474083,0.008510617245508428
Turbulent radiative layer 2D,tcool_1.78,pressure,train,hann,26,0.8666666666666667,2.3076923076923075,3.6854607692307693,0.007993094573089261,0.9713501717204975,0.008310036252294246
Turbulent radiative layer 2D,tcool_1.78,pressure,train,hann,27,0.9,2.2222222222222223,3.548962222222222,0.008078821123606328,0.9794289928441038,0.008158258342012956
Turbulent radiative layer 2D,tcool_1.78,pressure,train,hann,28,0.9333333333333333,2.142857142857143,3.4222135714285713,0.008020589983380028,0.9874495828274839,0.008052045038963701
Turbulent radiative layer 2D,tcool_1.78,pressure,train,hann,29,0.9666666666666667,2.0689655172413794,3.3042062068965516,0.008828405474502109,0.996277988301986,0.00798917846480639
Turbulent radiative layer 2D,tcool_1.78,pressure,train,hann,30,1.0,2.0,3.194066,0.0037220116980139625,1.0,0.003984182352829962
