family,scenario,field,segment,binning,k,share,cumulative_share
Gray-Scott reaction-diffusion,bubbles,A,full,radial,1,0.017640770542606425,0.017640770542606425
Gray-Scott reaction-diffusion,bubbles,A,full,radial,2,0.049385288510416604,0.06702605905302303
Gray-Scott reaction-diffusion,bubbles,A,full,radial,3,0.07478771691875126,0.1418137759717743
Gray-Scott reaction-diffusion,bubbles,A,full,radial,4,0.050488643013373774,0.19230241898514808
Gray-Scott reaction-diffusion,bubbles,A,full,radial,5,0.10723664401159105,0.29953906299673916
Gray-Scott reaction-diffusion,bubbles,A,full,radial,6,0.08760814293664505,0.3871472059333842
Gray-Scott reaction-diffusion,bubbles,A,full,radial,7,0.09416699084725846,0.48131419678064263
Gray-Scott reaction-diffusion,bubbles,A,full,radial,8,0.07029083470987448,0.5516050314905171
Gray-Scott reaction-diffusion,bubbles,A,full,radial,9,0.07869533446423409,0.6303003659547511
Gray-Scott reaction-diffusion,bubbles,A,full,radial,10,0.07511586788331556,0.7054162338380667
Gray-Scott reaction-diffusion,bubbles,A,full,radial,11,0.04352302642230208,0.7489392602603688
Gray-Scott reaction-diffusion,bubbles,A,full,radial,12,0.04689205600323523,0.795831316263604
Gray-Scott reaction-diffusion,bubbles,A,full,radial,13,0.03960122902756583,0.8354325452911698
Gray-Scott reaction-diffusion,bubbles,A,full,radial,14,0.03093173313373257,0.8663642784249024
Gray-Scott reaction-diffusion,bubbles,A,full,radial,15,0.024621053308607276,0.8909853317335097
Gray-Scott reaction-diffusion,bubbles,A,full,radial,16,0.020966117087978596,0.9119514488214883
Gray-Scott reaction-diffusion,bubbles,A,full,radial,17,0.02312078396878083,0.9350722327902692
Gray-Scott reaction-diffusion,bubbles,A,full,radial,18,0.0148484318592939,0.9499206646495632
Gray-Scott reaction-diffusion,bubbles,A,full,radial,19,0.011817385015229618,0.9617380496647928
Gray-Scott reaction-diffusion,bubbles,A,full,radial,20,0.008914438099272705,0.9706524877640655
Gray-Scott reaction-diffusion,bubbles,A,full,radial,21,0.00810576802009304,0.9787582557841585
Gray-Scott reaction-diffusion,bubbles,A,full,radial,22,0.005087844605533491,0.9838461003896921
Gray-Scott reaction-diffusion,bubbles,A,full,radial,23,0.003867667460988449,0.9877137678506805
Gray-Scott reaction-diffusion,bubbles,A,full,radial,24,0.0028312472668677,0.9905450151175483
Gray-Scott reaction-diffusion,bubbles,A,full,radial,25,0.002259021082780228,0.9928040362003285
Gray-Scott reaction-diffusion,bubbles,A,full,radial,26,0.0015075836345756115,0.9943116198349041
Gray-Scott reaction-diffusion,bubbles,A,full,radial,27,0.000940590875735523,0.9952522107106396
Gray-Scott reaction-diffusion,bubbles,A,full,radial,28,0.0006721782267186898,0.9959243889373584
Gray-Scott reaction-diffusion,bubbles,A,full,radial,29,0.0005824312994637157,0.996506820236822
Gray-Scott reaction-diffusion,bubbles,A,full,radial,30,0.00030604169255677994,0.9968128619293788
Gray-Scott reaction-diffusion,bubbles,A,full,radial,31,0.00025752713426562847,0.9970703890636444
Gray-Scott reaction-diffusion,bubbles,A,full,radial,32,0.0001901943857789996,0.9972605834494234
Gray-Scott reaction-diffusion,bubbles,A,full,radial,33,0.0001768953075474462,0.9974374787569709
Gray-Scott reaction-diffusion,bubbles,A,full,radial,34,0.00018411263979121063,0.9976215913967621
Gray-Scott reaction-diffusion,bubbles,A,full,radial,35,0.0001561241803520685,0.9977777155771141
Gray-Scott reaction-diffusion,bubbles,A,full,radial,36,0.00018311670496699278,0.9979608322820812
Gray-Scott reaction-diffusion,bubbles,A,full,radial,37,0.00016587351549967463,0.9981267057975809
Gray-Scott reaction-diffusion,bubbles,A,full,radial,38,0.00018826468846477233,0.9983149704860456
Gray-Scott reaction-diffusion,bubbles,A,full,radial,39,0.00016974014524054223,0.9984847106312861
Gray-Scott reaction-diffusion,bubbles,A,full,radial,40,0.00015974261977792136,0.998644453251064
Gray-Scott reaction-diffusion,bubbles,A,full,radial,41,0.00016686963030657954,0.9988113228813705
Gray-Scott reaction-diffusion,bubbles,A,full,radial,42,0.00014660536344701975,0.9989579282448176
Gray-Scott reaction-diffusion,bubbles,A,full,radial,43,0.00014350338607835772,0.9991014316308959
Gray-Scott reaction-diffusion,bubbles,A,full,radial,44,0.00012138605668152206,0.9992228176875775
Gray-Scott reaction-diffusion,bubbles,A,full,radial,45,0.00012121257973722435,0.9993440302673148
Gray-Scott reaction-diffusion,bubbles,A,full,radial,46,0.00010632456535681493,0.9994503548326715
Gray-Scott reaction-diffusion,bubbles,A,full,radial,47,8.860118305153162e-05,0.9995389560157231
Gray-Scott reaction-diffusion,bubbles,A,full,radial,48,7.846340430541288e-05,0.9996174194200286
Gray-Scott reaction-diffusion,bubbles,A,full,radial,49,6.556016778061742e-05,0.9996829795878092
Gray-Scott reaction-diffusion,bubbles,A,full,radial,50,6.56104007682451e-05,0.9997485899885774
Gray-Scott reaction-diffusion,bubbles,A,full,radial,51,4.770298570886176e-05,0.9997962929742862
Gray-Scott reaction-diffusion,bubbles,A,full,radial,52,3.513361891030322e-05,0.9998314265931966
Gray-Scott reaction-diffusion,bubbles,A,full,radial,53,3.303202630628188e-05,0.9998644586195028
Gray-Scott reaction-diffusion,bubbles,A,full,radial,54,2.659136152553437e-05,0.9998910499810283
Gray-Scott reaction-diffusion,bubbles,A,full,radial,55,2.3357338006106838e-05,0.9999144073190345
Gray-Scott reaction-diffusion,bubbles,A,full,radial,56,1.7378456923396284e-05,0.9999317857759579
Gray-Scott reaction-diffusion,bubbles,A,full,radial,57,1.4150759613428583e-05,0.9999459365355714
Gray-Scott reaction-diffusion,bubbles,A,full,radial,58,1.1358640226908632e-05,0.9999572951757983
Gray-Scott reaction-diffusion,bubbles,A,full,radial,59,9.365922044106649e-06,0.9999666610978425
Gray-Scott reaction-diffusion,bubbles,A,full,radial,60,7.576227282979955e-06,0.9999742373251255
Gray-Scott reaction-diffusion,bubbles,A,full,radial,61,6.010795318584428e-06,0.9999802481204441
Gray-Scott reaction-diffusion,bubbles,A,full,radial,62,5.305314877113468e-06,0.9999855534353213
Gray-Scott reaction-diffusion,bubbles,A,full,radial,63,4.311819339782668e-06,0.999989865254661
Gray-Scott reaction-diffusion,bubbles,A,full,radial,64,3.071076463852787e-06,0.9999929363311248
Gray-Scott reaction-diffusion,bubbles,A,full,radial,65,2.210826244933709e-06,0.9999951471573698
Gray-Scott reaction-diffusion,bubbles,A,full,radial,66,1.307546198544976e-06,0.9999964547035685
Gray-Scott reaction-diffusion,bubbles,A,full,radial,67,1.0520260970353852e-06,0.9999975067296655
Gray-Scott reaction-diffusion,bubbles,A,full,radial,68,8.319758570487551e-07,0.9999983387055226
Gray-Scott reaction-diffusion,bubbles,A,full,radial,69,5.867451368304205e-07,0.9999989254506594
Gray-Scott reaction-diffusion,bubbles,A,full,radial,70,3.101592247549878e-07,0.9999992356098841
Gray-Scott reaction-diffusion,bubbles,A,full,radial,71,3.079811994390458e-07,0.9999995435910836
Gray-Scott reaction-diffusion,bubbles,A,full,radial,72,2.1228086307381463e-07,0.9999997558719466
Gray-Scott reaction-diffusion,bubbles,A,full,radial,73,1.3491836040204747e-07,0.9999998907903069
Gray-Scott reaction-diffusion,bubbles,A,full,radial,74,7.273871740279895e-08,0.9999999635290243
Gray-Scott reaction-diffusion,bubbles,A,full,radial,75,2.563386313632575e-08,0.9999999891628875
Gray-Scott reaction-diffusion,bubbles,A,full,radial,76,1.0837111542231528e-08,0.999999999999999
Gray-Scott reaction-diffusion,bubbles,A,full,radial,77,2.3748412842327645e-16,0.9999999999999993
Gray-Scott reaction-diffusion,bubbles,A,full,radial,78,1.7402788234620035e-16,0.9999999999999994
Gray-Scott reaction-diffusion,bubbles,A,full,radial,79,1.8369495179293692e-16,0.9999999999999996
Gray-Scott reaction-diffusion,bubbles,A,full,radial,80,1.5245227162812938e-16,0.9999999999999998
Gray-Scott reaction-diffusion,bubbles,A,full,radial,81,1.150473455322e-16,0.9999999999999999
Gray-Scott reaction-diffusion,bubbles,A,full,radial,82,1.593614746393313e-16,1.0
Gray-Scott reaction-diffusion,bubbles,A,full,radial,83,7.639476560494585e-17,1.0000000000000002
Gray-Scott reaction-diffusion,bubbles,A,full,radial,84,1.1220101236067365e-16,1.0000000000000002
Gray-Scott reaction-diffusion,bubbles,A,full,radial,85,5.91303388503402e-17,1.0000000000000002
Gray-Scott reaction-diffusion,bubbles,A,full,radial,86,5.842359278617134e-17,1.0000000000000002
Gray-Scott reaction-diffusion,bubbles,A,full,radial,87,5.0842514353280805e-17,1.0000000000000002
Gray-Scott reaction-diffusion,bubbles,A,full,radial,88,2.2075051531106038e-17,1.0000000000000002
Gray-Scott reaction-diffusion,bubbles,A,full,radial,89,2.125787588028979e-17,1.0000000000000002
Gray-Scott reaction-diffusion,bubbles,A,full,radial,90,2.112464990669776e-18,1.0000000000000002
Gray-Scott reaction-diffusion,bubbles,A,full,box,1,0.017640770542606425,0.017640770542606425
Gray-Scott reaction-diffusion,bubbles,A,full,box,2,0.049385288510416604,0.06702605905302303
Gray-Scott reaction-diffusion,bubbles,A,full,box,3,0.08104460144637066,0.14807066049939369
Gray-Scott reaction-diffusion,bubbles,A,full,box,4,0.07153805420056501,0.21960871469995868
Gray-Scott reaction-diffusion,bubbles,A,full,box,5,0.12256552843000527,0.342174243129964
Gray-Scott reaction-diffusion,bubbles,A,full,box,6,0.08892504905450385,0.4310992921844678
Gray-Scott reaction-diffusion,bubbles,A,full,box,7,0.09476345313113092,0.5258627453155987
Gray-Scott reaction-diffusion,bubbles,A,full,box,8,0.08463163254517488,0.6104943778607735
Gray-Scott reaction-diffusion,bubbles,A,full,box,9,0.07614841847673005,0.6866427963375037
Gray-Scott reaction-diffusion,bubbles,A,full,box,10,0.06661682932443941,0.7532596256619432
Gray-Scott reaction-diffusion,bubbles,A,full,box,11,0.04502468709386579,0.7982843127558089
Gray-Scott reaction-diffusion,bubbles,A,full,box,12,0.03913677408008208,0.837421086835891
Gray-Scott reaction-diffusion,bubbles,A,full,box,13,0.032130827679864894,0.8695519145157559
Gray-Scott reaction-diffusion,bubbles,A,full,box,14,0.032615413668108696,0.9021673281838646
Gray-Scott reaction-diffusion,bubbles,A,full,box,15,0.023296122108412115,0.9254634502922766
Gray-Scott reaction-diffusion,bubbles,A,full,box,16,0.017906455784570518,0.9433699060768471
Gray-Scott reaction-diffusion,bubbles,A,full,box,17,0.012662202714995028,0.9560321087918422
Gray-Scott reaction-diffusion,bubbles,A,full,box,18,0.010699570197249007,0.9667316789890912
Gray-Scott reaction-diffusion,bubbles,A,full,box,19,0.008985038426430364,0.9757167174155215
Gray-Scott reaction-diffusion,bubbles,A,full,box,20,0.006450906927701549,0.9821676243432231
Gray-Scott reaction-diffusion,bubbles,A,full,box,21,0.004538662902899525,0.9867062872461225
Gray-Scott reaction-diffusion,bubbles,A,full,box,22,0.0032084715584383542,0.9899147588045609
Gray-Scott reaction-diffusion,bubbles,A,full,box,23,0.0023393958901666073,0.9922541546947276
Gray-Scott reaction-diffusion,bubbles,A,full,box,24,0.0016024089359147381,0.9938565636306422
Gray-Scott reaction-diffusion,bubbles,A,full,box,25,0.001237642324436629,0.9950942059550789
Gray-Scott reaction-diffusion,bubbles,A,full,box,26,0.0008432518633564157,0.9959374578184353
Gray-Scott reaction-diffusion,bubbles,A,full,box,27,0.0005251468465444969,0.9964626046649798
Gray-Scott reaction-diffusion,bubbles,A,full,box,28,0.000412143273027007,0.9968747479380068
Gray-Scott reaction-diffusion,bubbles,A,full,box,29,0.0003083069497995435,0.9971830548878062
Gray-Scott reaction-diffusion,bubbles,A,full,box,30,0.00022392265883322635,0.9974069775466395
Gray-Scott reaction-diffusion,bubbles,A,full,box,31,0.00021753106530451077,0.997624508611944
Gray-Scott reaction-diffusion,bubbles,A,full,box,32,0.00021000190652977805,0.9978345105184737
Gray-Scott reaction-diffusion,bubbles,A,full,box,33,0.00017868649039036355,0.998013197008864
Gray-Scott reaction-diffusion,bubbles,A,full,box,34,0.00018387925599865497,0.9981970762648626
Gray-Scott reaction-diffusion,bubbles,A,full,box,35,0.00017060993063391992,0.9983676861954965
Gray-Scott reaction-diffusion,bubbles,A,full,box,36,0.00017744304297553446,0.9985451292384722
Gray-Scott reaction-diffusion,bubbles,A,full,box,37,0.00016141971475461394,0.9987065489532267
Gray-Scott reaction-diffusion,bubbles,A,full,box,38,0.00015684952217193221,0.9988633984753988
Gray-Scott reaction-diffusion,bubbles,A,full,box,39,0.00014760025441595668,0.9990109987298147
Gray-Scott reaction-diffusion,bubbles,A,full,box,40,0.00013821590269008803,0.9991492146325048
Gray-Scott reaction-diffusion,bubbles,A,full,box,41,0.00012072009445068857,0.9992699347269556
Gray-Scott reaction-diffusion,bubbles,A,full,box,42,9.818280437163239e-05,0.9993681175313271
Gray-Scott reaction-diffusion,bubbles,A,full,box,43,8.915630219061274e-05,0.9994572738335178
Gray-Scott reaction-diffusion,bubbles,A,full,box,44,8.670965301271842e-05,0.9995439834865305
Gray-Scott reaction-diffusion,bubbles,A,full,box,45,7.928723866762687e-05,0.9996232707251982
Gray-Scott reaction-diffusion,bubbles,A,full,box,46,6.352871472550575e-05,0.9996867994399237
Gray-Scott reaction-diffusion,bubbles,A,full,box,47,5.390325378475271e-05,0.9997407026937084
Gray-Scott reaction-diffusion,bubbles,A,full,box,48,4.664336336818804e-05,0.9997873460570768
Gray-Scott reaction-diffusion,bubbles,A,full,box,49,3.777545832277933e-05,0.9998251215153995
Gray-Scott reaction-diffusion,bubbles,A,full,box,50,3.400434927760388e-05,0.9998591258646772
Gray-Scott reaction-diffusion,bubbles,A,full,box,51,2.7679235220726185e-05,0.9998868050998979
Gray-Scott reaction-diffusion,bubbles,A,full,box,52,1.9769066509399696e-05,0.9999065741664074
Gray-Scott reaction-diffusion,bubbles,A,full,box,53,1.943225468952597e-05,0.999926006421097
Gray-Scott reaction-diffusion,bubbles,A,full,box,54,1.5167969683487553e-05,0.9999411743907803
Gray-Scott reaction-diffusion,bubbles,A,full,box,55,1.2013986772920702e-05,0.9999531883775533
Gray-Scott reaction-diffusion,bubbles,A,full,box,56,9.445487723936132e-06,0.9999626338652772
Gray-Scott reaction-diffusion,bubbles,A,full,box,57,7.677333521310702e-06,0.9999703111987985
Gray-Scott reaction-diffusion,bubbles,A,full,box,58,6.72384116434256e-06,0.9999770350399629
Gray-Scott reaction-diffusion,bubbles,A,full,box,59,5.796118819008109e-06,0.9999828311587818
Gray-Scott reaction-diffusion,bubbles,A,full,box,60,5.112630575507929e-06,0.9999879437893574
Gray-Scott reaction-diffusion,bubbles,A,full,box,61,3.8626094585199625e-06,0.9999918063988159
Gray-Scott reaction-diffusion,bubbles,A,full,box,62,3.6237085061827764e-06,0.9999954301073221
Gray-Scott reaction-diffusion,bubbles,A,full,box,63,3.1834158862654386e-06,0.9999986135232083
Gray-Scott reaction-diffusion,bubbles,A,full,box,64,1.3864767917149635e-06,1.0
Gray-Scott reaction-diffusion,bubbles,A,train,radial,1,0.03449653506089618,0.03449653506089618
Gray-Scott reaction-diffusion,bubbles,A,train,radial,2,0.09377612229381808,0.12827265735471427
Gray-Scott reaction-diffusion,bubbles,A,train,radial,3,0.11180581912078347,0.2400784764754977
Gray-Scott reaction-diffusion,bubbles,A,train,radial,4,0.07595622287819495,0.31603469935369266
Gray-Scott reaction-diffusion,bubbles,A,train,radial,5,0.15520953898972378,0.4712442383434165
Gray-Scott reaction-diffusion,bubbles,A,train,radial,6,0.10782545995448195,0.5790696982978984
Gray-Scott reaction-diffusion,bubbles,A,train,radial,7,0.10306059954945312,0.6821302978473516
Gray-Scott reaction-diffusion,bubbles,A,train,radial,8,0.06343301970377195,0.7455633175511236
Gray-Scott reaction-diffusion,bubbles,A,train,radial,9,0.06193107774461615,0.8074943952957399
Gray-Scott reaction-diffusion,bubbles,A,train,radial,10,0.0526790101114652,0.8601734054072051
Gray-Scott reaction-diffusion,bubbles,A,train,radial,11,0.02577310857257127,0.8859465139797764
Gray-Scott reaction-diffusion,bubbles,A,train,radial,12,0.024016531774974016,0.9099630457547504
Gray-Scott reaction-diffusion,bubbles,A,train,radial,13,0.017582259025284645,0.927545304780035
Gray-Scott reaction-diffusion,bubbles,A,train,radial,14,0.012228528054958256,0.9397738328349934
Gray-Scott reaction-diffusion,bubbles,A,train,radial,15,0.010190590921197853,0.9499644237561913
Gray-Scott reaction-diffusion,bubbles,A,train,radial,16,0.008464562014056267,0.9584289857702475
Gray-Scott reaction-diffusion,bubbles,A,train,radial,17,0.007243809902126843,0.9656727956723743
Gray-Scott reaction-diffusion,bubbles,A,train,radial,18,0.005661118022161139,0.9713339136945355
Gray-Scott reaction-diffusion,bubbles,A,train,radial,19,0.005417294623726802,0.9767512083182622
Gray-Scott reaction-diffusion,bubbles,A,train,radial,20,0.003856472339623061,0.9806076806578853
Gray-Scott reaction-diffusion,bubbles,A,train,radial,21,0.003577487602272307,0.9841851682601576
Gray-Scott reaction-diffusion,bubbles,A,train,radial,22,0.003052834589751095,0.9872380028499086
Gray-Scott reaction-diffusion,bubbles,A,train,radial,23,0.002183503339338831,0.9894215061892474
Gray-Scott reaction-diffusion,bubbles,A,train,radial,24,0.0018440767440220812,0.9912655829332694
Gray-Scott reaction-diffusion,bubbles,A,train,radial,25,0.001567322786387615,0.9928329057196571
Gray-Scott reaction-diffusion,bubbles,A,train,radial,26,0.0013425606410436808,0.9941754663607008
Gray-Scott reaction-diffusion,bubbles,A,train,radial,27,0.0009423812566701054,0.995117847617371
Gray-Scott reaction-diffusion,bubbles,A,train,radial,28,0.0007333709826265958,0.9958512185999975
Gray-Scott reaction-diffusion,bubbles,A,train,radial,29,0.0007490614646676937,0.9966002800646652
Gray-Scott reaction-diffusion,bubbles,A,train,radial,30,0.0005165590152007291,0.9971168390798658
Gray-Scott reaction-diffusion,bubbles,A,train,radial,31,0.0004634488601708793,0.9975802879400367
Gray-Scott reaction-diffusion,bubbles,A,train,radial,32,0.000380525213083668,0.9979608131531205
Gray-Scott reaction-diffusion,bubbles,A,train,radial,33,0.00030544458612110725,0.9982662577392416
Gray-Scott reaction-diffusion,bubbles,A,train,radial,34,0.0002799812491735414,0.9985462389884152
Gray-Scott reaction-diffusion,bubbles,A,train,radial,35,0.00020530154145286835,0.9987515405298681
Gray-Scott reaction-diffusion,bubbles,A,train,radial,36,0.00019796276599874874,0.9989495032958668
Gray-Scott reaction-diffusion,bubbles,A,train,radial,37,0.00015982710041858802,0.9991093303962855
Gray-Scott reaction-diffusion,bubbles,A,train,radial,38,0.00013710278016841924,0.999246433176454
Gray-Scott reaction-diffusion,bubbles,A,train,radial,39,0.00011481412866686334,0.9993612473051208
Gray-Scott reaction-diffusion,bubbles,A,train,radial,40,8.753193715162595e-05,0.9994487792422724
Gray-Scott reaction-diffusion,bubbles,A,train,radial,41,9.23450601300496e-05,0.9995411243024024
Gray-Scott reaction-diffusion,bubbles,A,train,radial,42,6.820335597999075e-05,0.9996093276583823
Gray-Scott reaction-diffusion,bubbles,A,train,radial,43,6.288251958273803e-05,0.999672210177965
Gray-Scott reaction-diffusion,bubbles,A,train,radial,44,5.161554787126926e-05,0.9997238257258363
Gray-Scott reaction-diffusion,bubbles,A,train,radial,45,4.023670019226014e-05,0.9997640624260287
Gray-Scott reaction-diffusion,bubbles,A,train,radial,46,3.664790891202312e-05,0.9998007103349406
Gray-Scott reaction-diffusion,bubbles,A,train,radial,47,3.029331719619265e-05,0.9998310036521367
Gray-Scott reaction-diffusion,bubbles,A,train,radial,48,2.768328616910561e-05,0.9998586869383059
Gray-Scott reaction-diffusion,bubbles,A,train,radial,49,2.302585778263363e-05,0.9998817127960886
Gray-Scott reaction-diffusion,bubbles,A,train,radial,50,2.0030307101715815e-05,0.9999017431031904
Gray-Scott reaction-diffusion,bubbles,A,train,radial,51,1.7220930845684368e-05,0.9999189640340361
Gray-Scott reaction-diffusion,bubbles,A,train,radial,52,1.1960087314817873e-05,0.999930924121351
Gray-Scott reaction-diffusion,bubbles,A,train,radial,53,1.1626349424671032e-05,0.9999425504707756
Gray-Scott reaction-diffusion,bubbles,A,train,radial,54,8.517145899699342e-06,0.9999510676166753
Gray-Scott reaction-diffusion,bubbles,A,train,radial,55,8.738462229504408e-06,0.9999598060789049
Gray-Scott reaction-diffusion,bubbles,A,train,radial,56,6.6901426702488715e-06,0.9999664962215751
Gray-Scott reaction-diffusion,bubbles,A,train,radial,57,5.7418498557723805e-06,0.999972238071431
Gray-Scott reaction-diffusion,bubbles,A,train,radial,58,5.088532227642674e-06,0.9999773266036586
Gray-Scott reaction-diffusion,bubbles,A,train,radial,59,4.346205551568059e-06,0.99998167280921
Gray-Scott reaction-diffusion,bubbles,A,train,radial,60,3.921194951324474e-06,0.9999855940041613
Gray-Scott reaction-diffusion,bubbles,A,train,radial,61,3.4377758022116143e-06,0.9999890317799636
Gray-Scott reaction-diffusion,bubbles,A,train,radial,62,2.6583298182329552e-06,0.9999916901097818
Gray-Scott reaction-diffusion,bubbles,A,train,radial,63,2.4925057105983017e-06,0.9999941826154924
Gray-Scott reaction-diffusion,bubbles,A,train,radial,64,1.7955731196623931e-06,0.9999959781886121
Gray-Scott reaction-diffusion,bubbles,A,train,radial,65,1.152073437564007e-06,0.9999971302620496
Gray-Scott reaction-diffusion,bubbles,A,train,radial,66,8.449331067798435e-07,0.9999979751951564
Gray-Scott reaction-diffusion,bubbles,A,train,radial,67,6.015814003169329e-07,0.9999985767765568
Gray-Scott reaction-diffusion,bubbles,A,train,radial,68,4.787902241364193e-07,0.9999990555667808
Gray-Scott reaction-diffusion,bubbles,A,train,radial,69,3.1667940428733937e-07,0.9999993722461852
Gray-Scott reaction-diffusion,bubbles,A,train,radial,70,2.076622838375894e-07,0.9999995799084691
Gray-Scott reaction-diffusion,bubbles,A,train,radial,71,1.6538277265040858e-07,0.9999997452912417
Gray-Scott reaction-diffusion,bubbles,A,train,radial,72,1.2224894143693392e-07,0.9999998675401832
Gray-Scott reaction-diffusion,bubbles,A,train,radial,73,7.047572731626961e-08,0.9999999380159105
Gray-Scott reaction-diffusion,bubbles,A,train,radial,74,4.3820092230418254e-08,0.9999999818360027
Gray-Scott reaction-diffusion,bubbles,A,train,radial,75,1.228884361203871e-08,0.9999999941248462
Gray-Scott reaction-diffusion,bubbles,A,train,radial,76,5.875153599837415e-09,0.9999999999999999
Gray-Scott reaction-diffusion,bubbles,A,train,radial,77,1.1352855415466154e-16,1.0
Gray-Scott reaction-diffusion,bubbles,A,train,radial,78,7.768183362576543e-17,1.0
Gray-Scott reaction-diffusion,bubbles,A,train,radial,79,8.417790619595868e-17,1.0000000000000002
Gray-Scott reaction-diffusion,bubbles,A,train,radial,80,7.202364173821589e-17,1.0000000000000002
Gray-Scott reaction-diffusion,bubbles,A,train,radial,81,5.35978341297967e-17,1.0000000000000002
Gray-Scott reaction-diffusion,bubbles,A,train,radial,82,7.378544170618835e-17,1.0000000000000002
Gray-Scott reaction-diffusion,bubbles,A,train,radial,83,3.8145151840412097e-17,1.0000000000000002
Gray-Scott reaction-diffusion,bubbles,A,train,radial,84,5.327368999650779e-17,1.0000000000000002
Gray-Scott reaction-diffusion,bubbles,A,train,radial,85,2.670244739039462e-17,1.0000000000000002
Gray-Scott reaction-diffusion,bubbles,A,train,radial,86,2.7201376352366602e-17,1.0000000000000002
Gray-Scott reaction-diffusion,bubbles,A,train,radial,87,2.2839995822476622e-17,1.0000000000000002
Gray-Scott reaction-diffusion,bubbles,A,train,radial,88,1.1308039140117834e-17,1.0000000000000002
Gray-Scott reaction-diffusion,bubbles,A,train,radial,89,1.0305205911183141e-17,1.0000000000000002
Gray-Scott reaction-diffusion,bubbles,A,train,radial,90,5.939967655757751e-19,1.0000000000000002
Gray-Scott reaction-diffusion,bubbles,A,train,box,1,0.03449653506089618,0.03449653506089618
Gray-Scott reaction-diffusion,bubbles,A,train,box,2,0.09377612229381808,0.12827265735471427
Gray-Scott reaction-diffusion,bubbles,A,train,box,3,0.1222303849450313,0.25050304229974557
Gray-Scott reaction-diffusion,bubbles,A,train,box,4,0.10302547315108394,0.3535285154508295
Gray-Scott reaction-diffusion,bubbles,A,train,box,5,0.1661700817251163,0.5196985971759458
Gray-Scott reaction-diffusion,bubbles,A,train,box,6,0.1001851799925755,0.6198837771685214
Gray-Scott reaction-diffusion,bubbles,A,train,box,7,0.09872994166178102,0.7186137188303025
Gray-Scott reaction-diffusion,bubbles,A,train,box,8,0.07098788699635596,0.7896016058266584
Gray-Scott reaction-diffusion,bubbles,A,train,box,9,0.05355916971844469,0.8431607755451032
Gray-Scott reaction-diffusion,bubbles,A,train,box,10,0.03851528845876782,0.8816760640038709
Gray-Scott reaction-diffusion,bubbles,A,train,box,11,0.023724689712896607,0.9054007537167675
Gray-Scott reaction-diffusion,bubbles,A,train,box,12,0.02089163313080568,0.9262923868475732
Gray-Scott reaction-diffusion,bubbles,A,train,box,13,0.01408703511391506,0.9403794219614884
Gray-Scott reaction-diffusion,bubbles,A,train,box,14,0.011582898520556729,0.9519623204820451
Gray-Scott reaction-diffusion,bubbles,A,train,box,15,0.008956970757081599,0.9609192912391267
Gray-Scott reaction-diffusion,bubbles,A,train,box,16,0.0072267827990488125,0.9681460740381755
Gray-Scott reaction-diffusion,bubbles,A,train,box,17,0.005951757952018015,0.9740978319901936
Gray-Scott reaction-diffusion,bubbles,A,train,box,18,0.004471856675286558,0.9785696886654801
Gray-Scott reaction-diffusion,bubbles,A,train,box,19,0.004595075927147748,0.9831647645926278
Gray-Scott reaction-diffusion,bubbles,A,train,box,20,0.0032369042215062566,0.9864016688141342
Gray-Scott reaction-diffusion,bubbles,A,train,box,21,0.0025717201894526827,0.9889733890035869
Gray-Scott reaction-diffusion,bubbles,A,train,box,22,0.0021530100501578097,0.9911263990537447
Gray-Scott reaction-diffusion,bubbles,A,train,box,23,0.0016389525690364386,0.9927653516227812
Gray-Scott reaction-diffusion,bubbles,A,train,box,24,0.0011971517666631223,0.9939625033894444
Gray-Scott reaction-diffusion,bubbles,A,train,box,25,0.0011647245225099247,0.9951272279119543
Gray-Scott reaction-diffusion,bubbles,A,train,box,26,0.0009067543587057807,0.99603398227066
Gray-Scott reaction-diffusion,bubbles,A,train,box,27,0.0006749134132746621,0.9967088956839347
Gray-Scott reaction-diffusion,bubbles,A,train,box,28,0.0005699552380557269,0.9972788509219905
Gray-Scott reaction-diffusion,bubbles,A,train,box,29,0.0004752071599239496,0.9977540580819145
Gray-Scott reaction-diffusion,bubbles,A,train,box,30,0.0003799080518383869,0.9981339661337528
Gray-Scott reaction-diffusion,bubbles,A,train,box,31,0.0002996089098758872,0.9984335750436287
Gray-Scott reaction-diffusion,bubbles,A,train,box,32,0.0002534956486369816,0.9986870706922657
Gray-Scott reaction-diffusion,bubbles,A,train,box,33,0.0002001236035287284,0.9988871942957943
Gray-Scott reaction-diffusion,bubbles,A,train,box,34,0.00018116559679330236,0.9990683598925877
Gray-Scott reaction-diffusion,bubbles,A,train,box,35,0.00015226541145491656,0.9992206253040425
Gray-Scott reaction-diffusion,bubbles,A,train,box,36,0.00011832999654564803,0.9993389553005881
Gray-Scott reaction-diffusion,bubbles,A,train,box,37,0.00010805541485816389,0.9994470107154464
Gray-Scott reaction-diffusion,bubbles,A,train,box,38,8.548140750305917e-05,0.9995324921229494
Gray-Scott reaction-diffusion,bubbles,A,train,box,39,7.798767379432361e-05,0.9996104797967438
Gray-Scott reaction-diffusion,bubbles,A,train,box,40,6.195755472620799e-05,0.99967243735147
Gray-Scott reaction-diffusion,bubbles,A,train,box,41,5.4170709061902344e-05,0.9997266080605318
Gray-Scott reaction-diffusion,bubbles,A,train,box,42,4.431363468602436e-05,0.999770921695218
Gray-Scott reaction-diffusion,bubbles,A,train,box,43,3.4367931246638774e-05,0.9998052896264646
Gray-Scott reaction-diffusion,bubbles,A,train,box,44,3.220770664882401e-05,0.9998374973331133
Gray-Scott reaction-diffusion,bubbles,A,train,box,45,2.541273064340002e-05,0.9998629100637567
Gray-Scott reaction-diffusion,bubbles,A,train,box,46,2.124999927107995e-05,0.9998841600630279
Gray-Scott reaction-diffusion,bubbles,A,train,box,47,1.794223755632704e-05,0.9999021023005842
Gray-Scott reaction-diffusion,bubbles,A,train,box,48,1.5972818478343917e-05,0.9999180751190626
Gray-Scott reaction-diffusion,bubbles,A,train,box,49,1.4467684429723204e-05,0.9999325428034923
Gray-Scott reaction-diffusion,bubbles,A,train,box,50,1.0945092738229156e-05,0.9999434878962306
Gray-Scott reaction-diffusion,bubbles,A,train,box,51,1.0033887180887054e-05,0.9999535217834113
Gray-Scott reaction-diffusion,bubbles,A,train,box,52,7.111008399221573e-06,0.9999606327918106
Gray-Scott reaction-diffusion,bubbles,A,train,box,53,6.2140625936428265e-06,0.9999668468544042
Gray-Scott reaction-diffusion,bubbles,A,train,box,54,5.704636079106132e-06,0.9999725514904833
Gray-Scott reaction-diffusion,bubbles,A,train,box,55,5.144721946521765e-06,0.9999776962124298
Gray-Scott reaction-diffusion,bubbles,A,train,box,56,3.83978835745819e-06,0.9999815360007873
Gray-Scott reaction-diffusion,bubbles,A,train,box,57,3.548341211380208e-06,0.9999850843419986
Gray-Scott reaction-diffusion,bubbles,A,train,box,58,3.1119395550602637e-06,0.9999881962815537
Gray-Scott reaction-diffusion,bubbles,A,train,box,59,2.5982218248879264e-06,0.9999907945033786
Gray-Scott reaction-diffusion,bubbles,A,train,box,60,2.5922718848627e-06,0.9999933867752634
Gray-Scott reaction-diffusion,bubbles,A,train,box,61,2.1577492559274356e-06,0.9999955445245193
Gray-Scott reaction-diffusion,bubbles,A,train,box,62,1.8657145122471876e-06,0.9999974102390315
Gray-Scott reaction-diffusion,bubbles,A,train,box,63,1.8040943754291031e-06,0.999999214333407
Gray-Scott reaction-diffusion,bubbles,A,train,box,64,7.856665933700467e-07,1.0000000000000002
Gray-Scott reaction-diffusion,bubbles,A,settled,radial,1,0.014773914229315824,0.014773914229315824
Gray-Scott reaction-diffusion,bubbles,A,settled,radial,2,0.04251633306923549,0.05729024729855131
Gray-Scott reaction-diffusion,bubbles,A,settled,radial,3,0.06939933364157883,0.12668958094013014
Gray-Scott reaction-diffusion,bubbles,A,settled,radial,4,0.0474213912083155,0.17411097214844562
Gray-Scott reaction-diffusion,bubbles,A,settled,radial,5,0.09946197897770886,0.2735729511261545
Gray-Scott reaction-diffusion,bubbles,A,settled,radial,6,0.08458872853355524,0.35816167965970974
Gray-Scott reaction-diffusion,bubbles,A,settled,radial,7,0.09282733619767589,0.4509890158573856
Gray-Scott reaction-diffusion,bubbles,A,settled,radial,8,0.07222968978361971,0.5232187056410053
Gray-Scott reaction-diffusion,bubbles,A,settled,radial,9,0.07892434602789632,0.6021430516689016
Gray-Scott reaction-diffusion,bubbles,A,settled,radial,10,0.07883665844251968,0.6809797101114213
Gray-Scott reaction-diffusion,bubbles,A,settled,radial,11,0.04524337668822739,0.7262230867996486
Gray-Scott reaction-diffusion,bubbles,A,settled,radial,12,0.052500402429715,0.7787234892293637
Gray-Scott reaction-diffusion,bubbles,A,settled,radial,13,0.04243066599828061,0.8211541552276443
Gray-Scott reaction-diffusion,bubbles,A,settled,radial,14,0.033310318596540905,0.8544644738241853
Gray-Scott reaction-diffusion,bubbles,A,settled,radial,15,0.026324019830830207,0.8807884936550154
Gray-Scott reaction-diffusion,bubbles,A,settled,radial,16,0.023493705539011946,0.9042821991940274
Gray-Scott reaction-diffusion,bubbles,A,settled,radial,17,0.025666516650984992,0.9299487158450123
Gray-Scott reaction-diffusion,bubbles,A,settled,radial,18,0.016250773477592333,0.9461994893226047
Gray-Scott reaction-diffusion,bubbles,A,settled,radial,19,0.012832924179936986,0.9590324135025415
Gray-Scott reaction-diffusion,bubbles,A,settled,radial,20,0.009918729402630782,0.9689511429051724
Gray-Scott reaction-diffusion,bubbles,A,settled,radial,21,0.008739979447280083,0.9776911223524525
Gray-Scott reaction-diffusion,bubbles,A,settled,radial,22,0.005622014509962484,0.9833131368624148
Gray-Scott reaction-diffusion,bubbles,A,settled,radial,23,0.004036790865728197,0.9873499277281431
Gray-Scott reaction-diffusion,bubbles,A,settled,radial,24,0.003089288571427291,0.9904392162995703
Gray-Scott reaction-diffusion,bubbles,A,settled,radial,25,0.002432938885280005,0.9928721551848503
Gray-Scott reaction-diffusion,bubbles,A,settled,radial,26,0.0014913084186743957,0.9943634636035247
Gray-Scott reaction-diffusion,bubbles,A,settled,radial,27,0.0009261509711137005,0.9952896145746384
Gray-Scott reaction-diffusion,bubbles,A,settled,radial,28,0.0006895190008633507,0.9959791335755017
Gray-Scott reaction-diffusion,bubbles,A,settled,radial,29,0.0005415033191826274,0.9965206368946844
Gray-Scott reaction-diffusion,bubbles,A,settled,radial,30,0.0002717215127399162,0.9967923584074243
Gray-Scott reaction-diffusion,bubbles,A,settled,radial,31,0.00021975539914966417,0.997012113806574
Gray-Scott reaction-diffusion,bubbles,A,settled,radial,32,0.00015275729819385175,0.9971648711047677
Gray-Scott reaction-diffusion,bubbles,A,settled,radial,33,0.00015115177160341363,0.9973160228763711
Gray-Scott reaction-diffusion,bubbles,A,settled,radial,34,0.0001617049754369943,0.9974777278518081
Gray-Scott reaction-diffusion,bubbles,A,settled,radial,35,0.00014566944050744936,0.9976233972923155
Gray-Scott reaction-diffusion,bubbles,A,settled,radial,36,0.00017915408483648782,0.997802551377152
Gray-Scott reaction-diffusion,bubbles,A,settled,radial,37,0.00016253569243261358,0.9979650870695846
Gray-Scott reaction-diffusion,bubbles,A,settled,radial,38,0.00019425190588486402,0.9981593389754695
Gray-Scott reaction-diffusion,bubbles,A,settled,radial,39,0.00017765497684463179,0.9983369939523142
Gray-Scott reaction-diffusion,bubbles,A,settled,radial,40,0.00016969223233847971,0.9985066861846527
Gray-Scott reaction-diffusion,bubbles,A,settled,radial,41,0.00017925801392953112,0.9986859441985821
Gray-Scott reaction-diffusion,bubbles,A,settled,radial,42,0.00015800578047003784,0.9988439499790522
Gray-Scott reaction-diffusion,bubbles,A,settled,radial,43,0.0001570269297489502,0.9990009769088011
Gray-Scott reaction-diffusion,bubbles,A,settled,radial,44,0.00013184291712965983,0.9991328198259307
Gray-Scott reaction-diffusion,bubbles,A,settled,radial,45,0.00013416127525276865,0.9992669811011834
Gray-Scott reaction-diffusion,bubbles,A,settled,radial,46,0.00011885728861773185,0.9993858383898012
Gray-Scott reaction-diffusion,bubbles,A,settled,radial,47,9.956003237828693e-05,0.9994853984221795
Gray-Scott reaction-diffusion,bubbles,A,settled,radial,48,8.84999015406472e-05,0.9995738983237202
Gray-Scott reaction-diffusion,bubbles,A,settled,radial,49,7.253496103710998e-05,0.9996464332847573
Gray-Scott reaction-diffusion,bubbles,A,settled,radial,50,7.43625081447631e-05,0.9997207957929022
Gray-Scott reaction-diffusion,bubbles,A,settled,radial,51,5.3960517578746746e-05,0.9997747563104808
Gray-Scott reaction-diffusion,bubbles,A,settled,radial,52,3.9268445712804525e-05,0.9998140247561936
Gray-Scott reaction-diffusion,bubbles,A,settled,radial,53,3.656703020796196e-05,0.9998505917864016
Gray-Scott reaction-diffusion,bubbles,A,settled,radial,54,2.976754880132643e-05,0.9998803593352028
Gray-Scott reaction-diffusion,bubbles,A,settled,radial,55,2.602954315554187e-05,0.9999063888783585
Gray-Scott reaction-diffusion,bubbles,A,settled,radial,56,1.956444646682241e-05,0.9999259533248253
Gray-Scott reaction-diffusion,bubbles,A,settled,radial,57,1.560984279105457e-05,0.9999415631676164
Gray-Scott reaction-diffusion,bubbles,A,settled,radial,58,1.2472735641826882e-05,0.9999540359032582
Gray-Scott reaction-diffusion,bubbles,A,settled,radial,59,1.0186020497300406e-05,0.9999642219237554
Gray-Scott reaction-diffusion,bubbles,A,settled,radial,60,8.206447951167566e-06,0.9999724283717065
Gray-Scott reaction-diffusion,bubbles,A,settled,radial,61,6.431079771193569e-06,0.9999788594514777
Gray-Scott reaction-diffusion,bubbles,A,settled,radial,62,5.80660420300876e-06,0.9999846660556808
Gray-Scott reaction-diffusion,bubbles,A,settled,radial,63,4.582668904412639e-06,0.9999892487245853
Gray-Scott reaction-diffusion,bubbles,A,settled,radial,64,3.2643190590950913e-06,0.9999925130436443
Gray-Scott reaction-diffusion,bubbles,A,settled,radial,65,2.3984784283498755e-06,0.9999949115220726
Gray-Scott reaction-diffusion,bubbles,A,settled,radial,66,1.3406038137431974e-06,0.9999962521258865
Gray-Scott reaction-diffusion,bubbles,A,settled,radial,67,1.1265385178710148e-06,0.9999973786644043
Gray-Scott reaction-diffusion,bubbles,A,settled,radial,68,8.824937215372728e-07,0.9999982611581258
Gray-Scott reaction-diffusion,bubbles,A,settled,radial,69,6.173592614838654e-07,0.9999988785173873
Gray-Scott reaction-diffusion,bubbles,A,settled,radial,70,3.087312448847206e-07,0.9999991872486322
Gray-Scott reaction-diffusion,bubbles,A,settled,radial,71,3.3147069011928453e-07,0.9999995187193225
Gray-Scott reaction-diffusion,bubbles,A,settled,radial,72,2.2142214206983463e-07,0.9999997401414645
Gray-Scott reaction-diffusion,bubbles,A,settled,radial,73,1.4663680926041767e-07,0.9999998867782739
Gray-Scott reaction-diffusion,bubbles,A,settled,radial,74,7.433442882490373e-08,0.9999999611127026
Gray-Scott reaction-diffusion,bubbles,A,settled,radial,75,2.5559089133097608e-08,0.9999999866717918
Gray-Scott reaction-diffusion,bubbles,A,settled,radial,76,1.3328206547518555e-08,0.9999999999999982
Gray-Scott reaction-diffusion,bubbles,A,settled,radial,77,2.5800498547565166e-16,0.9999999999999986
Gray-Scott reaction-diffusion,bubbles,A,settled,radial,78,1.9000568990174665e-16,0.9999999999999987
Gray-Scott reaction-diffusion,bubbles,A,settled,radial,79,2.0009645755281767e-16,0.9999999999999988
Gray-Scott reaction-diffusion,bubbles,A,settled,radial,80,1.680737479046516e-16,0.999999999999999
Gray-Scott reaction-diffusion,bubbles,A,settled,radial,81,1.2607014941969752e-16,0.9999999999999991
Gray-Scott reaction-diffusion,bubbles,A,settled,radial,82,1.784226553484853e-16,0.9999999999999992
Gray-Scott reaction-diffusion,bubbles,A,settled,radial,83,8.033147929631233e-17,0.9999999999999994
Gray-Scott reaction-diffusion,bubbles,A,settled,radial,84,1.2276938642278793e-16,0.9999999999999996
Gray-Scott reaction-diffusion,bubbles,A,settled,radial,85,6.71449552754116e-17,0.9999999999999996
Gray-Scott reaction-diffusion,bubbles,A,settled,radial,86,6.522804437184228e-17,0.9999999999999996
Gray-Scott reaction-diffusion,bubbles,A,settled,radial,87,5.566764822709421e-17,0.9999999999999996
Gray-Scott reaction-diffusion,bubbles,A,settled,radial,88,2.3728626833245004e-17,0.9999999999999996
Gray-Scott reaction-diffusion,bubbles,A,settled,radial,89,2.314891490088622e-17,0.9999999999999996
Gray-Scott reaction-diffusion,bubbles,A,settled,radial,90,2.7001254569561717e-18,0.9999999999999996
Gray-Scott reaction-diffusion,bubbles,A,settled,box,1,0.01477391422931582,0.01477391422931582
Gray-Scott reaction-diffusion,bubbles,A,settled,box,2,0.04251633306923548,0.057290247298551304
Gray-Scott reaction-diffusion,bubbles,A,settled,box,3,0.07505175765094077,0.13234200494949208
Gray-Scott reaction-diffusion,bubbles,A,settled,box,4,0.06764979881684077,0.19999180376633283
Gray-Scott reaction-diffusion,bubbles,A,settled,box,5,0.11681391983347188,0.3168057235998047
Gray-Scott reaction-diffusion,bubbles,A,settled,box,6,0.08694232392808149,0.4037480475278862
Gray-Scott reaction-diffusion,bubbles,A,settled,box,7,0.09250638677102156,0.4962544342989077
Gray-Scott reaction-diffusion,bubbles,A,settled,box,8,0.08644024196427982,0.5826946762631876
Gray-Scott reaction-diffusion,bubbles,A,settled,box,9,0.08105256943934544,0.6637472457025331
Gray-Scott reaction-diffusion,bubbles,A,settled,box,10,0.07094282844744204,0.7346900741499751
Gray-Scott reaction-diffusion,bubbles,A,settled,box,11,0.04823597609463882,0.7829260502446138
Gray-Scott reaction-diffusion,bubbles,A,settled,box,12,0.04103570688013301,0.8239617571247468
Gray-Scott reaction-diffusion,bubbles,A,settled,box,13,0.03513706644248375,0.8590988235672307
Gray-Scott reaction-diffusion,bubbles,A,settled,box,14,0.035956404249850846,0.8950552278170816
Gray-Scott reaction-diffusion,bubbles,A,settled,box,15,0.025181144713962506,0.9202363725310441
Gray-Scott reaction-diffusion,bubbles,A,settled,box,16,0.019300697705506027,0.9395370702365501
Gray-Scott reaction-diffusion,bubbles,A,settled,box,17,0.013446367822793914,0.952983438059344
Gray-Scott reaction-diffusion,bubbles,A,settled,box,18,0.012089658600852784,0.9650730966601968
Gray-Scott reaction-diffusion,bubbles,A,settled,box,19,0.00973487049832679,0.9748079671585235
Gray-Scott reaction-diffusion,bubbles,A,settled,box,20,0.006926108436732784,0.9817340755952563
Gray-Scott reaction-diffusion,bubbles,A,settled,box,21,0.0046889578389609915,0.9864230334342172
Gray-Scott reaction-diffusion,bubbles,A,settled,box,22,0.0033541641573526706,0.9897771975915699
Gray-Scott reaction-diffusion,bubbles,A,settled,box,23,0.0024546967209066323,0.9922318943124765
Gray-Scott reaction-diffusion,bubbles,A,settled,box,24,0.001648081286964492,0.9938799755994411
Gray-Scott reaction-diffusion,bubbles,A,settled,box,25,0.0012613111641921189,0.9951412867636331
Gray-Scott reaction-diffusion,bubbles,A,settled,box,26,0.0008221289435047556,0.9959634157071379
Gray-Scott reaction-diffusion,bubbles,A,settled,box,27,0.0004869054767136082,0.9964503211838516
Gray-Scott reaction-diffusion,bubbles,A,settled,box,28,0.00039276600456236943,0.996843087188414
Gray-Scott reaction-diffusion,bubbles,A,settled,box,29,0.0002692927355423145,0.9971123799239562
Gray-Scott reaction-diffusion,bubbles,A,settled,box,30,0.00018620324867133392,0.9972985831726275
Gray-Scott reaction-diffusion,bubbles,A,settled,box,31,0.00020185764047415006,0.9975004408131017
Gray-Scott reaction-diffusion,bubbles,A,settled,box,32,0.00019793915813007257,0.9976983799712317
Gray-Scott reaction-diffusion,bubbles,A,settled,box,33,0.0001721785589106093,0.9978705585301423
Gray-Scott reaction-diffusion,bubbles,A,settled,box,34,0.0001859976365767892,0.9980565561667191
Gray-Scott reaction-diffusion,bubbles,A,settled,box,35,0.00016984323412602765,0.9982263994008451
Gray-Scott reaction-diffusion,bubbles,A,settled,box,36,0.00018629353029488575,0.99841269293114
Gray-Scott reaction-diffusion,bubbles,A,settled,box,37,0.00017040538714191064,0.9985830983182818
Gray-Scott reaction-diffusion,bubbles,A,settled,box,38,0.00016976882698162748,0.9987528671452636
Gray-Scott reaction-diffusion,bubbles,A,settled,box,39,0.00016063528050429848,0.9989135024257678
Gray-Scott reaction-diffusion,bubbles,A,settled,box,40,0.0001499984115375055,0.9990635008373053
Gray-Scott reaction-diffusion,bubbles,A,settled,box,41,0.00013049560823180434,0.9991939964455372
Gray-Scott reaction-diffusion,bubbles,A,settled,box,42,0.00010597283675084047,0.999299969282288
Gray-Scott reaction-diffusion,bubbles,A,settled,box,43,9.890232108605928e-05,0.999398871603374
Gray-Scott reaction-diffusion,bubbles,A,settled,box,44,9.577163906228042e-05,0.9994946432424363
Gray-Scott reaction-diffusion,bubbles,A,settled,box,45,8.577741895499399e-05,0.9995804206613913
Gray-Scott reaction-diffusion,bubbles,A,settled,box,46,7.186519877549223e-05,0.9996522858601667
Gray-Scott reaction-diffusion,bubbles,A,settled,box,47,6.10950962547395e-05,0.9997133809564215
Gray-Scott reaction-diffusion,bubbles,A,settled,box,48,5.201605357950226e-05,0.9997653970100009
Gray-Scott reaction-diffusion,bubbles,A,settled,box,49,4.16295924754751e-05,0.9998070266024763
Gray-Scott reaction-diffusion,bubbles,A,settled,box,50,3.815378958110163e-05,0.9998451803920574
Gray-Scott reaction-diffusion,bubbles,A,settled,box,51,3.0558893994423555e-05,0.9998757392860519
Gray-Scott reaction-diffusion,bubbles,A,settled,box,52,2.1560303677872996e-05,0.9998972995897297
Gray-Scott reaction-diffusion,bubbles,A,settled,box,53,2.2054340678533956e-05,0.9999193539304083
Gray-Scott reaction-diffusion,bubbles,A,settled,box,54,1.6639992919835915e-05,0.9999359939233281
Gray-Scott reaction-diffusion,bubbles,A,settled,box,55,1.3392882318027323e-05,0.9999493868056462
Gray-Scott reaction-diffusion,bubbles,A,settled,box,56,1.0369970464406298e-05,0.9999597567761106
Gray-Scott reaction-diffusion,bubbles,A,settled,box,57,8.327507731484403e-06,0.9999680842838421
Gray-Scott reaction-diffusion,bubbles,A,settled,box,58,7.214925701411141e-06,0.9999752992095435
Gray-Scott reaction-diffusion,bubbles,A,settled,box,59,6.277937838972829e-06,0.9999815771473824
Gray-Scott reaction-diffusion,bubbles,A,settled,box,60,5.503208832299171e-06,0.9999870803562148
Gray-Scott reaction-diffusion,bubbles,A,settled,box,61,4.104739429761973e-06,0.9999911850956446
Gray-Scott reaction-diffusion,bubbles,A,settled,box,62,3.956118088056367e-06,0.9999951412137326
Gray-Scott reaction-diffusion,bubbles,A,settled,box,63,3.3756178382250482e-06,0.9999985168315707
Gray-Scott reaction-diffusion,bubbles,A,settled,box,64,1.483168428857008e-06,0.9999999999999996
Gray-Scott reaction-diffusion,bubbles,B,full,radial,1,0.013562677700913114,0.013562677700913114
Gray-Scott reaction-diffusion,bubbles,B,full,radial,2,0.03882839594000217,0.05239107364091528
Gray-Scott reaction-diffusion,bubbles,B,full,radial,3,0.05975021096242799,0.11214128460334327
Gray-Scott reaction-diffusion,bubbles,B,full,radial,4,0.04079042419300869,0.15293170879635196
Gray-Scott reaction-diffusion,bubbles,B,full,radial,5,0.0891520301073889,0.24208373890374085
Gray-Scott reaction-diffusion,bubbles,B,full,radial,6,0.0751202393903811,0.31720397829412195
Gray-Scott reaction-diffusion,bubbles,B,full,radial,7,0.08320939795194422,0.4004133762460661
Gray-Scott reaction-diffusion,bubbles,B,full,radial,8,0.06458028842170349,0.4649936646677696
Gray-Scott reaction-diffusion,bubbles,B,full,radial,9,0.07528852830891541,0.540282192976685
Gray-Scott reaction-diffusion,bubbles,B,full,radial,10,0.07492492392896241,0.6152071169056474
Gray-Scott reaction-diffusion,bubbles,B,full,radial,11,0.045246855823705155,0.6604539727293527
Gray-Scott reaction-diffusion,bubbles,B,full,radial,12,0.05114247918727042,0.7115964519166231
Gray-Scott reaction-diffusion,bubbles,B,full,radial,13,0.045390947889099705,0.7569873998057228
Gray-Scott reaction-diffusion,bubbles,B,full,radial,14,0.03727150186637696,0.7942589016720998
Gray-Scott reaction-diffusion,bubbles,B,full,radial,15,0.031116122735207474,0.8253750244073073
Gray-Scott reaction-diffusion,bubbles,B,full,radial,16,0.02782809825286788,0.8532031226601751
Gray-Scott reaction-diffusion,bubbles,B,full,radial,17,0.03231376859615942,0.8855168912563345
Gray-Scott reaction-diffusion,bubbles,B,full,radial,18,0.02180758391834629,0.9073244751746807
Gray-Scott reaction-diffusion,bubbles,B,full,radial,19,0.01823964579458206,0.9255641209692629
Gray-Scott reaction-diffusion,bubbles,B,full,radial,20,0.014458120506937813,0.9400222414762006
Gray-Scott reaction-diffusion,bubbles,B,full,radial,21,0.013790508699232608,0.9538127501754332
Gray-Scott reaction-diffusion,bubbles,B,full,radial,22,0.009085291040657101,0.9628980412160904
Gray-Scott reaction-diffusion,bubbles,B,full,radial,23,0.007208743797673203,0.9701067850137636
Gray-Scott reaction-diffusion,bubbles,B,full,radial,24,0.005522733269301661,0.9756295182830652
Gray-Scott reaction-diffusion,bubbles,B,full,radial,25,0.004605568049354768,0.98023508633242
Gray-Scott reaction-diffusion,bubbles,B,full,radial,26,0.0032137012714553007,0.9834487876038752
Gray-Scott reaction-diffusion,bubbles,B,full,radial,27,0.0020875811410197955,0.985536368744895
Gray-Scott reaction-diffusion,bubbles,B,full,radial,28,0.0015524678420827023,0.9870888365869778
Gray-Scott reaction-diffusion,bubbles,B,full,radial,29,0.0013968755631964134,0.9884857121501742
Gray-Scott reaction-diffusion,bubbles,B,full,radial,30,0.0007625763817078321,0.9892482885318821
Gray-Scott reaction-diffusion,bubbles,B,full,radial,31,0.000665371071513136,0.9899136596033953
Gray-Scott reaction-diffusion,bubbles,B,full,radial,32,0.0005092305256329005,0.9904228901290281
Gray-Scott reaction-diffusion,bubbles,B,full,radial,33,0.0004900485646662217,0.9909129386936943
Gray-Scott reaction-diffusion,bubbles,B,full,radial,34,0.000527282160695568,0.9914402208543899
Gray-Scott reaction-diffusion,bubbles,B,full,radial,35,0.00046105280934873223,0.9919012736637387
Gray-Scott reaction-diffusion,bubbles,B,full,radial,36,0.0005571032490449443,0.9924583769127837
Gray-Scott reaction-diffusion,bubbles,B,full,radial,37,0.0005194769352355861,0.9929778538480193
Gray-Scott reaction-diffusion,bubbles,B,full,radial,38,0.0006070132084868683,0.9935848670565062
Gray-Scott reaction-diffusion,bubbles,B,full,radial,39,0.0005618486612139301,0.9941467157177201
Gray-Scott reaction-diffusion,bubbles,B,full,radial,40,0.0005426531492207753,0.9946893688669407
Gray-Scott reaction-diffusion,bubbles,B,full,radial,41,0.0005810189870909526,0.9952703878540318
Gray-Scott reaction-diffusion,bubbles,B,full,radial,42,0.0005229019668142328,0.9957932898208459
Gray-Scott reaction-diffusion,bubbles,B,full,radial,43,0.0005242338942667517,0.9963175237151127
Gray-Scott reaction-diffusion,bubbles,B,full,radial,44,0.000453354303068111,0.9967708780181808
Gray-Scott reaction-diffusion,bubbles,B,full,radial,45,0.00046239830399053775,0.9972332763221714
Gray-Scott reaction-diffusion,bubbles,B,full,radial,46,0.0004138482572509884,0.9976471245794224
Gray-Scott reaction-diffusion,bubbles,B,full,radial,47,0.00035163735809487804,0.9979987619375172
Gray-Scott reaction-diffusion,bubbles,B,full,radial,48,0.00031755082451549873,0.9983163127620328
Gray-Scott reaction-diffusion,bubbles,B,full,radial,49,0.00027016321791108606,0.9985864759799439
Gray-Scott reaction-diffusion,bubbles,B,full,radial,50,0.0002752901254461155,0.9988617661053899
Gray-Scott reaction-diffusion,bubbles,B,full,radial,51,0.00020369800485348278,0.9990654641102434
Gray-Scott reaction-diffusion,bubbles,B,full,radial,52,0.00015247609426234497,0.9992179402045058
Gray-Scott reaction-diffusion,bubbles,B,full,radial,53,0.00014554919240374216,0.9993634893969096
Gray-Scott reaction-diffusion,bubbles,B,full,radial,54,0.00011896990326980668,0.9994824593001794
Gray-Scott reaction-diffusion,bubbles,B,full,radial,55,0.0001060513861145162,0.9995885106862938
Gray-Scott reaction-diffusion,bubbles,B,full,radial,56,8.006412669380802e-05,0.9996685748129877
Gray-Scott reaction-diffusion,bubbles,B,full,radial,57,6.608487475548917e-05,0.9997346596877432
Gray-Scott reaction-diffusion,bubbles,B,full,radial,58,5.373351319874116e-05,0.9997883932009419
Gray-Scott reaction-diffusion,bubbles,B,full,radial,59,4.487512985718291e-05,0.9998332683307991
Gray-Scott reaction-diffusion,bubbles,B,full,radial,60,3.672924265535726e-05,0.9998699975734545
Gray-Scott reaction-diffusion,bubbles,B,full,radial,61,2.949892802860135e-05,0.9998994965014831
Gray-Scott reaction-diffusion,bubbles,B,full,radial,62,2.633886738366225e-05,0.9999258353688668
Gray-Scott reaction-diffusion,bubbles,B,full,radial,63,2.1640004046311052e-05,0.9999474753729132
Gray-Scott reaction-diffusion,bubbles,B,full,radial,64,1.5575957349093123e-05,0.9999630513302622
Gray-Scott reaction-diffusion,bubbles,B,full,radial,65,1.1329514315603892e-05,0.9999743808445779
Gray-Scott reaction-diffusion,bubbles,B,full,radial,66,6.768227371252777e-06,0.9999811490719491
Gray-Scott reaction-diffusion,bubbles,B,full,radial,67,5.497522378354513e-06,0.9999866465943275
Gray-Scott reaction-diffusion,bubbles,B,full,radial,68,4.389442396455611e-06,0.999991036036724
Gray-Scott reaction-diffusion,bubbles,B,full,radial,69,3.1248331463993306e-06,0.9999941608698703
Gray-Scott reaction-diffusion,bubbles,B,full,radial,70,1.6655684890454136e-06,0.9999958264383594
Gray-Scott reaction-diffusion,bubbles,B,full,radial,71,1.6666443096711605e-06,0.999997493082669
Gray-Scott reaction-diffusion,bubbles,B,full,radial,72,1.1583124793781306e-06,0.9999986513951484
Gray-Scott reaction-diffusion,bubbles,B,full,radial,73,7.418534380551111e-07,0.9999993932485864
Gray-Scott reaction-diffusion,bubbles,B,full,radial,74,4.030170195613304e-07,0.999999796265606
Gray-Scott reaction-diffusion,bubbles,B,full,radial,75,1.429670206460106e-07,0.9999999392326266
Gray-Scott reaction-diffusion,bubbles,B,full,radial,76,6.076737369358244e-08,1.0000000000000002
Gray-Scott reaction-diffusion,bubbles,B,full,radial,77,4.8596819309681734e-18,1.0000000000000002
Gray-Scott reaction-diffusion,bubbles,B,full,radial,78,3.601951628907987e-18,1.0000000000000002
Gray-Scott reaction-diffusion,bubbles,B,full,radial,79,3.838589788780911e-18,1.0000000000000002
Gray-Scott reaction-diffusion,bubbles,B,full,radial,80,3.142629203730469e-18,1.0000000000000002
Gray-Scott reaction-diffusion,bubbles,B,full,radial,81,2.350215882833694e-18,1.0000000000000002
Gray-Scott reaction-diffusion,bubbles,B,full,radial,82,3.2911836142851496e-18,1.0000000000000002
Gray-Scott reaction-diffusion,bubbles,B,full,radial,83,1.6512690401489226e-18,1.0000000000000002
Gray-Scott reaction-diffusion,bubbles,B,full,radial,84,2.365411319627726e-18,1.0000000000000002
Gray-Scott reaction-diffusion,bubbles,B,full,radial,85,1.1704018158602602e-18,1.0000000000000002
Gray-Scott reaction-diffusion,bubbles,B,full,radial,86,1.1831070371680911e-18,1.0000000000000002
Gray-Scott reaction-diffusion,bubbles,B,full,radial,87,1.06355386004516e-18,1.0000000000000002
Gray-Scott reaction-diffusion,bubbles,B,full,radial,88,4.328735035954242e-19,1.0000000000000002
Gray-Scott reaction-diffusion,bubbles,B,full,radial,89,4.3663308660364755e-19,1.0000000000000002
Gray-Scott reaction-diffusion,bubbles,B,full,radial,90,3.968752642427141e-20,1.0000000000000002
Gray-Scott reaction-diffusion,bubbles,B,full,box,1,0.013562677700913113,0.013562677700913113
Gray-Scott reaction-diffusion,bubbles,B,full,box,2,0.03882839594000216,0.052391073640915276
Gray-Scott reaction-diffusion,bubbles,B,full,box,3,0.06478137581306262,0.1171724494539779
Gray-Scott reaction-diffusion,bubbles,B,full,box,4,0.058400956204813816,0.1755734056587917
Gray-Scott reaction-diffusion,bubbles,B,full,box,5,0.10343337432253,0.27900677998132173
Gray-Scott reaction-diffusion,bubbles,B,full,box,6,0.0773132162861914,0.3563199962675131
Gray-Scott reaction-diffusion,bubbles,B,full,box,7,0.08570433954907201,0.4420243358165852
Gray-Scott reaction-diffusion,bubbles,B,full,box,8,0.08054275678618582,0.522567092602771
Gray-Scott reaction-diffusion,bubbles,B,full,box,9,0.07503992919685214,0.5976070217996232
Gray-Scott reaction-diffusion,bubbles,B,full,box,10,0.06921713475001352,0.6668241565496368
Gray-Scott reaction-diffusion,bubbles,B,full,box,11,0.0489545413667227,0.7157786979163594
Gray-Scott reaction-diffusion,bubbles,B,full,box,12,0.04515991182453836,0.7609386097408978
Gray-Scott reaction-diffusion,bubbles,B,full,box,13,0.03933702699230536,0.8002756367332031
Gray-Scott reaction-diffusion,bubbles,B,full,box,14,0.04186807598683056,0.8421437127200336
Gray-Scott reaction-diffusion,bubbles,B,full,box,15,0.031549726489635166,0.8736934392096688
Gray-Scott reaction-diffusion,bubbles,B,full,box,16,0.025492905932670284,0.8991863451423391
Gray-Scott reaction-diffusion,bubbles,B,full,box,17,0.01897589558152912,0.9181622407238682
Gray-Scott reaction-diffusion,bubbles,B,full,box,18,0.016703233088921403,0.9348654738127896
Gray-Scott reaction-diffusion,bubbles,B,full,box,19,0.014756863618274654,0.9496223374310643
Gray-Scott reaction-diffusion,bubbles,B,full,box,20,0.011056758790745665,0.9606790962218099
Gray-Scott reaction-diffusion,bubbles,B,full,box,21,0.008147079068988077,0.9688261752907981
Gray-Scott reaction-diffusion,bubbles,B,full,box,22,0.006014720684572304,0.9748408959753704
Gray-Scott reaction-diffusion,bubbles,B,full,box,23,0.004603902544219802,0.9794447985195901
Gray-Scott reaction-diffusion,bubbles,B,full,box,24,0.0033003296999883024,0.9827451282195785
Gray-Scott reaction-diffusion,bubbles,B,full,box,25,0.002637052409956768,0.9853821806295352
Gray-Scott reaction-diffusion,bubbles,B,full,box,26,0.0018831427022350433,0.9872653233317702
Gray-Scott reaction-diffusion,bubbles,B,full,box,27,0.001239818477350764,0.9885051418091211
Gray-Scott reaction-diffusion,bubbles,B,full,box,28,0.001011676008247516,0.9895168178173686
Gray-Scott reaction-diffusion,bubbles,B,full,box,29,0.0007983641841506397,0.9903151820015192
Gray-Scott reaction-diffusion,bubbles,B,full,box,30,0.0006172310856119418,0.9909324130871312
Gray-Scott reaction-diffusion,bubbles,B,full,box,31,0.000621787960104893,0.9915542010472361
Gray-Scott reaction-diffusion,bubbles,B,full,box,32,0.0006228177364717829,0.9921770187837079
Gray-Scott reaction-diffusion,bubbles,B,full,box,33,0.0005464619612510464,0.992723480744959
Gray-Scott reaction-diffusion,bubbles,B,full,box,34,0.0005846255042085891,0.9933081062491675
Gray-Scott reaction-diffusion,bubbles,B,full,box,35,0.0005515925169345816,0.9938596987661021
Gray-Scott reaction-diffusion,bubbles,B,full,box,36,0.000587726824471563,0.9944474255905738
Gray-Scott reaction-diffusion,bubbles,B,full,box,37,0.0005514507524759551,0.9949988763430497
Gray-Scott reaction-diffusion,bubbles,B,full,box,38,0.0005444755565407832,0.9955433518995905
Gray-Scott reaction-diffusion,bubbles,B,full,box,39,0.000522857438406643,0.9960662093379972
Gray-Scott reaction-diffusion,bubbles,B,full,box,40,0.0004991207363968437,0.9965653300743941
Gray-Scott reaction-diffusion,bubbles,B,full,box,41,0.0004435825394290641,0.9970089126138231
Gray-Scott reaction-diffusion,bubbles,B,full,box,42,0.000370359810870424,0.9973792724246935
Gray-Scott reaction-diffusion,bubbles,B,full,box,43,0.0003432075512601717,0.9977224799759538
Gray-Scott reaction-diffusion,bubbles,B,full,box,44,0.0003369970389848602,0.9980594770149386
Gray-Scott reaction-diffusion,bubbles,B,full,box,45,0.0003129711488266803,0.9983724481637654
Gray-Scott reaction-diffusion,bubbles,B,full,box,46,0.0002560446016738954,0.9986284927654392
Gray-Scott reaction-diffusion,bubbles,B,full,box,47,0.00022131333309499286,0.9988498060985342
Gray-Scott reaction-diffusion,bubbles,B,full,box,48,0.0001946605598966148,0.9990444666584308
Gray-Scott reaction-diffusion,bubbles,B,full,box,49,0.00016022314690272244,0.9992046898053336
Gray-Scott reaction-diffusion,bubbles,B,full,box,50,0.00014603950230031204,0.999350729307634
Gray-Scott reaction-diffusion,bubbles,B,full,box,51,0.00012077465002354671,0.9994715039576576
Gray-Scott reaction-diffusion,bubbles,B,full,box,52,8.798328641038318e-05,0.999559487244068
Gray-Scott reaction-diffusion,bubbles,B,full,box,53,8.743449104763093e-05,0.9996469217351156
Gray-Scott reaction-diffusion,bubbles,B,full,box,54,6.924072993241656e-05,0.9997161624650479
Gray-Scott reaction-diffusion,bubbles,B,full,box,55,5.5664734178786424e-05,0.9997718271992266
Gray-Scott reaction-diffusion,bubbles,B,full,box,56,4.4393037094185294e-05,0.9998162202363209
Gray-Scott reaction-diffusion,bubbles,B,full,box,57,3.658779568157729e-05,0.9998528080320025
Gray-Scott reaction-diffusion,bubbles,B,full,box,58,3.2474094754842306e-05,0.9998852821267573
Gray-Scott reaction-diffusion,bubbles,B,full,box,59,2.829304649490321e-05,0.9999135751732522
Gray-Scott reaction-diffusion,bubbles,B,full,box,60,2.526661638098381e-05,0.9999388417896331
Gray-Scott reaction-diffusion,bubbles,B,full,box,61,1.9362919632415594e-05,0.9999582047092656
Gray-Scott reaction-diffusion,bubbles,B,full,box,62,1.8336093010531272e-05,0.999976540802276
Gray-Scott reaction-diffusion,bubbles,B,full,box,63,1.629818679582975e-05,0.9999928389890719
Gray-Scott reaction-diffusion,bubbles,B,full,box,64,7.161010928523032e-06,1.0000000000000004
Gray-Scott reaction-diffusion,bubbles,B,train,radial,1,0.028035864464908328,0.028035864464908328
Gray-Scott reaction-diffusion,bubbles,B,train,radial,2,0.08129995956088883,0.10933582402579715
Gray-Scott reaction-diffusion,bubbles,B,train,radial,3,0.09891928268774584,0.208255106713543
Gray-Scott reaction-diffusion,bubbles,B,train,radial,4,0.06609592959367719,0.2743510363072202
Gray-Scott reaction-diffusion,bubbles,B,train,radial,5,0.14200757331910405,0.4163586096263242
Gray-Scott reaction-diffusion,bubbles,B,train,radial,6,0.10125577965359939,0.5176143892799236
Gray-Scott reaction-diffusion,bubbles,B,train,radial,7,0.09906734902212753,0.6166817383020512
Gray-Scott reaction-diffusion,bubbles,B,train,radial,8,0.0631051683769535,0.6797869066790047
Gray-Scott reaction-diffusion,bubbles,B,train,radial,9,0.0643133187359819,0.7441002254149867
Gray-Scott reaction-diffusion,bubbles,B,train,radial,10,0.05682554652412378,0.8009257719391103
Gray-Scott reaction-diffusion,bubbles,B,train,radial,11,0.02882512571461306,0.8297508976537233
Gray-Scott reaction-diffusion,bubbles,B,train,radial,12,0.02802034583213834,0.8577712434858616
Gray-Scott reaction-diffusion,bubbles,B,train,radial,13,0.021700904644527657,0.8794721481303893
Gray-Scott reaction-diffusion,bubbles,B,train,radial,14,0.015815169626339824,0.8952873177567292
Gray-Scott reaction-diffusion,bubbles,B,train,radial,15,0.013722097324819882,0.909009415081549
Gray-Scott reaction-diffusion,bubbles,B,train,radial,16,0.011974735427144466,0.9209841505086935
Gray-Scott reaction-diffusion,bubbles,B,train,radial,17,0.010780590556725513,0.9317647410654191
Gray-Scott reaction-diffusion,bubbles,B,train,radial,18,0.008882233254990067,0.940646974320409
Gray-Scott reaction-diffusion,bubbles,B,train,radial,19,0.008916150546803052,0.9495631248672122
Gray-Scott reaction-diffusion,bubbles,B,train,radial,20,0.006675803536435483,0.9562389284036477
Gray-Scott reaction-diffusion,bubbles,B,train,radial,21,0.0065142938757340365,0.9627532222793815
Gray-Scott reaction-diffusion,bubbles,B,train,radial,22,0.00581280780813781,0.9685660300875193
Gray-Scott reaction-diffusion,bubbles,B,train,radial,23,0.004344503673576725,0.9729105337610959
Gray-Scott reaction-diffusion,bubbles,B,train,radial,24,0.0038395213797853406,0.9767500551408813
Gray-Scott reaction-diffusion,bubbles,B,train,radial,25,0.0034135014901349476,0.9801635566310162
Gray-Scott reaction-diffusion,bubbles,B,train,radial,26,0.003054846491512852,0.9832184031225291
Gray-Scott reaction-diffusion,bubbles,B,train,radial,27,0.002236110353565597,0.9854545134760946
Gray-Scott reaction-diffusion,bubbles,B,train,radial,28,0.001807434959849544,0.9872619484359442
Gray-Scott reaction-diffusion,bubbles,B,train,radial,29,0.0019191495131241083,0.9891810979490682
Gray-Scott reaction-diffusion,bubbles,B,train,radial,30,0.0013750378804738485,0.9905561358295422
Gray-Scott reaction-diffusion,bubbles,B,train,radial,31,0.0012805137100630846,0.9918366495396053
Gray-Scott reaction-diffusion,bubbles,B,train,radial,32,0.0010893722225908203,0.992926021762196
Gray-Scott reaction-diffusion,bubbles,B,train,radial,33,0.000904042093540298,0.9938300638557362
Gray-Scott reaction-diffusion,bubbles,B,train,radial,34,0.000856753214644341,0.9946868170703806
Gray-Scott reaction-diffusion,bubbles,B,train,radial,35,0.0006481464452801098,0.9953349635156609
Gray-Scott reaction-diffusion,bubbles,B,train,radial,36,0.0006433968726426187,0.9959783603883035
Gray-Scott reaction-diffusion,bubbles,B,train,radial,37,0.0005345925717605325,0.9965129529600641
Gray-Scott reaction-diffusion,bubbles,B,train,radial,38,0.0004723698024438092,0.996985322762508
Gray-Scott reaction-diffusion,bubbles,B,train,radial,39,0.00040636690310949584,0.9973916896656175
Gray-Scott reaction-diffusion,bubbles,B,train,radial,40,0.00031762767552728283,0.9977093173411448
Gray-Scott reaction-diffusion,bubbles,B,train,radial,41,0.0003433678202562011,0.998052685161401
Gray-Scott reaction-diffusion,bubbles,B,train,radial,42,0.00025983635010817384,0.9983125215115092
Gray-Scott reaction-diffusion,bubbles,B,train,radial,43,0.00024552978581182503,0.9985580512973211
Gray-Scott reaction-diffusion,bubbles,B,train,radial,44,0.00020611986527313686,0.9987641711625942
Gray-Scott reaction-diffusion,bubbles,B,train,radial,45,0.000164100671270455,0.9989282718338647
Gray-Scott reaction-diffusion,bubbles,B,train,radial,46,0.00015242919696582878,0.9990807010308306
Gray-Scott reaction-diffusion,bubbles,B,train,radial,47,0.00012860924897497208,0.9992093102798056
Gray-Scott reaction-diffusion,bubbles,B,train,radial,48,0.00011969538381238561,0.9993290056636179
Gray-Scott reaction-diffusion,bubbles,B,train,radial,49,0.00010146063950022629,0.9994304663031183
Gray-Scott reaction-diffusion,bubbles,B,train,radial,50,8.984322824964985e-05,0.9995203095313678
Gray-Scott reaction-diffusion,bubbles,B,train,radial,51,7.858255899063217e-05,0.9995988920903586
Gray-Scott reaction-diffusion,bubbles,B,train,radial,52,5.547424639671423e-05,0.9996543663367552
Gray-Scott reaction-diffusion,bubbles,B,train,radial,53,5.4754771218578946e-05,0.9997091211079737
Gray-Scott reaction-diffusion,bubbles,B,train,radial,54,4.072092235961932e-05,0.9997498420303333
Gray-Scott reaction-diffusion,bubbles,B,train,radial,55,4.2408257613594625e-05,0.9997922502879469
Gray-Scott reaction-diffusion,bubbles,B,train,radial,56,3.294935384504601e-05,0.9998251996417921
Gray-Scott reaction-diffusion,bubbles,B,train,radial,57,2.8665613944488043e-05,0.9998538652557365
Gray-Scott reaction-diffusion,bubbles,B,train,radial,58,2.575577795388684e-05,0.9998796210336904
Gray-Scott reaction-diffusion,bubbles,B,train,radial,59,2.2264797168406246e-05,0.9999018858308588
Gray-Scott reaction-diffusion,bubbles,B,train,radial,60,2.0339199052449843e-05,0.9999222250299113
Gray-Scott reaction-diffusion,bubbles,B,train,radial,61,1.804492591373574e-05,0.9999402699558252
Gray-Scott reaction-diffusion,bubbles,B,train,radial,62,1.4115266225537319e-05,0.9999543852220506
Gray-Scott reaction-diffusion,bubbles,B,train,radial,63,1.3378020928773005e-05,0.9999677632429794
Gray-Scott reaction-diffusion,bubbles,B,train,radial,64,9.73950894319411e-06,0.9999775027519225
Gray-Scott reaction-diffusion,bubbles,B,train,radial,65,6.313971731196765e-06,0.9999838167236538
Gray-Scott reaction-diffusion,bubbles,B,train,radial,66,4.674758266779565e-06,0.9999884914819205
Gray-Scott reaction-diffusion,bubbles,B,train,radial,67,3.360048946951808e-06,0.9999918515308674
Gray-Scott reaction-diffusion,bubbles,B,train,radial,68,2.700426878673738e-06,0.999994551957746
Gray-Scott reaction-diffusion,bubbles,B,train,radial,69,1.8033635927684578e-06,0.9999963553213389
Gray-Scott reaction-diffusion,bubbles,B,train,radial,70,1.19178924226632e-06,0.9999975471105812
Gray-Scott reaction-diffusion,bubbles,B,train,radial,71,9.568890257774536e-07,0.999998503999607
Gray-Scott reaction-diffusion,bubbles,B,train,radial,72,7.135217707729177e-07,0.9999992175213777
Gray-Scott reaction-diffusion,bubbles,B,train,radial,73,4.145395780139754e-07,0.9999996320609557
Gray-Scott reaction-diffusion,bubbles,B,train,radial,74,2.594843588182168e-07,0.9999998915453144
Gray-Scott reaction-diffusion,bubbles,B,train,radial,75,7.324302201156396e-08,0.9999999647883364
Gray-Scott reaction-diffusion,bubbles,B,train,radial,76,3.5211663537694007e-08,1.0
Gray-Scott reaction-diffusion,bubbles,B,train,radial,77,4.8321769717072595e-18,1.0
Gray-Scott reaction-diffusion,bubbles,B,train,radial,78,3.74773109826005e-18,1.0
Gray-Scott reaction-diffusion,bubbles,B,train,radial,79,3.938155432829063e-18,1.0
Gray-Scott reaction-diffusion,bubbles,B,train,radial,80,3.3968078114045222e-18,1.0
Gray-Scott reaction-diffusion,bubbles,B,train,radial,81,2.350499480431256e-18,1.0
Gray-Scott reaction-diffusion,bubbles,B,train,radial,82,3.3296380969385144e-18,1.0
Gray-Scott reaction-diffusion,bubbles,B,train,radial,83,1.7892677408558184e-18,1.0
Gray-Scott reaction-diffusion,bubbles,B,train,radial,84,2.3968585853342497e-18,1.0
Gray-Scott reaction-diffusion,bubbles,B,train,radial,85,1.1967624738720856e-18,1.0
Gray-Scott reaction-diffusion,bubbles,B,train,radial,86,1.1485838945364862e-18,1.0
Gray-Scott reaction-diffusion,bubbles,B,train,radial,87,1.0767474872086169e-18,1.0
Gray-Scott reaction-diffusion,bubbles,B,train,radial,88,4.203211784980567e-19,1.0
Gray-Scott reaction-diffusion,bubbles,B,train,radial,89,4.624295249311616e-19,1.0
Gray-Scott reaction-diffusion,bubbles,B,train,radial,90,3.7275462124051405e-20,1.0
Gray-Scott reaction-diffusion,bubbles,B,train,box,1,0.02803586446490833,0.02803586446490833
Gray-Scott reaction-diffusion,bubbles,B,train,box,2,0.08129995956088884,0.10933582402579718
Gray-Scott reaction-diffusion,bubbles,B,train,box,3,0.10776944033904567,0.21710526436484287
Gray-Scott reaction-diffusion,bubbles,B,train,box,4,0.09129967247760372,0.30840493684244663
Gray-Scott reaction-diffusion,bubbles,B,train,box,5,0.15504721348408657,0.46345215032653314
Gray-Scott reaction-diffusion,bubbles,B,train,box,6,0.09342844193594327,0.5568805922624764
Gray-Scott reaction-diffusion,bubbles,B,train,box,7,0.09650875778108786,0.6533893500435642
Gray-Scott reaction-diffusion,bubbles,B,train,box,8,0.07320402529856145,0.7265933753421256
Gray-Scott reaction-diffusion,bubbles,B,train,box,9,0.056475796731972845,0.7830691720740987
Gray-Scott reaction-diffusion,bubbles,B,train,box,10,0.04259660477231132,0.82566577684641
Gray-Scott reaction-diffusion,bubbles,B,train,box,11,0.0275292158931579,0.8531949927395679
Gray-Scott reaction-diffusion,bubbles,B,train,box,12,0.02552148371825669,0.8787164764578246
Gray-Scott reaction-diffusion,bubbles,B,train,box,13,0.018042757688551535,0.896759234146376
Gray-Scott reaction-diffusion,bubbles,B,train,box,14,0.01574943910490143,0.9125086732512775
Gray-Scott reaction-diffusion,bubbles,B,train,box,15,0.012841891848412524,0.9253505650996902
Gray-Scott reaction-diffusion,bubbles,B,train,box,16,0.010950605209518753,0.9363011703092088
Gray-Scott reaction-diffusion,bubbles,B,train,box,17,0.009513105442079584,0.9458142757512883
Gray-Scott reaction-diffusion,bubbles,B,train,box,18,0.007561633696942976,0.9533759094482313
Gray-Scott reaction-diffusion,bubbles,B,train,box,19,0.008065383039696925,0.9614412924879282
Gray-Scott reaction-diffusion,bubbles,B,train,box,20,0.006028329084706502,0.9674696215726348
Gray-Scott reaction-diffusion,bubbles,B,train,box,21,0.005021193663450592,0.9724908152360854
Gray-Scott reaction-diffusion,bubbles,B,train,box,22,0.004368430505247491,0.9768592457413328
Gray-Scott reaction-diffusion,bubbles,B,train,box,23,0.0034960343954422344,0.9803552801367751
Gray-Scott reaction-diffusion,bubbles,B,train,box,24,0.0026820771428165938,0.9830373572795917
Gray-Scott reaction-diffusion,bubbles,B,train,box,25,0.0027228653647550652,0.9857602226443467
Gray-Scott reaction-diffusion,bubbles,B,train,box,26,0.0021967138827850194,0.9879569365271318
Gray-Scott reaction-diffusion,bubbles,B,train,box,27,0.0017180503457008684,0.9896749868728327
Gray-Scott reaction-diffusion,bubbles,B,train,box,28,0.0015071367070516135,0.9911821235798844
Gray-Scott reaction-diffusion,bubbles,B,train,box,29,0.0013022644004136888,0.992484387980298
Gray-Scott reaction-diffusion,bubbles,B,train,box,30,0.0010815809747342846,0.9935659689550324
Gray-Scott reaction-diffusion,bubbles,B,train,box,31,0.0008864059095169264,0.9944523748645493
Gray-Scott reaction-diffusion,bubbles,B,train,box,32,0.000773848208172704,0.995226223072722
Gray-Scott reaction-diffusion,bubbles,B,train,box,33,0.0006330074167758236,0.9958592304894979
Gray-Scott reaction-diffusion,bubbles,B,train,box,34,0.0005903815799060471,0.9964496120694039
Gray-Scott reaction-diffusion,bubbles,B,train,box,35,0.000509555600130797,0.9969591676695346
Gray-Scott reaction-diffusion,bubbles,B,train,box,36,0.0004078168428308678,0.9973669845123656
Gray-Scott reaction-diffusion,bubbles,B,train,box,37,0.00038236312844428357,0.9977493476408099
Gray-Scott reaction-diffusion,bubbles,B,train,box,38,0.00031294410944944376,0.9980622917502593
Gray-Scott reaction-diffusion,bubbles,B,train,box,39,0.000290538675566997,0.9983528304258262
Gray-Scott reaction-diffusion,bubbles,B,train,box,40,0.00023681731120303665,0.9985896477370292
Gray-Scott reaction-diffusion,bubbles,B,train,box,41,0.0002114502075891011,0.9988010979446184
Gray-Scott reaction-diffusion,bubbles,B,train,box,42,0.00017674196294835588,0.9989778399075668
Gray-Scott reaction-diffusion,bubbles,B,train,box,43,0.00014028084216779628,0.9991181207497345
Gray-Scott reaction-diffusion,bubbles,B,train,box,44,0.00013359434372268292,0.9992517150934573
Gray-Scott reaction-diffusion,bubbles,B,train,box,45,0.00010790411906353806,0.9993596192125208
Gray-Scott reaction-diffusion,bubbles,B,train,box,46,9.195127667610275e-05,0.999451570489197
Gray-Scott reaction-diffusion,bubbles,B,train,box,47,7.904502576768517e-05,0.9995306155149647
Gray-Scott reaction-diffusion,bubbles,B,train,box,48,7.138174354776908e-05,0.9996019972585125
Gray-Scott reaction-diffusion,bubbles,B,train,box,49,6.574154584407927e-05,0.9996677388043566
Gray-Scott reaction-diffusion,bubbles,B,train,box,50,5.0670158223030185e-05,0.9997184089625796
Gray-Scott reaction-diffusion,bubbles,B,train,box,51,4.697230070104868e-05,0.9997653812632806
Gray-Scott reaction-diffusion,bubbles,B,train,box,52,3.40084251292199e-05,0.9997993896884098
Gray-Scott reaction-diffusion,bubbles,B,train,box,53,3.0102259577602584e-05,0.9998294919479873
Gray-Scott reaction-diffusion,bubbles,B,train,box,54,2.8029559103702855e-05,0.9998575215070911
Gray-Scott reaction-diffusion,bubbles,B,train,box,55,2.5596447330147652e-05,0.9998831179544212
Gray-Scott reaction-diffusion,bubbles,B,train,box,56,1.9403660160248594e-05,0.9999025216145815
Gray-Scott reaction-diffusion,bubbles,B,train,box,57,1.8152241892625388e-05,0.9999206738564741
Gray-Scott reaction-diffusion,bubbles,B,train,box,58,1.6107227128545975e-05,0.9999367810836026
Gray-Scott reaction-diffusion,bubbles,B,train,box,59,1.3619874824427515e-05,0.999950400958427
Gray-Scott reaction-diffusion,bubbles,B,train,box,60,1.3729273871780931e-05,0.9999641302322988
Gray-Scott reaction-diffusion,bubbles,B,train,box,61,1.1549576926179392e-05,0.9999756798092249
Gray-Scott reaction-diffusion,bubbles,B,train,box,62,1.0105561193201004e-05,0.9999857853704182
Gray-Scott reaction-diffusion,bubbles,B,train,box,63,9.871215970528422e-06,0.9999956565863887
Gray-Scott reaction-diffusion,bubbles,B,train,box,64,4.343413611653118e-06,1.0000000000000002
Gray-Scott reaction-diffusion,bubbles,B,settled,radial,1,0.01127134892845044,0.01127134892845044
Gray-Scott reaction-diffusion,bubbles,B,settled,radial,2,0.03280954398290501,0.044080892911355446
Gray-Scott reaction-diffusion,bubbles,B,settled,radial,3,0.05448100995000665,0.0985619028613621
Gray-Scott reaction-diffusion,bubbles,B,settled,radial,4,0.037849140606388804,0.1364110434677509
Gray-Scott reaction-diffusion,bubbles,B,settled,radial,5,0.08136163966172134,0.2177726831294722
Gray-Scott reaction-diffusion,bubbles,B,settled,radial,6,0.0714953052534211,0.2892679883828933
Gray-Scott reaction-diffusion,bubbles,B,settled,radial,7,0.08095557905827624,0.3702235674411696
Gray-Scott reaction-diffusion,bubbles,B,settled,radial,8,0.0655831188740035,0.4358066863151731
Gray-Scott reaction-diffusion,bubbles,B,settled,radial,9,0.07460349700748745,0.5104101833226605
Gray-Scott reaction-diffusion,bubbles,B,settled,radial,10,0.0777176851180696,0.5881278684407302
Gray-Scott reaction-diffusion,bubbles,B,settled,radial,11,0.04650196035701657,0.6346298287977468
Gray-Scott reaction-diffusion,bubbles,B,settled,radial,12,0.056673469442191926,0.6913032982399386
Gray-Scott reaction-diffusion,bubbles,B,settled,radial,13,0.0480733527190502,0.7393766509589889
Gray-Scott reaction-diffusion,bubbles,B,settled,radial,14,0.039699083745497736,0.7790757347044865
Gray-Scott reaction-diffusion,bubbles,B,settled,radial,15,0.03292177524779226,0.8119975099522788
Gray-Scott reaction-diffusion,bubbles,B,settled,radial,16,0.030842797467918306,0.8428403074201972
Gray-Scott reaction-diffusion,bubbles,B,settled,radial,17,0.035508560488056284,0.8783488679082534
Gray-Scott reaction-diffusion,bubbles,B,settled,radial,18,0.02360381821264982,0.9019526861209033
Gray-Scott reaction-diffusion,bubbles,B,settled,radial,19,0.01959572965908082,0.921548415779984
Gray-Scott reaction-diffusion,bubbles,B,settled,radial,20,0.0159166569555345,0.9374650727355186
Gray-Scott reaction-diffusion,bubbles,B,settled,radial,21,0.01470467871199652,0.9521697514475151
Gray-Scott reaction-diffusion,bubbles,B,settled,radial,22,0.009931931609835274,0.9621016830573506
Gray-Scott reaction-diffusion,bubbles,B,settled,radial,23,0.00745010378111263,0.9695517868384631
Gray-Scott reaction-diffusion,bubbles,B,settled,radial,24,0.0059628563368376,0.9755146431753007
Gray-Scott reaction-diffusion,bubbles,B,settled,radial,25,0.0049084436129063725,0.9804230867882071
Gray-Scott reaction-diffusion,bubbles,B,settled,radial,26,0.003144144059544234,0.9835672308477512
Gray-Scott reaction-diffusion,bubbles,B,settled,radial,27,0.0020332308761792407,0.9856004617239305
Gray-Scott reaction-diffusion,bubbles,B,settled,radial,28,0.0015759314682857362,0.9871763931922162
Gray-Scott reaction-diffusion,bubbles,B,settled,radial,29,0.0012845460755619303,0.9884609392677781
Gray-Scott reaction-diffusion,bubbles,B,settled,radial,30,0.0006696977170430493,0.9891306369848212
Gray-Scott reaction-diffusion,bubbles,B,settled,radial,31,0.0005612220378016792,0.9896918590226228
Gray-Scott reaction-diffusion,bubbles,B,settled,radial,32,0.00040424098809351146,0.9900961000107164
Gray-Scott reaction-diffusion,bubbles,B,settled,radial,33,0.00041417915227302566,0.9905102791629894
Gray-Scott reaction-diffusion,bubbles,B,settled,radial,34,0.0004579945678618418,0.9909682737308512
Gray-Scott reaction-diffusion,bubbles,B,settled,radial,35,0.00042539084068991573,0.9913936645715411
Gray-Scott reaction-diffusion,bubbles,B,settled,radial,36,0.0005391326938176302,0.9919327972653588
Gray-Scott reaction-diffusion,bubbles,B,settled,radial,37,0.0005035344224810626,0.9924363316878398
Gray-Scott reaction-diffusion,bubbles,B,settled,radial,38,0.000619556652788119,0.993055888340628
Gray-Scott reaction-diffusion,bubbles,B,settled,radial,39,0.0005816827836044405,0.9936375711242325
Gray-Scott reaction-diffusion,bubbles,B,settled,radial,40,0.000570205725200131,0.9942077768494325
Gray-Scott reaction-diffusion,bubbles,B,settled,radial,41,0.0006173937826596966,0.9948251706320922
Gray-Scott reaction-diffusion,bubbles,B,settled,radial,42,0.0005574762153802465,0.9953826468474725
Gray-Scott reaction-diffusion,bubbles,B,settled,radial,43,0.0005674562339538593,0.9959501030814263
Gray-Scott reaction-diffusion,bubbles,B,settled,radial,44,0.00048707749636267474,0.9964371805777889
Gray-Scott reaction-diffusion,bubbles,B,settled,radial,45,0.0005062710527430214,0.996943451630532
Gray-Scott reaction-diffusion,bubbles,B,settled,radial,46,0.0004576081473337809,0.9974010597778658
Gray-Scott reaction-diffusion,bubbles,B,settled,radial,47,0.0003908434881733872,0.9977919032660391
Gray-Scott reaction-diffusion,bubbles,B,settled,radial,48,0.00035430170715529315,0.9981462049731943
Gray-Scott reaction-diffusion,bubbles,B,settled,radial,49,0.00029568097257825083,0.9984418859457725
Gray-Scott reaction-diffusion,bubbles,B,settled,radial,50,0.00030867601755637294,0.9987505619633289
Gray-Scott reaction-diffusion,bubbles,B,settled,radial,51,0.00022794268541901204,0.9989785046487479
Gray-Scott reaction-diffusion,bubbles,B,settled,radial,52,0.00016857199017825738,0.9991470766389263
Gray-Scott reaction-diffusion,bubbles,B,settled,radial,53,0.00015939579790544053,0.9993064724368317
Gray-Scott reaction-diffusion,bubbles,B,settled,radial,54,0.0001317468226361562,0.9994382192594679
Gray-Scott reaction-diffusion,bubbles,B,settled,radial,55,0.00011691321794340076,0.9995551324774112
Gray-Scott reaction-diffusion,bubbles,B,settled,radial,56,8.916013983951794e-05,0.9996442926172507
Gray-Scott reaction-diffusion,bubbles,B,settled,radial,57,7.211471490698179e-05,0.9997164073321577
Gray-Scott reaction-diffusion,bubbles,B,settled,radial,58,5.8367004148389306e-05,0.9997747743363061
Gray-Scott reaction-diffusion,bubbles,B,settled,radial,59,4.827853988260661e-05,0.9998230528761888
Gray-Scott reaction-diffusion,bubbles,B,settled,radial,60,3.9352159645961305e-05,0.9998624050358348
Gray-Scott reaction-diffusion,bubbles,B,settled,radial,61,3.1220292375745565e-05,0.9998936253282105
Gray-Scott reaction-diffusion,bubbles,B,settled,radial,62,2.8515431658166717e-05,0.9999221407598686
Gray-Scott reaction-diffusion,bubbles,B,settled,radial,63,2.2750146046846265e-05,0.9999448909059155
Gray-Scott reaction-diffusion,bubbles,B,settled,radial,64,1.637603398003524e-05,0.9999612669398955
Gray-Scott reaction-diffusion,bubbles,B,settled,radial,65,1.2158066571039884e-05,0.9999734250064665
Gray-Scott reaction-diffusion,bubbles,B,settled,radial,66,6.86432297460338e-06,0.9999802893294412
Gray-Scott reaction-diffusion,bubbles,B,settled,radial,67,5.823402195314647e-06,0.9999861127316365
Gray-Scott reaction-diffusion,bubbles,B,settled,radial,68,4.6056986595738505e-06,0.9999907184302961
Gray-Scott reaction-diffusion,bubbles,B,settled,radial,69,3.2521022655424465e-06,0.9999939705325616
Gray-Scott reaction-diffusion,bubbles,B,settled,radial,70,1.6400607822469658e-06,0.9999956105933439
Gray-Scott reaction-diffusion,bubbles,B,settled,radial,71,1.7744754620522116e-06,0.9999973850688059
Gray-Scott reaction-diffusion,bubbles,B,settled,radial,72,1.1950583985303846e-06,0.9999985801272043
Gray-Scott reaction-diffusion,bubbles,B,settled,radial,73,7.975490772619766e-07,0.9999993776762817
Gray-Scott reaction-diffusion,bubbles,B,settled,radial,74,4.073761553371602e-07,0.9999997850524369
Gray-Scott reaction-diffusion,bubbles,B,settled,radial,75,1.410161417570081e-07,0.9999999260685786
Gray-Scott reaction-diffusion,bubbles,B,settled,radial,76,7.393142119232273e-08,0.9999999999999997
Gray-Scott reaction-diffusion,bubbles,B,settled,radial,77,4.863550846978503e-18,0.9999999999999997
Gray-Scott reaction-diffusion,bubbles,B,settled,radial,78,3.641721682255432e-18,0.9999999999999997
Gray-Scott reaction-diffusion,bubbles,B,settled,radial,79,3.84873897736922e-18,0.9999999999999997
Gray-Scott reaction-diffusion,bubbles,B,settled,radial,80,3.1758573410471697e-18,0.9999999999999997
Gray-Scott reaction-diffusion,bubbles,B,settled,radial,81,2.4106306230289948e-18,0.9999999999999997
Gray-Scott reaction-diffusion,bubbles,B,settled,radial,82,3.3139351525796494e-18,0.9999999999999997
Gray-Scott reaction-diffusion,bubbles,B,settled,radial,83,1.6732487638962328e-18,0.9999999999999997
Gray-Scott reaction-diffusion,bubbles,B,settled,radial,84,2.3984800866397124e-18,0.9999999999999997
Gray-Scott reaction-diffusion,bubbles,B,settled,radial,85,1.1747609241750612e-18,0.9999999999999997
Gray-Scott reaction-diffusion,bubbles,B,settled,radial,86,1.1889928152716937e-18,0.9999999999999997
Gray-Scott reaction-diffusion,bubbles,B,settled,radial,87,1.066300706205182e-18,0.9999999999999997
Gray-Scott reaction-diffusion,bubbles,B,settled,radial,88,4.3745791211376255e-19,0.9999999999999997
Gray-Scott reaction-diffusion,bubbles,B,settled,radial,89,4.400397854135126e-19,0.9999999999999997
Gray-Scott reaction-diffusion,bubbles,B,settled,radial,90,4.310126950096204e-20,0.9999999999999997
Gray-Scott reaction-diffusion,bubbles,B,settled,box,1,0.011271348928450442,0.011271348928450442
Gray-Scott reaction-diffusion,bubbles,B,settled,box,2,0.03280954398290501,0.04408089291135545
Gray-Scott reaction-diffusion,bubbles,B,settled,box,3,0.05899034234354971,0.10307123525490516
Gray-Scott reaction-diffusion,bubbles,B,settled,box,4,0.05448599191697674,0.15755722717188192
Gray-Scott reaction-diffusion,bubbles,B,settled,box,5,0.09700616583654985,0.2545633930084317
Gray-Scott reaction-diffusion,bubbles,B,settled,box,6,0.0748073485178397,0.3293707415262715
Gray-Scott reaction-diffusion,bubbles,B,settled,box,7,0.08262354584690189,0.4119942873731734
Gray-Scott reaction-diffusion,bubbles,B,settled,box,8,0.08132130116355166,0.493315588536725
Gray-Scott reaction-diffusion,bubbles,B,settled,box,9,0.07913931534954817,0.5724549038862732
Gray-Scott reaction-diffusion,bubbles,B,settled,box,10,0.07307291133047099,0.6455278152167442
Gray-Scott reaction-diffusion,bubbles,B,settled,box,11,0.05186732590987901,0.6973951411266232
Gray-Scott reaction-diffusion,bubbles,B,settled,box,12,0.0469268909949923,0.7443220321216154
Gray-Scott reaction-diffusion,bubbles,B,settled,box,13,0.04272414605741288,0.7870461781790283
Gray-Scott reaction-diffusion,bubbles,B,settled,box,14,0.045814557419198154,0.8328607355982265
Gray-Scott reaction-diffusion,bubbles,B,settled,box,15,0.033824228295813455,0.8666849638940399
Gray-Scott reaction-diffusion,bubbles,B,settled,box,16,0.027182947423037906,0.8938679113170778
Gray-Scott reaction-diffusion,bubbles,B,settled,box,17,0.02000086035054414,0.913868771667622
Gray-Scott reaction-diffusion,bubbles,B,settled,box,18,0.018688941203548384,0.9325577128711704
Gray-Scott reaction-diffusion,bubbles,B,settled,box,19,0.015857270174861406,0.9484149830460319
Gray-Scott reaction-diffusion,bubbles,B,settled,box,20,0.011738761245204394,0.9601537442912363
Gray-Scott reaction-diffusion,bubbles,B,settled,box,21,0.008310860796242065,0.9684646050874784
Gray-Scott reaction-diffusion,bubbles,B,settled,box,22,0.006213419204172902,0.9746780242916513
Gray-Scott reaction-diffusion,bubbles,B,settled,box,23,0.004782442649801317,0.9794604669414526
Gray-Scott reaction-diffusion,bubbles,B,settled,box,24,0.0033532733018723404,0.982813740243325
Gray-Scott reaction-diffusion,bubbles,B,settled,box,25,0.0026442634006728074,0.9854580036439978
Gray-Scott reaction-diffusion,bubbles,B,settled,box,26,0.001811039336927737,0.9872690429809255
Gray-Scott reaction-diffusion,bubbles,B,settled,box,27,0.0011348627911695855,0.9884039057720951
Gray-Scott reaction-diffusion,bubbles,B,settled,box,28,0.0009508394814262617,0.9893547452535214
Gray-Scott reaction-diffusion,bubbles,B,settled,box,29,0.0006921469936214944,0.9900468922471428
Gray-Scott reaction-diffusion,bubbles,B,settled,box,30,0.0005138366127637568,0.9905607288599066
Gray-Scott reaction-diffusion,bubbles,B,settled,box,31,0.0005748864043922985,0.9911356152642989
Gray-Scott reaction-diffusion,bubbles,B,settled,box,32,0.0005853228880651243,0.9917209381523641
Gray-Scott reaction-diffusion,bubbles,B,settled,box,33,0.0005241600159347203,0.9922450981682989
Gray-Scott reaction-diffusion,bubbles,B,settled,box,34,0.0005905323053502633,0.9928356304736491
Gray-Scott reaction-diffusion,bubbles,B,settled,box,35,0.0005456086444831643,0.9933812391181323
Gray-Scott reaction-diffusion,bubbles,B,settled,box,36,0.0006118866952391484,0.9939931258133713
Gray-Scott reaction-diffusion,bubbles,B,settled,box,37,0.0005789839188243568,0.9945721097321957
Gray-Scott reaction-diffusion,bubbles,B,settled,box,38,0.0005846304670452366,0.9951567401992409
Gray-Scott reaction-diffusion,bubbles,B,settled,box,39,0.0005636929805035429,0.9957204331797445
Gray-Scott reaction-diffusion,bubbles,B,settled,box,40,0.0005367501546323278,0.9962571833343769
Gray-Scott reaction-diffusion,bubbles,B,settled,box,41,0.0004746031043387464,0.9967317864387156
Gray-Scott reaction-diffusion,bubbles,B,settled,box,42,0.0003961257496993702,0.997127912188415
Gray-Scott reaction-diffusion,bubbles,B,settled,box,43,0.00037749980195817234,0.9975054119903731
Gray-Scott reaction-diffusion,bubbles,B,settled,box,44,0.0003685941967745759,0.9978740061871477
Gray-Scott reaction-diffusion,bubbles,B,settled,box,45,0.00033490020721937817,0.998208906394367
Gray-Scott reaction-diffusion,bubbles,B,settled,box,46,0.0002862365254643175,0.9984951429198313
Gray-Scott reaction-diffusion,bubbles,B,settled,box,47,0.0002481159581448875,0.9987432588779762
Gray-Scott reaction-diffusion,bubbles,B,settled,box,48,0.00021486388158727676,0.9989581227595634
Gray-Scott reaction-diffusion,bubbles,B,settled,box,49,0.00017467877501035247,0.9991328015345738
Gray-Scott reaction-diffusion,bubbles,B,settled,box,50,0.00016203683440833575,0.9992948383689821
Gray-Scott reaction-diffusion,bubbles,B,settled,box,51,0.00013178891384432883,0.9994266272828264
Gray-Scott reaction-diffusion,bubbles,B,settled,box,52,9.491080042182681e-05,0.9995215380832482
Gray-Scott reaction-diffusion,bubbles,B,settled,box,53,9.810423339073027e-05,0.9996196423166389
Gray-Scott reaction-diffusion,bubbles,B,settled,box,54,7.511999737094353e-05,0.9996947623140099
Gray-Scott reaction-diffusion,bubbles,B,settled,box,55,6.134759409877238e-05,0.9997561099081087
Gray-Scott reaction-diffusion,bubbles,B,settled,box,56,4.817643811715089e-05,0.9998042863462258
Gray-Scott reaction-diffusion,bubbles,B,settled,box,57,3.924502340194293e-05,0.9998435313696277
Gray-Scott reaction-diffusion,bubbles,B,settled,box,58,3.447410720304896e-05,0.9998780054768307
Gray-Scott reaction-diffusion,bubbles,B,settled,box,59,3.029349977954939e-05,0.9999082989766103
Gray-Scott reaction-diffusion,bubbles,B,settled,box,60,2.6887385650157644e-05,0.9999351863622604
Gray-Scott reaction-diffusion,bubbles,B,settled,box,61,2.0353603376027425e-05,0.9999555399656365
Gray-Scott reaction-diffusion,bubbles,B,settled,box,62,1.979501811446906e-05,0.999975334983751
Gray-Scott reaction-diffusion,bubbles,B,settled,box,63,1.7091564524958775e-05,0.9999924265482759
Gray-Scott reaction-diffusion,bubbles,B,settled,box,64,7.573451724175501e-06,1.0
Gray-Scott reaction-diffusion,gliders,A,full,radial,1,0.04823925395888764,0.04823925395888764
Gray-Scott reaction-diffusion,gliders,A,full,radial,2,0.05354833398344892,0.10178758794233657
Gray-Scott reaction-diffusion,gliders,A,full,radial,3,0.059499349407518776,0.16128693734985536
Gray-Scott reaction-diffusion,gliders,A,full,radial,4,0.0680759929236367,0.22936293027349205
Gray-Scott reaction-diffusion,gliders,A,full,radial,5,0.1050205453157198,0.3343834755892119
Gray-Scott reaction-diffusion,gliders,A,full,radial,6,0.09160781415668101,0.4259912897458929
Gray-Scott reaction-diffusion,gliders,A,full,radial,7,0.109988893558974,0.5359801833048669
Gray-Scott reaction-diffusion,gliders,A,full,radial,8,0.1188551170736423,0.6548353003785092
Gray-Scott reaction-diffusion,gliders,A,full,radial,9,0.09953209440471646,0.7543673947832257
Gray-Scott reaction-diffusion,gliders,A,full,radial,10,0.08825888476534088,0.8426262795485665
Gray-Scott reaction-diffusion,gliders,A,full,radial,11,0.050644202617070505,0.893270482165637
Gray-Scott reaction-diffusion,gliders,A,full,radial,12,0.036281750803231635,0.9295522329688687
Gray-Scott reaction-diffusion,gliders,A,full,radial,13,0.02517196896479791,0.9547242019336666
Gray-Scott reaction-diffusion,gliders,A,full,radial,14,0.014276649088927382,0.9690008510225939
Gray-Scott reaction-diffusion,gliders,A,full,radial,15,0.00956876748489526,0.9785696185074891
Gray-Scott reaction-diffusion,gliders,A,full,radial,16,0.0058917189960777825,0.984461337503567
Gray-Scott reaction-diffusion,gliders,A,full,radial,17,0.0043292845236271,0.988790622027194
Gray-Scott reaction-diffusion,gliders,A,full,radial,18,0.00285531817328496,0.991645940200479
Gray-Scott reaction-diffusion,gliders,A,full,radial,19,0.0018919391012588878,0.9935378793017379
Gray-Scott reaction-diffusion,gliders,A,full,radial,20,0.0013656610037171533,0.994903540305455
Gray-Scott reaction-diffusion,gliders,A,full,radial,21,0.0011145412540653832,0.9960180815595204
Gray-Scott reaction-diffusion,gliders,A,full,radial,22,0.0007627274191861346,0.9967808089787066
Gray-Scott reaction-diffusion,gliders,A,full,radial,23,0.0006003444835063922,0.9973811534622129
Gray-Scott reaction-diffusion,gliders,A,full,radial,24,0.0005033099743738025,0.9978844634365868
Gray-Scott reaction-diffusion,gliders,A,full,radial,25,0.0004255287560886419,0.9983099921926754
Gray-Scott reaction-diffusion,gliders,A,full,radial,26,0.0003460758378449106,0.9986560680305202
Gray-Scott reaction-diffusion,gliders,A,full,radial,27,0.0002572482979503988,0.9989133163284706
Gray-Scott reaction-diffusion,gliders,A,full,radial,28,0.00020721545877141383,0.999120531787242
Gray-Scott reaction-diffusion,gliders,A,full,radial,29,0.00018764113842196188,0.999308172925664
Gray-Scott reaction-diffusion,gliders,A,full,radial,30,0.0001414456267755319,0.9994496185524395
Gray-Scott reaction-diffusion,gliders,A,full,radial,31,0.00012107166227314777,0.9995706902147127
Gray-Scott reaction-diffusion,gliders,A,full,radial,32,8.972201751708356e-05,0.9996604122322297
Gray-Scott reaction-diffusion,gliders,A,full,radial,33,7.130095312068306e-05,0.9997317131853504
Gray-Scott reaction-diffusion,gliders,A,full,radial,34,5.966950604719453e-05,0.9997913826913977
Gray-Scott reaction-diffusion,gliders,A,full,radial,35,4.1665803121588386e-05,0.9998330484945193
Gray-Scott reaction-diffusion,gliders,A,full,radial,36,3.5433401937554845e-05,0.9998684818964568
Gray-Scott reaction-diffusion,gliders,A,full,radial,37,2.668481840377306e-05,0.9998951667148606
Gray-Scott reaction-diffusion,gliders,A,full,radial,38,2.2743264510264836e-05,0.9999179099793708
Gray-Scott reaction-diffusion,gliders,A,full,radial,39,1.661180912295676e-05,0.9999345217884937
Gray-Scott reaction-diffusion,gliders,A,full,radial,40,1.2330911590355053e-05,0.9999468527000841
Gray-Scott reaction-diffusion,gliders,A,full,radial,41,1.0923856952337337e-05,0.9999577765570364
Gray-Scott reaction-diffusion,gliders,A,full,radial,42,8.171974230998127e-06,0.9999659485312674
Gray-Scott reaction-diffusion,gliders,A,full,radial,43,6.885394831933851e-06,0.9999728339260994
Gray-Scott reaction-diffusion,gliders,A,full,radial,44,5.140064374745378e-06,0.9999779739904742
Gray-Scott reaction-diffusion,gliders,A,full,radial,45,3.968022008518595e-06,0.9999819420124827
Gray-Scott reaction-diffusion,gliders,A,full,radial,46,3.437867683350698e-06,0.999985379880166
Gray-Scott reaction-diffusion,gliders,A,full,radial,47,2.7016387139692647e-06,0.9999880815188799
Gray-Scott reaction-diffusion,gliders,A,full,radial,48,2.28430082879354e-06,0.9999903658197087
Gray-Scott reaction-diffusion,gliders,A,full,radial,49,1.7690466950045227e-06,0.9999921348664036
Gray-Scott reaction-diffusion,gliders,A,full,radial,50,1.5454818220370865e-06,0.9999936803482257
Gray-Scott reaction-diffusion,gliders,A,full,radial,51,1.1808509923993331e-06,0.999994861199218
Gray-Scott reaction-diffusion,gliders,A,full,radial,52,9.187483762049851e-07,0.9999957799475943
Gray-Scott reaction-diffusion,gliders,A,full,radial,53,8.073814601993012e-07,0.9999965873290545
Gray-Scott reaction-diffusion,gliders,A,full,radial,54,6.159720752802131e-07,0.9999972033011297
Gray-Scott reaction-diffusion,gliders,A,full,radial,55,5.733998538196685e-07,0.9999977767009836
Gray-Scott reaction-diffusion,gliders,A,full,radial,56,4.189394293087696e-07,0.9999981956404128
Gray-Scott reaction-diffusion,gliders,A,full,radial,57,3.581297928481926e-07,0.9999985537702056
Gray-Scott reaction-diffusion,gliders,A,full,radial,58,2.8986257163648664e-07,0.9999988436327774
Gray-Scott reaction-diffusion,gliders,A,full,radial,59,2.4245738144462707e-07,0.9999990860901588
Gray-Scott reaction-diffusion,gliders,A,full,radial,60,2.0871026632134803e-07,0.9999992948004252
Gray-Scott reaction-diffusion,gliders,A,full,radial,61,1.7403354388497168e-07,0.9999994688339691
Gray-Scott reaction-diffusion,gliders,A,full,radial,62,1.4268743674311387e-07,0.9999996115214058
Gray-Scott reaction-diffusion,gliders,A,full,radial,63,1.247115503962904e-07,0.9999997362329561
Gray-Scott reaction-diffusion,gliders,A,full,radial,64,8.745762228827465e-08,0.9999998236905784
Gray-Scott reaction-diffusion,gliders,A,full,radial,65,5.475860336537269e-08,0.9999998784491818
Gray-Scott reaction-diffusion,gliders,A,full,radial,66,3.618585159874666e-08,0.9999999146350333
Gray-Scott reaction-diffusion,gliders,A,full,radial,67,2.733217110253921e-08,0.9999999419672044
Gray-Scott reaction-diffusion,gliders,A,full,radial,68,2.0885000993263992e-08,0.9999999628522054
Gray-Scott reaction-diffusion,gliders,A,full,radial,69,1.2991725727388089e-08,0.9999999758439311
Gray-Scott reaction-diffusion,gliders,A,full,radial,70,8.150469682647917e-09,0.9999999839944008
Gray-Scott reaction-diffusion,gliders,A,full,radial,71,6.8323383885336305e-09,0.9999999908267393
Gray-Scott reaction-diffusion,gliders,A,full,radial,72,4.468163353276834e-09,0.9999999952949026
Gray-Scott reaction-diffusion,gliders,A,full,radial,73,2.521606657702489e-09,0.9999999978165093
Gray-Scott reaction-diffusion,gliders,A,full,radial,74,1.5343882819111167e-09,0.9999999993508976
Gray-Scott reaction-diffusion,gliders,A,full,radial,75,4.973617469009863e-10,0.9999999998482593
Gray-Scott reaction-diffusion,gliders,A,full,radial,76,1.5174003686907414e-10,0.9999999999999993
Gray-Scott reaction-diffusion,gliders,A,full,radial,77,5.701060217418037e-17,0.9999999999999993
Gray-Scott reaction-diffusion,gliders,A,full,radial,78,4.187053600303503e-17,0.9999999999999993
Gray-Scott reaction-diffusion,gliders,A,full,radial,79,4.4991420936767994e-17,0.9999999999999993
Gray-Scott reaction-diffusion,gliders,A,full,radial,80,3.6502125393222597e-17,0.9999999999999993
Gray-Scott reaction-diffusion,gliders,A,full,radial,81,2.767376669748863e-17,0.9999999999999993
Gray-Scott reaction-diffusion,gliders,A,full,radial,82,3.823929505087401e-17,0.9999999999999993
Gray-Scott reaction-diffusion,gliders,A,full,radial,83,1.9145996963121316e-17,0.9999999999999993
Gray-Scott reaction-diffusion,gliders,A,full,radial,84,2.7588341947387474e-17,0.9999999999999993
Gray-Scott reaction-diffusion,gliders,A,full,radial,85,1.412127961928982e-17,0.9999999999999993
Gray-Scott reaction-diffusion,gliders,A,full,radial,86,1.3904415834633125e-17,0.9999999999999993
Gray-Scott reaction-diffusion,gliders,A,full,radial,87,1.2022697273945383e-17,0.9999999999999993
Gray-Scott reaction-diffusion,gliders,A,full,radial,88,5.189224662896873e-18,0.9999999999999993
Gray-Scott reaction-diffusion,gliders,A,full,radial,89,5.253991784381596e-18,0.9999999999999993
Gray-Scott reaction-diffusion,gliders,A,full,radial,90,4.121618008649056e-19,0.9999999999999993
Gray-Scott reaction-diffusion,gliders,A,full,box,1,0.04823925395888764,0.04823925395888764
Gray-Scott reaction-diffusion,gliders,A,full,box,2,0.05354833398344892,0.10178758794233657
Gray-Scott reaction-diffusion,gliders,A,full,box,3,0.07085583472749549,0.17264342266983204
Gray-Scott reaction-diffusion,gliders,A,full,box,4,0.08877718978137408,0.2614206124512061
Gray-Scott reaction-diffusion,gliders,A,full,box,5,0.10202600714516069,0.3634466195963668
Gray-Scott reaction-diffusion,gliders,A,full,box,6,0.11439666171996166,0.47784328131632847
Gray-Scott reaction-diffusion,gliders,A,full,box,7,0.1203519546693247,0.5981952359856532
Gray-Scott reaction-diffusion,gliders,A,full,box,8,0.11509448707667282,0.7132897230623261
Gray-Scott reaction-diffusion,gliders,A,full,box,9,0.09561472951618924,0.8089044525785153
Gray-Scott reaction-diffusion,gliders,A,full,box,10,0.07070878878066159,0.8796132413591768
Gray-Scott reaction-diffusion,gliders,A,full,box,11,0.043697136258464546,0.9233103776176413
Gray-Scott reaction-diffusion,gliders,A,full,box,12,0.02645437151029003,0.9497647491279313
Gray-Scott reaction-diffusion,gliders,A,full,box,13,0.017354464261621003,0.9671192133895523
Gray-Scott reaction-diffusion,gliders,A,full,box,14,0.0107508864153687,0.977870099804921
Gray-Scott reaction-diffusion,gliders,A,full,box,15,0.006913119772653349,0.9847832195775743
Gray-Scott reaction-diffusion,gliders,A,full,box,16,0.004371630663937212,0.9891548502415115
Gray-Scott reaction-diffusion,gliders,A,full,box,17,0.0028436453493576597,0.9919984955908693
Gray-Scott reaction-diffusion,gliders,A,full,box,18,0.001990146357142087,0.9939886419480114
Gray-Scott reaction-diffusion,gliders,A,full,box,19,0.00139938528848249,0.9953880272364938
Gray-Scott reaction-diffusion,gliders,A,full,box,20,0.0010287316401492194,0.996416758876643
Gray-Scott reaction-diffusion,gliders,A,full,box,21,0.0007648424491397956,0.9971816013257828
Gray-Scott reaction-diffusion,gliders,A,full,box,22,0.0005927395698828954,0.9977743408956657
Gray-Scott reaction-diffusion,gliders,A,full,box,23,0.00046796333073071224,0.9982423042263965
Gray-Scott reaction-diffusion,gliders,A,full,box,24,0.0003617753486084029,0.998604079575005
Gray-Scott reaction-diffusion,gliders,A,full,box,25,0.0002923966982392512,0.9988964762732441
Gray-Scott reaction-diffusion,gliders,A,full,box,26,0.00023093841293293487,0.999127414686177
Gray-Scott reaction-diffusion,gliders,A,full,box,27,0.00018611862266770842,0.9993135333088448
Gray-Scott reaction-diffusion,gliders,A,full,box,28,0.00014676775900563795,0.9994603010678504
Gray-Scott reaction-diffusion,gliders,A,full,box,29,0.00011798534336278774,0.9995782864112133
Gray-Scott reaction-diffusion,gliders,A,full,box,30,9.260299720586697e-05,0.9996708894084191
Gray-Scott reaction-diffusion,gliders,A,full,box,31,7.2526415057486e-05,0.9997434158234766
Gray-Scott reaction-diffusion,gliders,A,full,box,32,5.73163660452936e-05,0.9998007321895218
Gray-Scott reaction-diffusion,gliders,A,full,box,33,4.3862290107561564e-05,0.9998445944796295
Gray-Scott reaction-diffusion,gliders,A,full,box,34,3.398427525514745e-05,0.9998785787548846
Gray-Scott reaction-diffusion,gliders,A,full,box,35,2.645534724770809e-05,0.9999050341021323
Gray-Scott reaction-diffusion,gliders,A,full,box,36,2.0383139529014788e-05,0.9999254172416613
Gray-Scott reaction-diffusion,gliders,A,full,box,37,1.593909512487357e-05,0.9999413563367862
Gray-Scott reaction-diffusion,gliders,A,full,box,38,1.2347589083314347e-05,0.9999537039258695
Gray-Scott reaction-diffusion,gliders,A,full,box,39,9.627951179279401e-06,0.9999633318770488
Gray-Scott reaction-diffusion,gliders,A,full,box,40,7.5315249755367405e-06,0.9999708634020243
Gray-Scott reaction-diffusion,gliders,A,full,box,41,5.869645534757384e-06,0.9999767330475591
Gray-Scott reaction-diffusion,gliders,A,full,box,42,4.660968900906263e-06,0.99998139401646
Gray-Scott reaction-diffusion,gliders,A,full,box,43,3.6738369783551884e-06,0.9999850678534384
Gray-Scott reaction-diffusion,gliders,A,full,box,44,2.931724615743285e-06,0.9999879995780542
Gray-Scott reaction-diffusion,gliders,A,full,box,45,2.335843357149147e-06,0.9999903354214114
Gray-Scott reaction-diffusion,gliders,A,full,box,46,1.8779686677876994e-06,0.9999922133900792
Gray-Scott reaction-diffusion,gliders,A,full,box,47,1.4929283148407132e-06,0.9999937063183939
Gray-Scott reaction-diffusion,gliders,A,full,box,48,1.2018405940874502e-06,0.9999949081589881
Gray-Scott reaction-diffusion,gliders,A,full,box,49,9.711958904006005e-07,0.9999958793548784
Gray-Scott reaction-diffusion,gliders,A,full,box,50,7.821656979390091e-07,0.9999966615205764
Gray-Scott reaction-diffusion,gliders,A,full,box,51,6.301118311406793e-07,0.9999972916324075
Gray-Scott reaction-diffusion,gliders,A,full,box,52,5.111312729749386e-07,0.9999978027636804
Gray-Scott reaction-diffusion,gliders,A,full,box,53,4.1903403063153386e-07,0.999998221797711
Gray-Scott reaction-diffusion,gliders,A,full,box,54,3.4103133275847247e-07,0.9999985628290438
Gray-Scott reaction-diffusion,gliders,A,full,box,55,2.7651733912041497e-07,0.9999988393463829
Gray-Scott reaction-diffusion,gliders,A,full,box,56,2.3245866954941757e-07,0.9999990718050525
Gray-Scott reaction-diffusion,gliders,A,full,box,57,1.9093042459308303e-07,0.9999992627354771
Gray-Scott reaction-diffusion,gliders,A,full,box,58,1.5980834073867434e-07,0.9999994225438178
Gray-Scott reaction-diffusion,gliders,A,full,box,59,1.3758379357481158e-07,0.9999995601276115
Gray-Scott reaction-diffusion,gliders,A,full,box,60,1.1839895667952699e-07,0.9999996785265681
Gray-Scott reaction-diffusion,gliders,A,full,box,61,1.0411069757844013e-07,0.9999997826372657
Gray-Scott reaction-diffusion,gliders,A,full,box,62,9.366353082819532e-08,0.9999998763007966
Gray-Scott reaction-diffusion,gliders,A,full,box,63,8.444646161247013e-08,0.999999960747258
Gray-Scott reaction-diffusion,gliders,A,full,box,64,3.925274183685288e-08,0.9999999999999999
Gray-Scott reaction-diffusion,gliders,A,train,radial,1,0.1076776041335491,0.1076776041335491
Gray-Scott reaction-diffusion,gliders,A,train,radial,2,0.13870718571806911,0.24638478985161819
Gray-Scott reaction-diffusion,gliders,A,train,radial,3,0.16411824893572313,0.41050303878734135
Gray-Scott reaction-diffusion,gliders,A,train,radial,4,0.12603786604451991,0.5365409048318612
Gray-Scott reaction-diffusion,gliders,A,train,radial,5,0.13284926746892556,0.6693901723007868
Gray-Scott reaction-diffusion,gliders,A,train,radial,6,0.07332490306944013,0.7427150753702269
Gray-Scott reaction-diffusion,gliders,A,train,radial,7,0.07184942002109555,0.8145644953913224
Gray-Scott reaction-diffusion,gliders,A,train,radial,8,0.05183900290636043,0.8664034982976828
Gray-Scott reaction-diffusion,gliders,A,train,radial,9,0.03122346083940398,0.8976269591370868
Gray-Scott reaction-diffusion,gliders,A,train,radial,10,0.02931232381342979,0.9269392829505165
Gray-Scott reaction-diffusion,gliders,A,train,radial,11,0.016756010569833023,0.9436952935203495
Gray-Scott reaction-diffusion,gliders,A,train,radial,12,0.015791436322993957,0.9594867298433436
Gray-Scott reaction-diffusion,gliders,A,train,radial,13,0.011238477941703122,0.9707252077850467
Gray-Scott reaction-diffusion,gliders,A,train,radial,14,0.0068691153863143185,0.977594323171361
Gray-Scott reaction-diffusion,gliders,A,train,radial,15,0.0055065982878883665,0.9831009214592493
Gray-Scott reaction-diffusion,gliders,A,train,radial,16,0.003710628226773309,0.9868115496860227
Gray-Scott reaction-diffusion,gliders,A,train,radial,17,0.002975054053191679,0.9897866037392143
Gray-Scott reaction-diffusion,gliders,A,train,radial,18,0.00231951875013729,0.9921061224893517
Gray-Scott reaction-diffusion,gliders,A,train,radial,19,0.0017090243574732964,0.9938151468468249
Gray-Scott reaction-diffusion,gliders,A,train,radial,20,0.0012859637361835538,0.9951011105830085
Gray-Scott reaction-diffusion,gliders,A,train,radial,21,0.001101852101796282,0.9962029626848048
Gray-Scott reaction-diffusion,gliders,A,train,radial,22,0.0007930450833349826,0.9969960077681398
Gray-Scott reaction-diffusion,gliders,A,train,radial,23,0.0005697871461759501,0.9975657949143157
Gray-Scott reaction-diffusion,gliders,A,train,radial,24,0.0004661170417581756,0.9980319119560739
Gray-Scott reaction-diffusion,gliders,A,train,radial,25,0.0004200876220478546,0.9984519995781217
Gray-Scott reaction-diffusion,gliders,A,train,radial,26,0.000314475933348878,0.9987664755114706
Gray-Scott reaction-diffusion,gliders,A,train,radial,27,0.00022994681474391675,0.9989964223262144
Gray-Scott reaction-diffusion,gliders,A,train,radial,28,0.00018607213098657772,0.9991824944572011
Gray-Scott reaction-diffusion,gliders,A,train,radial,29,0.00016623161630818908,0.9993487260735092
Gray-Scott reaction-diffusion,gliders,A,train,radial,30,0.00011785543217661915,0.9994665815056858
Gray-Scott reaction-diffusion,gliders,A,train,radial,31,9.942554677133921e-05,0.9995660070524571
Gray-Scott reaction-diffusion,gliders,A,train,radial,32,8.122137911806012e-05,0.9996472284315753
Gray-Scott reaction-diffusion,gliders,A,train,radial,33,6.079524869441085e-05,0.9997080236802697
Gray-Scott reaction-diffusion,gliders,A,train,radial,34,5.380812388640833e-05,0.9997618318041561
Gray-Scott reaction-diffusion,gliders,A,train,radial,35,4.1048312805910505e-05,0.9998028801169621
Gray-Scott reaction-diffusion,gliders,A,train,radial,36,3.409054952242098e-05,0.9998369706664846
Gray-Scott reaction-diffusion,gliders,A,train,radial,37,2.6782732927081963e-05,0.9998637533994116
Gray-Scott reaction-diffusion,gliders,A,train,radial,38,2.5256805822570292e-05,0.9998890102052341
Gray-Scott reaction-diffusion,gliders,A,train,radial,39,1.8693072582283176e-05,0.9999077032778164
Gray-Scott reaction-diffusion,gliders,A,train,radial,40,1.4239410594407074e-05,0.999921942688411
Gray-Scott reaction-diffusion,gliders,A,train,radial,41,1.3851233392186318e-05,0.9999357939218031
Gray-Scott reaction-diffusion,gliders,A,train,radial,42,1.0393745938005602e-05,0.9999461876677411
Gray-Scott reaction-diffusion,gliders,A,train,radial,43,9.260590202958788e-06,0.9999554482579439
Gray-Scott reaction-diffusion,gliders,A,train,radial,44,6.838076534948138e-06,0.9999622863344789
Gray-Scott reaction-diffusion,gliders,A,train,radial,45,5.801986382960624e-06,0.9999680883208619
Gray-Scott reaction-diffusion,gliders,A,train,radial,46,5.404289446639563e-06,0.9999734926103085
Gray-Scott reaction-diffusion,gliders,A,train,radial,47,4.425283683668448e-06,0.9999779178939923
Gray-Scott reaction-diffusion,gliders,A,train,radial,48,3.568426197642853e-06,0.9999814863201898
Gray-Scott reaction-diffusion,gliders,A,train,radial,49,2.9949843976177345e-06,0.9999844813045874
Gray-Scott reaction-diffusion,gliders,A,train,radial,50,2.6559999392677394e-06,0.9999871373045266
Gray-Scott reaction-diffusion,gliders,A,train,radial,51,2.0248849861904056e-06,0.9999891621895127
Gray-Scott reaction-diffusion,gliders,A,train,radial,52,1.6246257394145012e-06,0.9999907868152522
Gray-Scott reaction-diffusion,gliders,A,train,radial,53,1.4829379981313219e-06,0.9999922697532503
Gray-Scott reaction-diffusion,gliders,A,train,radial,54,1.210757134775207e-06,0.9999934805103851
Gray-Scott reaction-diffusion,gliders,A,train,radial,55,1.160714103646628e-06,0.9999946412244887
Gray-Scott reaction-diffusion,gliders,A,train,radial,56,8.608589270039193e-07,0.9999955020834157
Gray-Scott reaction-diffusion,gliders,A,train,radial,57,8.136426158332111e-07,0.9999963157260314
Gray-Scott reaction-diffusion,gliders,A,train,radial,58,6.02836709468115e-07,0.9999969185627409
Gray-Scott reaction-diffusion,gliders,A,train,radial,59,5.568289045604285e-07,0.9999974753916455
Gray-Scott reaction-diffusion,gliders,A,train,radial,60,5.485832653784341e-07,0.9999980239749109
Gray-Scott reaction-diffusion,gliders,A,train,radial,61,4.604186177890641e-07,0.9999984843935287
Gray-Scott reaction-diffusion,gliders,A,train,radial,62,3.8213200968405007e-07,0.9999988665255384
Gray-Scott reaction-diffusion,gliders,A,train,radial,63,3.374631737510188e-07,0.9999992039887122
Gray-Scott reaction-diffusion,gliders,A,train,radial,64,2.3984662785658913e-07,0.9999994438353401
Gray-Scott reaction-diffusion,gliders,A,train,radial,65,1.4897177633963684e-07,0.9999995928071164
Gray-Scott reaction-diffusion,gliders,A,train,radial,66,1.1154742050658335e-07,0.9999997043545369
Gray-Scott reaction-diffusion,gliders,A,train,radial,67,8.622922282810169e-08,0.9999997905837598
Gray-Scott reaction-diffusion,gliders,A,train,radial,68,7.262380429640149e-08,0.9999998632075641
Gray-Scott reaction-diffusion,gliders,A,train,radial,69,4.4386870382926824e-08,0.9999999075944345
Gray-Scott reaction-diffusion,gliders,A,train,radial,70,3.048297578093615e-08,0.9999999380774103
Gray-Scott reaction-diffusion,gliders,A,train,radial,71,2.6892704499437237e-08,0.9999999649701147
Gray-Scott reaction-diffusion,gliders,A,train,radial,72,1.5888587766147476e-08,0.9999999808587026
Gray-Scott reaction-diffusion,gliders,A,train,radial,73,1.0665465429929308e-08,0.999999991524168
Gray-Scott reaction-diffusion,gliders,A,train,radial,74,6.4609791753256224e-09,0.999999997985147
Gray-Scott reaction-diffusion,gliders,A,train,radial,75,1.6586376780343953e-09,0.9999999996437848
Gray-Scott reaction-diffusion,gliders,A,train,radial,76,3.562145268650439e-10,0.9999999999999993
Gray-Scott reaction-diffusion,gliders,A,train,radial,77,7.405925355136385e-17,0.9999999999999993
Gray-Scott reaction-diffusion,gliders,A,train,radial,78,5.499229104207345e-17,0.9999999999999993
Gray-Scott reaction-diffusion,gliders,A,train,radial,79,6.029826208862174e-17,0.9999999999999993
Gray-Scott reaction-diffusion,gliders,A,train,radial,80,4.418917267462273e-17,0.9999999999999993
Gray-Scott reaction-diffusion,gliders,A,train,radial,81,3.601770002153976e-17,0.9999999999999993
Gray-Scott reaction-diffusion,gliders,A,train,radial,82,4.88827565585106e-17,0.9999999999999993
Gray-Scott reaction-diffusion,gliders,A,train,radial,83,2.5830203488964246e-17,0.9999999999999993
Gray-Scott reaction-diffusion,gliders,A,train,radial,84,3.4282335890084965e-17,0.9999999999999993
Gray-Scott reaction-diffusion,gliders,A,train,radial,85,1.767054296289837e-17,0.9999999999999993
Gray-Scott reaction-diffusion,gliders,A,train,radial,86,1.6763307903425115e-17,0.9999999999999993
Gray-Scott reaction-diffusion,gliders,A,train,radial,87,1.5199619232811282e-17,0.9999999999999993
Gray-Scott reaction-diffusion,gliders,A,train,radial,88,6.861341994090566e-18,0.9999999999999993
Gray-Scott reaction-diffusion,gliders,A,train,radial,89,7.21781959960624e-18,0.9999999999999993
Gray-Scott reaction-diffusion,gliders,A,train,radial,90,6.228366102611701e-19,0.9999999999999993
Gray-Scott reaction-diffusion,gliders,A,train,box,1,0.10767760413354911,0.10767760413354911
Gray-Scott reaction-diffusion,gliders,A,train,box,2,0.13870718571806911,0.24638478985161824
Gray-Scott reaction-diffusion,gliders,A,train,box,3,0.18672085212303205,0.4331056419746503
Gray-Scott reaction-diffusion,gliders,A,train,box,4,0.14193202266226454,0.5750376646369149
Gray-Scott reaction-diffusion,gliders,A,train,box,5,0.12111628512812472,0.6961539497650396
Gray-Scott reaction-diffusion,gliders,A,train,box,6,0.0786853528127957,0.7748393025778353
Gray-Scott reaction-diffusion,gliders,A,train,box,7,0.0651606220494622,0.8399999246272976
Gray-Scott reaction-diffusion,gliders,A,train,box,8,0.04683132016975562,0.8868312447970531
Gray-Scott reaction-diffusion,gliders,A,train,box,9,0.028954900819557174,0.9157861456166103
Gray-Scott reaction-diffusion,gliders,A,train,box,10,0.02421450908415181,0.9400006547007621
Gray-Scott reaction-diffusion,gliders,A,train,box,11,0.016178014415913374,0.9561786691166755
Gray-Scott reaction-diffusion,gliders,A,train,box,12,0.012874573401950633,0.9690532425186262
Gray-Scott reaction-diffusion,gliders,A,train,box,13,0.008325445132956868,0.9773786876515831
Gray-Scott reaction-diffusion,gliders,A,train,box,14,0.005867385030442168,0.9832460726820251
Gray-Scott reaction-diffusion,gliders,A,train,box,15,0.004141978472123035,0.9873880511541481
Gray-Scott reaction-diffusion,gliders,A,train,box,16,0.0030558376735233734,0.9904438888276714
Gray-Scott reaction-diffusion,gliders,A,train,box,17,0.0021777762459346487,0.992621665073606
Gray-Scott reaction-diffusion,gliders,A,train,box,18,0.0016863154968203428,0.9943079805704265
Gray-Scott reaction-diffusion,gliders,A,train,box,19,0.0012678817845154665,0.995575862354942
Gray-Scott reaction-diffusion,gliders,A,train,box,20,0.0010377555288115154,0.9966136178837535
Gray-Scott reaction-diffusion,gliders,A,train,box,21,0.000718660530733001,0.9973322784144866
Gray-Scott reaction-diffusion,gliders,A,train,box,22,0.00059245710751652,0.9979247355220031
Gray-Scott reaction-diffusion,gliders,A,train,box,23,0.00045509583021753993,0.9983798313522206
Gray-Scott reaction-diffusion,gliders,A,train,box,24,0.00032169914509126913,0.998701530497312
Gray-Scott reaction-diffusion,gliders,A,train,box,25,0.00027627363610502554,0.998977804133417
Gray-Scott reaction-diffusion,gliders,A,train,box,26,0.00021536556871694064,0.999193169702134
Gray-Scott reaction-diffusion,gliders,A,train,box,27,0.0001601489699602328,0.9993533186720942
Gray-Scott reaction-diffusion,gliders,A,train,box,28,0.0001303630638225118,0.9994836817359168
Gray-Scott reaction-diffusion,gliders,A,train,box,29,0.00010135451506201633,0.9995850362509788
Gray-Scott reaction-diffusion,gliders,A,train,box,30,7.919381126837923e-05,0.9996642300622472
Gray-Scott reaction-diffusion,gliders,A,train,box,31,6.169006179900023e-05,0.9997259201240462
Gray-Scott reaction-diffusion,gliders,A,train,box,32,5.532137995434139e-05,0.9997812415040005
Gray-Scott reaction-diffusion,gliders,A,train,box,33,3.984950054872843e-05,0.9998210910045492
Gray-Scott reaction-diffusion,gliders,A,train,box,34,3.082320138459804e-05,0.9998519142059338
Gray-Scott reaction-diffusion,gliders,A,train,box,35,2.8651814973305875e-05,0.999880566020907
Gray-Scott reaction-diffusion,gliders,A,train,box,36,2.1384587536494222e-05,0.9999019506084434
Gray-Scott reaction-diffusion,gliders,A,train,box,37,1.7752797876912318e-05,0.9999197034063203
Gray-Scott reaction-diffusion,gliders,A,train,box,38,1.4767675319167364e-05,0.9999344710816395
Gray-Scott reaction-diffusion,gliders,A,train,box,39,1.1179777851650191e-05,0.999945650859491
Gray-Scott reaction-diffusion,gliders,A,train,box,40,9.327780771162518e-06,0.9999549786402622
Gray-Scott reaction-diffusion,gliders,A,train,box,41,7.595800035833214e-06,0.999962574440298
Gray-Scott reaction-diffusion,gliders,A,train,box,42,6.316285871019157e-06,0.999968890726169
Gray-Scott reaction-diffusion,gliders,A,train,box,43,5.4802289169302174e-06,0.9999743709550859
Gray-Scott reaction-diffusion,gliders,A,train,box,44,4.141616886342152e-06,0.9999785125719722
Gray-Scott reaction-diffusion,gliders,A,train,box,45,3.759798013880571e-06,0.999982272369986
Gray-Scott reaction-diffusion,gliders,A,train,box,46,3.0672519056336537e-06,0.9999853396218918
Gray-Scott reaction-diffusion,gliders,A,train,box,47,2.382970989648925e-06,0.9999877225928815
Gray-Scott reaction-diffusion,gliders,A,train,box,48,2.070080861072176e-06,0.9999897926737424
Gray-Scott reaction-diffusion,gliders,A,train,box,49,1.7353755800665377e-06,0.9999915280493226
Gray-Scott reaction-diffusion,gliders,A,train,box,50,1.3492981181721136e-06,0.9999928773474407
Gray-Scott reaction-diffusion,gliders,A,train,box,51,1.140035236233855e-06,0.9999940173826768
Gray-Scott reaction-diffusion,gliders,A,train,box,52,9.476482706486891e-07,0.9999949650309474
Gray-Scott reaction-diffusion,gliders,A,train,box,53,8.529753100034331e-07,0.9999958180062575
Gray-Scott reaction-diffusion,gliders,A,train,box,54,7.239193589726867e-07,0.9999965419256165
Gray-Scott reaction-diffusion,gliders,A,train,box,55,5.877212336663908e-07,0.9999971296468503
Gray-Scott reaction-diffusion,gliders,A,train,box,56,5.358712152395013e-07,0.9999976655180655
Gray-Scott reaction-diffusion,gliders,A,train,box,57,4.32620553193655e-07,0.9999980981386186
Gray-Scott reaction-diffusion,gliders,A,train,box,58,3.6869465826091236e-07,0.999998466833277
Gray-Scott reaction-diffusion,gliders,A,train,box,59,3.4703156529492805e-07,0.9999988138648422
Gray-Scott reaction-diffusion,gliders,A,train,box,60,3.151162167378966e-07,0.999999128981059
Gray-Scott reaction-diffusion,gliders,A,train,box,61,2.738177696090098e-07,0.9999994027988287
Gray-Scott reaction-diffusion,gliders,A,train,box,62,2.5431951045885637e-07,0.9999996571183392
Gray-Scott reaction-diffusion,gliders,A,train,box,63,2.3567548963974225e-07,0.9999998927938287
Gray-Scott reaction-diffusion,gliders,A,train,box,64,1.0720617123271398e-07,1.0
Gray-Scott reaction-diffusion,gliders,A,settled,radial,1,0.027842171819832288,0.027842171819832288
Gray-Scott reaction-diffusion,gliders,A,settled,radial,2,0.042725980166269585,0.07056815198610188
Gray-Scott reaction-diffusion,gliders,A,settled,radial,3,0.050370748690201896,0.12093890067630378
Gray-Scott reaction-diffusion,gliders,A,settled,radial,4,0.06597922842387678,0.18691812910018055
Gray-Scott reaction-diffusion,gliders,A,settled,radial,5,0.10001962511541056,0.2869377542155911
Gray-Scott reaction-diffusion,gliders,A,settled,radial,6,0.09383445769130014,0.38077221190689126
Gray-Scott reaction-diffusion,gliders,A,settled,radial,7,0.11601090944918317,0.4967831213560744
Gray-Scott reaction-diffusion,gliders,A,settled,radial,8,0.12881205886928285,0.6255951802253572
Gray-Scott reaction-diffusion,gliders,A,settled,radial,9,0.10819951732841347,0.7337946975537707
Gray-Scott reaction-diffusion,gliders,A,settled,radial,10,0.09755470694995577,0.8313494045037264
Gray-Scott reaction-diffusion,gliders,A,settled,radial,11,0.05463461396172377,0.8859840184654502
Gray-Scott reaction-diffusion,gliders,A,settled,radial,12,0.03875406132666565,0.9247380797921158
Gray-Scott reaction-diffusion,gliders,A,settled,radial,13,0.027471532139194225,0.9522096119313099
Gray-Scott reaction-diffusion,gliders,A,settled,radial,14,0.015330484834985725,0.9675400967662957
Gray-Scott reaction-diffusion,gliders,A,settled,radial,15,0.010086977577349231,0.977627074343645
Gray-Scott reaction-diffusion,gliders,A,settled,radial,16,0.006188525476153421,0.9838155998197985
Gray-Scott reaction-diffusion,gliders,A,settled,radial,17,0.004491651647403749,0.9883072514672022
Gray-Scott reaction-diffusion,gliders,A,settled,radial,18,0.0029895430930647125,0.991296794560267
Gray-Scott reaction-diffusion,gliders,A,settled,radial,19,0.0019706615426038116,0.9932674561028707
Gray-Scott reaction-diffusion,gliders,A,settled,radial,20,0.0014124077244062323,0.994679863827277
Gray-Scott reaction-diffusion,gliders,A,settled,radial,21,0.0011561894066866992,0.9958360532339637
Gray-Scott reaction-diffusion,gliders,A,settled,radial,22,0.0007941492476496825,0.9966302024816135
Gray-Scott reaction-diffusion,gliders,A,settled,radial,23,0.0006287615907832394,0.9972589640723967
Gray-Scott reaction-diffusion,gliders,A,settled,radial,24,0.0005262699393764885,0.9977852340117732
Gray-Scott reaction-diffusion,gliders,A,settled,radial,25,0.0004466656590217151,0.998231899670795
Gray-Scott reaction-diffusion,gliders,A,settled,radial,26,0.0003626848023926754,0.9985945844731876
Gray-Scott reaction-diffusion,gliders,A,settled,radial,27,0.000267240058825166,0.9988618245320127
Gray-Scott reaction-diffusion,gliders,A,settled,radial,28,0.00021779686046432108,0.9990796213924771
Gray-Scott reaction-diffusion,gliders,A,settled,radial,29,0.0001974366350037325,0.9992770580274808
Gray-Scott reaction-diffusion,gliders,A,settled,radial,30,0.0001503815592251427,0.9994274395867059
Gray-Scott reaction-diffusion,gliders,A,settled,radial,31,0.00012657478196267371,0.9995540143686685
Gray-Scott reaction-diffusion,gliders,A,settled,radial,32,9.313218026014087e-05,0.9996471465489286
Gray-Scott reaction-diffusion,gliders,A,settled,radial,33,7.497235462945753e-05,0.9997221189035581
Gray-Scott reaction-diffusion,gliders,A,settled,radial,34,6.203903334021743e-05,0.9997841579368982
Gray-Scott reaction-diffusion,gliders,A,settled,radial,35,4.3305173695473416e-05,0.9998274631105937
Gray-Scott reaction-diffusion,gliders,A,settled,radial,36,3.684353256916679e-05,0.9998643066431628
Gray-Scott reaction-diffusion,gliders,A,settled,radial,37,2.790283967934205e-05,0.9998922094828422
Gray-Scott reaction-diffusion,gliders,A,settled,radial,38,2.3688750825976514e-05,0.9999158982336682
Gray-Scott reaction-diffusion,gliders,A,settled,radial,39,1.7139228504096507e-05,0.9999330374621722
Gray-Scott reaction-diffusion,gliders,A,settled,radial,40,1.2791684639361571e-05,0.9999458291468116
Gray-Scott reaction-diffusion,gliders,A,settled,radial,41,1.1264881987299463e-05,0.999957094028799
Gray-Scott reaction-diffusion,gliders,A,settled,radial,42,8.477097798936542e-06,0.9999655711265979
Gray-Scott reaction-diffusion,gliders,A,settled,radial,43,7.0159546435971906e-06,0.9999725870812415
Gray-Scott reaction-diffusion,gliders,A,settled,radial,44,5.308242711827084e-06,0.9999778953239533
Gray-Scott reaction-diffusion,gliders,A,settled,radial,45,4.056808563161999e-06,0.9999819521325164
Gray-Scott reaction-diffusion,gliders,A,settled,radial,46,3.5017291623401883e-06,0.9999854538616788
Gray-Scott reaction-diffusion,gliders,A,settled,radial,47,2.728006582632586e-06,0.9999881818682614
Gray-Scott reaction-diffusion,gliders,A,settled,radial,48,2.3167201118049748e-06,0.9999904985883733
Gray-Scott reaction-diffusion,gliders,A,settled,radial,49,1.7743365344445958e-06,0.9999922729249077
Gray-Scott reaction-diffusion,gliders,A,settled,radial,50,1.5472979414456078e-06,0.9999938202228491
Gray-Scott reaction-diffusion,gliders,A,settled,radial,51,1.1813840554826096e-06,0.9999950016069046
Gray-Scott reaction-diffusion,gliders,A,settled,radial,52,9.128429316122465e-07,0.9999959144498362
Gray-Scott reaction-diffusion,gliders,A,settled,radial,53,7.918623822139738e-07,0.9999967063122184
Gray-Scott reaction-diffusion,gliders,A,settled,radial,54,6.034301874206787e-07,0.9999973097424057
Gray-Scott reaction-diffusion,gliders,A,settled,radial,55,5.575692313724488e-07,0.9999978673116371
Gray-Scott reaction-diffusion,gliders,A,settled,radial,56,4.068047722028921e-07,0.9999982741164093
Gray-Scott reaction-diffusion,gliders,A,settled,radial,57,3.433223127055004e-07,0.999998617438722
Gray-Scott reaction-diffusion,gliders,A,settled,radial,58,2.8132204775101593e-07,0.9999988987607699
Gray-Scott reaction-diffusion,gliders,A,settled,radial,59,2.342108577330401e-07,0.9999991329716276
Gray-Scott reaction-diffusion,gliders,A,settled,radial,60,1.9765840030154392e-07,0.9999993306300279
Gray-Scott reaction-diffusion,gliders,A,settled,radial,61,1.6544277445796979e-07,0.9999994960728024
Gray-Scott reaction-diffusion,gliders,A,settled,radial,62,1.3550201772655625e-07,0.9999996315748201
Gray-Scott reaction-diffusion,gliders,A,settled,radial,63,1.1910972187656054e-07,0.9999997506845419
Gray-Scott reaction-diffusion,gliders,A,settled,radial,64,8.399944211919489e-08,0.9999998346839841
Gray-Scott reaction-diffusion,gliders,A,settled,radial,65,5.250692684016606e-08,0.9999998871909109
Gray-Scott reaction-diffusion,gliders,A,settled,radial,66,3.387772116151094e-08,0.9999999210686321
Gray-Scott reaction-diffusion,gliders,A,settled,radial,67,2.580958511887946e-08,0.9999999468782172
Gray-Scott reaction-diffusion,gliders,A,settled,radial,68,1.926894145079477e-08,0.9999999661471588
Gray-Scott reaction-diffusion,gliders,A,settled,radial,69,1.2006664516222337e-08,0.9999999781538234
Gray-Scott reaction-diffusion,gliders,A,settled,radial,70,7.394450129233967e-09,0.9999999855482735
Gray-Scott reaction-diffusion,gliders,A,settled,radial,71,6.115611335493505e-09,0.9999999916638848
Gray-Scott reaction-diffusion,gliders,A,settled,radial,72,4.120731448753949e-09,0.9999999957846163
Gray-Scott reaction-diffusion,gliders,A,settled,radial,73,2.2376262172791755e-09,0.9999999980222425
Gray-Scott reaction-diffusion,gliders,A,settled,radial,74,1.3641491439833194e-09,0.9999999993863915
Gray-Scott reaction-diffusion,gliders,A,settled,radial,75,4.674424331738379e-10,0.999999999853834
Gray-Scott reaction-diffusion,gliders,A,settled,radial,76,1.461656781237804e-10,0.9999999999999997
Gray-Scott reaction-diffusion,gliders,A,settled,radial,77,5.459205174259021e-17,0.9999999999999997
Gray-Scott reaction-diffusion,gliders,A,settled,radial,78,3.965340374107921e-17,0.9999999999999997
Gray-Scott reaction-diffusion,gliders,A,settled,radial,79,4.276193766279027e-17,0.9999999999999997
Gray-Scott reaction-diffusion,gliders,A,settled,radial,80,3.507883644016987e-17,0.9999999999999997
Gray-Scott reaction-diffusion,gliders,A,settled,radial,81,2.6505763946242955e-17,0.9999999999999997
Gray-Scott reaction-diffusion,gliders,A,settled,radial,82,3.6440481096793906e-17,0.9999999999999997
Gray-Scott reaction-diffusion,gliders,A,settled,radial,83,1.807567972682498e-17,0.9999999999999997
Gray-Scott reaction-diffusion,gliders,A,settled,radial,84,2.6554462465052518e-17,0.9999999999999997
Gray-Scott reaction-diffusion,gliders,A,settled,radial,85,1.343797241616217e-17,0.9999999999999997
Gray-Scott reaction-diffusion,gliders,A,settled,radial,86,1.328147686379409e-17,0.9999999999999997
Gray-Scott reaction-diffusion,gliders,A,settled,radial,87,1.1581212015604438e-17,0.9999999999999997
Gray-Scott reaction-diffusion,gliders,A,settled,radial,88,5.0296614049397686e-18,0.9999999999999997
Gray-Scott reaction-diffusion,gliders,A,settled,radial,89,4.95708373656652e-18,0.9999999999999997
Gray-Scott reaction-diffusion,gliders,A,settled,radial,90,3.7794328642917853e-19,0.9999999999999997
Gray-Scott reaction-diffusion,gliders,A,settled,box,1,0.027842171819832284,0.027842171819832284
Gray-Scott reaction-diffusion,gliders,A,settled,box,2,0.04272598016626958,0.07056815198610188
Gray-Scott reaction-diffusion,gliders,A,settled,box,3,0.062178489388156524,0.1327466413742584
Gray-Scott reaction-diffusion,gliders,A,settled,box,4,0.08361300616808609,0.2163596475423445
Gray-Scott reaction-diffusion,gliders,A,settled,box,5,0.10024165683421918,0.31660130437656364
Gray-Scott reaction-diffusion,gliders,A,settled,box,6,0.11917804808209975,0.4357793524586634
Gray-Scott reaction-diffusion,gliders,A,settled,box,7,0.12780429977727542,0.5635836522359389
Gray-Scott reaction-diffusion,gliders,A,settled,box,8,0.12612496449745886,0.6897086167333977
Gray-Scott reaction-diffusion,gliders,A,settled,box,9,0.10420128853760768,0.7939099052710055
Gray-Scott reaction-diffusion,gliders,A,settled,box,10,0.0770634612046985,0.8709733664757039
Gray-Scott reaction-diffusion,gliders,A,settled,box,11,0.04726768732201295,0.9182410537977169
Gray-Scott reaction-diffusion,gliders,A,settled,box,12,0.02837122642077411,0.946612280218491
Gray-Scott reaction-diffusion,gliders,A,settled,box,13,0.01885143450849199,0.9654637147269829
Gray-Scott reaction-diffusion,gliders,A,settled,box,14,0.011372247870175375,0.9768359625971583
Gray-Scott reaction-diffusion,gliders,A,settled,box,15,0.007261530598031836,0.9840974931951901
Gray-Scott reaction-diffusion,gliders,A,settled,box,16,0.004582696334514423,0.9886801895297046
Gray-Scott reaction-diffusion,gliders,A,settled,box,17,0.0029701174139722024,0.9916503069436767
Gray-Scott reaction-diffusion,gliders,A,settled,box,18,0.0020924589061091367,0.9937427658497858
Gray-Scott reaction-diffusion,gliders,A,settled,box,19,0.001452415266168842,0.9951951811159547
Gray-Scott reaction-diffusion,gliders,A,settled,box,20,0.0010610541858805838,0.9962562353018354
Gray-Scott reaction-diffusion,gliders,A,settled,box,21,0.000790869616591281,0.9970471049184266
Gray-Scott reaction-diffusion,gliders,A,settled,box,22,0.0006222231677494657,0.9976693280861761
Gray-Scott reaction-diffusion,gliders,A,settled,box,23,0.00048802200557061397,0.9981573500917468
Gray-Scott reaction-diffusion,gliders,A,settled,box,24,0.00038122325465901683,0.9985385733464058
Gray-Scott reaction-diffusion,gliders,A,settled,box,25,0.00030748292450184886,0.9988460562709076
Gray-Scott reaction-diffusion,gliders,A,settled,box,26,0.000242783845804699,0.9990888401167124
Gray-Scott reaction-diffusion,gliders,A,settled,box,27,0.00019429268019415408,0.9992831327969065
Gray-Scott reaction-diffusion,gliders,A,settled,box,28,0.00015470674503685104,0.9994378395419433
Gray-Scott reaction-diffusion,gliders,A,settled,box,29,0.00012414882631599737,0.9995619883682594
Gray-Scott reaction-diffusion,gliders,A,settled,box,30,9.602357772916754e-05,0.9996580119459885
Gray-Scott reaction-diffusion,gliders,A,settled,box,31,7.579890739396911e-05,0.9997338108533825
Gray-Scott reaction-diffusion,gliders,A,settled,box,32,5.9361644256040995e-05,0.9997931724976387
Gray-Scott reaction-diffusion,gliders,A,settled,box,33,4.609641702535313e-05,0.9998392689146639
Gray-Scott reaction-diffusion,gliders,A,settled,box,34,3.531562362259088e-05,0.9998745845382865
Gray-Scott reaction-diffusion,gliders,A,settled,box,35,2.7562399453198578e-05,0.9999021469377397
Gray-Scott reaction-diffusion,gliders,A,settled,box,36,2.1226806095935197e-05,0.9999233737438357
Gray-Scott reaction-diffusion,gliders,A,settled,box,37,1.659364939149893e-05,0.9999399673932271
Gray-Scott reaction-diffusion,gliders,A,settled,box,38,1.2752499512718581e-05,0.9999527198927398
Gray-Scott reaction-diffusion,gliders,A,settled,box,39,9.99061477561928e-06,0.9999627105075154
Gray-Scott reaction-diffusion,gliders,A,settled,box,40,7.76894481726803e-06,0.9999704794523325
Gray-Scott reaction-diffusion,gliders,A,settled,box,41,6.0242283673592995e-06,0.9999765036806999
Gray-Scott reaction-diffusion,gliders,A,settled,box,42,4.800399343192148e-06,0.9999813040800432
Gray-Scott reaction-diffusion,gliders,A,settled,box,43,3.7185327873320578e-06,0.9999850226128304
Gray-Scott reaction-diffusion,gliders,A,settled,box,44,3.008523244252963e-06,0.9999880311360746
Gray-Scott reaction-diffusion,gliders,A,settled,box,45,2.3673168619370237e-06,0.9999903984529366
Gray-Scott reaction-diffusion,gliders,A,settled,box,46,1.9003991182275508e-06,0.9999922988520548
Gray-Scott reaction-diffusion,gliders,A,settled,box,47,1.5070943955201714e-06,0.9999938059464504
Gray-Scott reaction-diffusion,gliders,A,settled,box,48,1.2018304892103475e-06,0.9999950077769395
Gray-Scott reaction-diffusion,gliders,A,settled,box,49,9.680982858309716e-07,0.9999959758752253
Gray-Scott reaction-diffusion,gliders,A,settled,box,50,7.791423580569449e-07,0.9999967550175834
Gray-Scott reaction-diffusion,gliders,A,settled,box,51,6.246509872136247e-07,0.9999973796685707
Gray-Scott reaction-diffusion,gliders,A,settled,box,52,5.032922555896057e-07,0.9999978829608263
Gray-Scott reaction-diffusion,gliders,A,settled,box,53,4.049931966901589e-07,0.999998287954023
Gray-Scott reaction-diffusion,gliders,A,settled,box,54,3.301640076921643e-07,0.9999986181180306
Gray-Scott reaction-diffusion,gliders,A,settled,box,55,2.6747979560882066e-07,0.9999988855978262
Gray-Scott reaction-diffusion,gliders,A,settled,box,56,2.230198473058344e-07,0.9999991086176736
Gray-Scott reaction-diffusion,gliders,A,settled,box,57,1.8370430468191044e-07,0.9999992923219783
Gray-Scott reaction-diffusion,gliders,A,settled,box,58,1.5348762130850148e-07,0.9999994458095995
Gray-Scott reaction-diffusion,gliders,A,settled,box,59,1.3255626457641017e-07,0.9999995783658641
Gray-Scott reaction-diffusion,gliders,A,settled,box,60,1.132502169058423e-07,0.9999996916160809
Gray-Scott reaction-diffusion,gliders,A,settled,box,61,9.995956624612452e-08,0.9999997915756472
Gray-Scott reaction-diffusion,gliders,A,settled,box,62,8.992040350323296e-08,0.9999998814960507
Gray-Scott reaction-diffusion,gliders,A,settled,box,63,8.073385482998088e-08,0.9999999622299055
Gray-Scott reaction-diffusion,gliders,A,settled,box,64,3.777009431198396e-08,0.9999999999999999
Gray-Scott reaction-diffusion,gliders,B,full,radial,1,0.016870760112092993,0.016870760112092993
Gray-Scott reaction-diffusion,gliders,B,full,radial,2,0.021795855537968735,0.03866661565006173
Gray-Scott reaction-diffusion,gliders,B,full,radial,3,0.026503107309733875,0.0651697229597956
Gray-Scott reaction-diffusion,gliders,B,full,radial,4,0.03337867464772086,0.09854839760751646
Gray-Scott reaction-diffusion,gliders,B,full,radial,5,0.05914487772926442,0.15769327533678087
Gray-Scott reaction-diffusion,gliders,B,full,radial,6,0.0599120343321847,0.2176053096689656
Gray-Scott reaction-diffusion,gliders,B,full,radial,7,0.08518721832718268,0.3027925279961483
Gray-Scott reaction-diffusion,gliders,B,full,radial,8,0.10973644248554844,0.41252897048169673
Gray-Scott reaction-diffusion,gliders,B,full,radial,9,0.10968923126616233,0.522218201747859
Gray-Scott reaction-diffusion,gliders,B,full,radial,10,0.11580940669898358,0.6380276084468426
Gray-Scott reaction-diffusion,gliders,B,full,radial,11,0.07883824168115988,0.7168658501280025
Gray-Scott reaction-diffusion,gliders,B,full,radial,12,0.06642357909309066,0.7832894292210931
Gray-Scott reaction-diffusion,gliders,B,full,radial,13,0.05428538372768261,0.8375748129487757
Gray-Scott reaction-diffusion,gliders,B,full,radial,14,0.0358001378250073,0.8733749507737829
Gray-Scott reaction-diffusion,gliders,B,full,radial,15,0.02741167546379839,0.9007866262375813
Gray-Scott reaction-diffusion,gliders,B,full,radial,16,0.019124581981683614,0.9199112082192649
Gray-Scott reaction-diffusion,gliders,B,full,radial,17,0.01581173067142115,0.9357229388906861
Gray-Scott reaction-diffusion,gliders,B,full,radial,18,0.011707255749279959,0.947430194639966
Gray-Scott reaction-diffusion,gliders,B,full,radial,19,0.008607970953384992,0.956038165593351
Gray-Scott reaction-diffusion,gliders,B,full,radial,20,0.006817169291563074,0.962855334884914
Gray-Scott reaction-diffusion,gliders,B,full,radial,21,0.006091932704652481,0.9689472675895665
Gray-Scott reaction-diffusion,gliders,B,full,radial,22,0.004525632866694284,0.9734729004562609
Gray-Scott reaction-diffusion,gliders,B,full,radial,23,0.0038351158295865952,0.9773080162858476
Gray-Scott reaction-diffusion,gliders,B,full,radial,24,0.0034486435958500762,0.9807566598816976
Gray-Scott reaction-diffusion,gliders,B,full,radial,25,0.003121466255354129,0.9838781261370518
Gray-Scott reaction-diffusion,gliders,B,full,radial,26,0.002711006398041817,0.9865891325350936
Gray-Scott reaction-diffusion,gliders,B,full,radial,27,0.0021356555456966833,0.9887247880807903
Gray-Scott reaction-diffusion,gliders,B,full,radial,28,0.001811941579898486,0.9905367296606887
Gray-Scott reaction-diffusion,gliders,B,full,radial,29,0.0017259654931272832,0.9922626951538159
Gray-Scott reaction-diffusion,gliders,B,full,radial,30,0.0013654154171332674,0.9936281105709491
Gray-Scott reaction-diffusion,gliders,B,full,radial,31,0.001223587102532701,0.9948516976734819
Gray-Scott reaction-diffusion,gliders,B,full,radial,32,0.0009458022311134461,0.9957974999045953
Gray-Scott reaction-diffusion,gliders,B,full,radial,33,0.000781715038235392,0.9965792149428306
Gray-Scott reaction-diffusion,gliders,B,full,radial,34,0.0006790969317297302,0.9972583118745603
Gray-Scott reaction-diffusion,gliders,B,full,radial,35,0.0004906743189697946,0.9977489861935301
Gray-Scott reaction-diffusion,gliders,B,full,radial,36,0.00043113048874569154,0.9981801166822759
Gray-Scott reaction-diffusion,gliders,B,full,radial,37,0.0003344701233245984,0.9985145868056005
Gray-Scott reaction-diffusion,gliders,B,full,radial,38,0.0002935301726735907,0.9988081169782741
Gray-Scott reaction-diffusion,gliders,B,full,radial,39,0.00022075648373465686,0.9990288734620087
Gray-Scott reaction-diffusion,gliders,B,full,radial,40,0.00016779862082823478,0.999196672082837
Gray-Scott reaction-diffusion,gliders,B,full,radial,41,0.00015218927430658526,0.9993488613571436
Gray-Scott reaction-diffusion,gliders,B,full,radial,42,0.00011658838311864174,0.9994654497402621
Gray-Scott reaction-diffusion,gliders,B,full,radial,43,0.000100388110557818,0.99956583785082
Gray-Scott reaction-diffusion,gliders,B,full,radial,44,7.647643522377269e-05,0.9996423142860437
Gray-Scott reaction-diffusion,gliders,B,full,radial,45,6.016947823653789e-05,0.9997024837642803
Gray-Scott reaction-diffusion,gliders,B,full,radial,46,5.307742672379155e-05,0.9997555611910041
Gray-Scott reaction-diffusion,gliders,B,full,radial,47,4.24734135907527e-05,0.9997980346045948
Gray-Scott reaction-diffusion,gliders,B,full,radial,48,3.653243500733884e-05,0.999834567039602
Gray-Scott reaction-diffusion,gliders,B,full,radial,49,2.87454031073438e-05,0.9998633124427094
Gray-Scott reaction-diffusion,gliders,B,full,radial,50,2.5515227702328285e-05,0.9998888276704118
Gray-Scott reaction-diffusion,gliders,B,full,radial,51,1.978808335357191e-05,0.9999086157537653
Gray-Scott reaction-diffusion,gliders,B,full,radial,52,1.5609191622353228e-05,0.9999242249453876
Gray-Scott reaction-diffusion,gliders,B,full,radial,53,1.3884847062677799e-05,0.9999381097924503
Gray-Scott reaction-diffusion,gliders,B,full,radial,54,1.0729011654201928e-05,0.9999488388041046
Gray-Scott reaction-diffusion,gliders,B,full,radial,55,1.0120878526988978e-05,0.9999589596826314
Gray-Scott reaction-diffusion,gliders,B,full,radial,56,7.482899464431542e-06,0.9999664425820959
Gray-Scott reaction-diffusion,gliders,B,full,radial,57,6.459678655643687e-06,0.9999729022607515
Gray-Scott reaction-diffusion,gliders,B,full,radial,58,5.278721922940007e-06,0.9999781809826745
Gray-Scott reaction-diffusion,gliders,B,full,radial,59,4.459862033626005e-06,0.9999826408447082
Gray-Scott reaction-diffusion,gliders,B,full,radial,60,3.871523423141428e-06,0.9999865123681314
Gray-Scott reaction-diffusion,gliders,B,full,radial,61,3.263424060607809e-06,0.9999897757921921
Gray-Scott reaction-diffusion,gliders,B,full,radial,62,2.7018209740473985e-06,0.9999924776131661
Gray-Scott reaction-diffusion,gliders,B,full,radial,63,2.381108597823227e-06,0.999994858721764
Gray-Scott reaction-diffusion,gliders,B,full,radial,64,1.6828700275319109e-06,0.9999965415917914
Gray-Scott reaction-diffusion,gliders,B,full,radial,65,1.0623556697810372e-06,0.9999976039474612
Gray-Scott reaction-diffusion,gliders,B,full,radial,66,7.017252969773957e-07,0.9999983056727582
Gray-Scott reaction-diffusion,gliders,B,full,radial,67,5.347134940527097e-07,0.9999988403862522
Gray-Scott reaction-diffusion,gliders,B,full,radial,68,4.1161704154503917e-07,0.9999992520032938
Gray-Scott reaction-diffusion,gliders,B,full,radial,69,2.590536185579864e-07,0.9999995110569123
Gray-Scott reaction-diffusion,gliders,B,full,radial,70,1.6364206372411004e-07,0.9999996746989761
Gray-Scott reaction-diffusion,gliders,B,full,radial,71,1.3796504425367579e-07,0.9999998126640204
Gray-Scott reaction-diffusion,gliders,B,full,radial,72,9.10095403998647e-08,0.9999999036735608
Gray-Scott reaction-diffusion,gliders,B,full,radial,73,5.1640962980430466e-08,0.9999999553145238
Gray-Scott reaction-diffusion,gliders,B,full,radial,74,3.1216471993743674e-08,0.9999999865309958
Gray-Scott reaction-diffusion,gliders,B,full,radial,75,1.0280738479778717e-08,0.9999999968117342
Gray-Scott reaction-diffusion,gliders,B,full,radial,76,3.188265566733728e-09,0.9999999999999998
Gray-Scott reaction-diffusion,gliders,B,full,radial,77,7.33751896620354e-18,0.9999999999999998
Gray-Scott reaction-diffusion,gliders,B,full,radial,78,5.318296109007759e-18,0.9999999999999998
Gray-Scott reaction-diffusion,gliders,B,full,radial,79,5.807712513052198e-18,0.9999999999999998
Gray-Scott reaction-diffusion,gliders,B,full,radial,80,4.621508594228885e-18,0.9999999999999998
Gray-Scott reaction-diffusion,gliders,B,full,radial,81,3.524394455398841e-18,0.9999999999999998
Gray-Scott reaction-diffusion,gliders,B,full,radial,82,4.8684228040160906e-18,0.9999999999999998
Gray-Scott reaction-diffusion,gliders,B,full,radial,83,2.4553318793774693e-18,0.9999999999999998
Gray-Scott reaction-diffusion,gliders,B,full,radial,84,3.529384787630796e-18,0.9999999999999998
Gray-Scott reaction-diffusion,gliders,B,full,radial,85,1.7501329854552215e-18,0.9999999999999998
Gray-Scott reaction-diffusion,gliders,B,full,radial,86,1.7659144160906904e-18,0.9999999999999998
Gray-Scott reaction-diffusion,gliders,B,full,radial,87,1.5368657133281744e-18,0.9999999999999998
Gray-Scott reaction-diffusion,gliders,B,full,radial,88,6.812192842342505e-19,0.9999999999999998
Gray-Scott reaction-diffusion,gliders,B,full,radial,89,6.771353673313418e-19,0.9999999999999998
Gray-Scott reaction-diffusion,gliders,B,full,radial,90,5.07951946150417e-20,0.9999999999999998
Gray-Scott reaction-diffusion,gliders,B,full,box,1,0.016870760112092993,0.016870760112092993
Gray-Scott reaction-diffusion,gliders,B,full,box,2,0.021795855537968735,0.03866661565006173
Gray-Scott reaction-diffusion,gliders,B,full,box,3,0.03224075099572146,0.07090736664578319
Gray-Scott reaction-diffusion,gliders,B,full,box,4,0.04552699927048786,0.11643436591627104
Gray-Scott reaction-diffusion,gliders,B,full,box,5,0.061142681931488245,0.1775770478477593
Gray-Scott reaction-diffusion,gliders,B,full,box,6,0.08225138204631025,0.25982842989406957
Gray-Scott reaction-diffusion,gliders,B,full,box,7,0.10439073846042284,0.3642191683544924
Gray-Scott reaction-diffusion,gliders,B,full,box,8,0.11853506917959736,0.4827542375340898
Gray-Scott reaction-diffusion,gliders,B,full,box,9,0.11682538487581648,0.5995796224099063
Gray-Scott reaction-diffusion,gliders,B,full,box,10,0.10205081524550286,0.7016304376554091
Gray-Scott reaction-diffusion,gliders,B,full,box,11,0.07515582212919263,0.7767862597846017
Gray-Scott reaction-diffusion,gliders,B,full,box,12,0.053989480094741964,0.8307757398793436
Gray-Scott reaction-diffusion,gliders,B,full,box,13,0.041119985417051745,0.8718957252963954
Gray-Scott reaction-diffusion,gliders,B,full,box,14,0.029501203234660864,0.9013969285310561
Gray-Scott reaction-diffusion,gliders,B,full,box,15,0.021728749077184542,0.9231256776082407
Gray-Scott reaction-diffusion,gliders,B,full,box,16,0.015647376687044637,0.9387730542952852
Gray-Scott reaction-diffusion,gliders,B,full,box,17,0.011500744442431645,0.950273798737717
Gray-Scott reaction-diffusion,gliders,B,full,box,18,0.009009660500687371,0.9592834592384044
Gray-Scott reaction-diffusion,gliders,B,full,box,19,0.007030157485229382,0.9663136167236337
Gray-Scott reaction-diffusion,gliders,B,full,box,20,0.005699602673420533,0.9720132193970542
Gray-Scott reaction-diffusion,gliders,B,full,box,21,0.004625443293154628,0.9766386626902089
Gray-Scott reaction-diffusion,gliders,B,full,box,22,0.0038863747543982172,0.9805250374446071
Gray-Scott reaction-diffusion,gliders,B,full,box,23,0.0033030700674929634,0.9838281075121001
Gray-Scott reaction-diffusion,gliders,B,full,box,24,0.002730356140990396,0.9865584636530905
Gray-Scott reaction-diffusion,gliders,B,full,box,25,0.0023452599872288947,0.9889037236403195
Gray-Scott reaction-diffusion,gliders,B,full,box,26,0.001960796510124376,0.9908645201504439
Gray-Scott reaction-diffusion,gliders,B,full,box,27,0.001666540853479094,0.992531061003923
Gray-Scott reaction-diffusion,gliders,B,full,box,28,0.0013798609080194351,0.9939109219119424
Gray-Scott reaction-diffusion,gliders,B,full,box,29,0.0011602690594512946,0.9950711909713936
Gray-Scott reaction-diffusion,gliders,B,full,box,30,0.000951667997451597,0.9960228589688452
Gray-Scott reaction-diffusion,gliders,B,full,box,31,0.0007764287219539095,0.9967992876907991
Gray-Scott reaction-diffusion,gliders,B,full,box,32,0.0006373779181278195,0.9974366656089267
Gray-Scott reaction-diffusion,gliders,B,full,box,33,0.000506045902833129,0.9979427115117601
Gray-Scott reaction-diffusion,gliders,B,full,box,34,0.000405577602254009,0.9983482891140141
Gray-Scott reaction-diffusion,gliders,B,full,box,35,0.0003260199949090551,0.9986743091089232
Gray-Scott reaction-diffusion,gliders,B,full,box,36,0.0002590372001732867,0.9989333463090965
Gray-Scott reaction-diffusion,gliders,B,full,box,37,0.00020832612582351914,0.99914167243492
Gray-Scott reaction-diffusion,gliders,B,full,box,38,0.0001659610635062118,0.9993076334984262
Gray-Scott reaction-diffusion,gliders,B,full,box,39,0.00013276472642239677,0.9994403982248488
Gray-Scott reaction-diffusion,gliders,B,full,box,40,0.00010636746739476748,0.9995467656922435
Gray-Scott reaction-diffusion,gliders,B,full,box,41,8.482050339760526e-05,0.9996315861956411
Gray-Scott reaction-diffusion,gliders,B,full,box,42,6.878904458664122e-05,0.9997003752402277
Gray-Scott reaction-diffusion,gliders,B,full,box,43,5.5402907557426965e-05,0.999755778147785
Gray-Scott reaction-diffusion,gliders,B,full,box,44,4.4958856009162884e-05,0.9998007370037943
Gray-Scott reaction-diffusion,gliders,B,full,box,45,3.6490273764425894e-05,0.9998372272775586
Gray-Scott reaction-diffusion,gliders,B,full,box,46,2.9833510342881914e-05,0.9998670607879014
Gray-Scott reaction-diffusion,gliders,B,full,box,47,2.4128358984048966e-05,0.9998911891468855
Gray-Scott reaction-diffusion,gliders,B,full,box,48,1.973685845442867e-05,0.9999109260053398
Gray-Scott reaction-diffusion,gliders,B,full,box,49,1.6167995381049347e-05,0.9999270940007209
Gray-Scott reaction-diffusion,gliders,B,full,box,50,1.3222258988849352e-05,0.9999403162597097
Gray-Scott reaction-diffusion,gliders,B,full,box,51,1.0778840518776262e-05,0.9999510951002285
Gray-Scott reaction-diffusion,gliders,B,full,box,52,8.874810295652033e-06,0.9999599699105242
Gray-Scott reaction-diffusion,gliders,B,full,box,53,7.3480835515714145e-06,0.9999673179940757
Gray-Scott reaction-diffusion,gliders,B,full,box,54,6.05775998406991e-06,0.9999733757540598
Gray-Scott reaction-diffusion,gliders,B,full,box,55,4.970387021387915e-06,0.9999783461410813
Gray-Scott reaction-diffusion,gliders,B,full,box,56,4.2208533337888745e-06,0.999982566994415
Gray-Scott reaction-diffusion,gliders,B,full,box,57,3.5063253905404966e-06,0.9999860733198056
Gray-Scott reaction-diffusion,gliders,B,full,box,58,2.9585591249591775e-06,0.9999890318789306
Gray-Scott reaction-diffusion,gliders,B,full,box,59,2.5660534176483984e-06,0.9999915979323483
Gray-Scott reaction-diffusion,gliders,B,full,box,60,2.2282159867458264e-06,0.9999938261483351
Gray-Scott reaction-diffusion,gliders,B,full,box,61,1.9784134564509448e-06,0.9999958045617915
Gray-Scott reaction-diffusion,gliders,B,full,box,62,1.7977634167922011e-06,0.9999976023252082
Gray-Scott reaction-diffusion,gliders,B,full,box,63,1.6318138989565065e-06,0.9999992341391071
Gray-Scott reaction-diffusion,gliders,B,full,box,64,7.658608927563013e-07,0.9999999999999998
Gray-Scott reaction-diffusion,gliders,B,train,radial,1,0.054174411922280556,0.054174411922280556
Gray-Scott reaction-diffusion,gliders,B,train,radial,2,0.08452988369954269,0.13870429562182326
Gray-Scott reaction-diffusion,gliders,B,train,radial,3,0.10566419385781899,0.24436848947964224
Gray-Scott reaction-diffusion,gliders,B,train,radial,4,0.09413833287043076,0.338506822350073
Gray-Scott reaction-diffusion,gliders,B,train,radial,5,0.11086489280844385,0.4493717151585168
Gray-Scott reaction-diffusion,gliders,B,train,radial,6,0.07301930238340587,0.5223910175419226
Gray-Scott reaction-diffusion,gliders,B,train,radial,7,0.0844513702948856,0.6068423878368082
Gray-Scott reaction-diffusion,gliders,B,train,radial,8,0.06970701583134163,0.6765494036681499
Gray-Scott reaction-diffusion,gliders,B,train,radial,9,0.05183410398264236,0.7283835076507922
Gray-Scott reaction-diffusion,gliders,B,train,radial,10,0.05287432700786953,0.7812578346586617
Gray-Scott reaction-diffusion,gliders,B,train,radial,11,0.03511473983307699,0.8163725744917388
Gray-Scott reaction-diffusion,gliders,B,train,radial,12,0.03526811311854994,0.8516406876102887
Gray-Scott reaction-diffusion,gliders,B,train,radial,13,0.0284806699246251,0.8801213575349138
Gray-Scott reaction-diffusion,gliders,B,train,radial,14,0.019052410867430685,0.8991737684023445
Gray-Scott reaction-diffusion,gliders,B,train,radial,15,0.016946417842264503,0.916120186244609
Gray-Scott reaction-diffusion,gliders,B,train,radial,16,0.012769734693412086,0.928889920938021
Gray-Scott reaction-diffusion,gliders,B,train,radial,17,0.011220919006434927,0.940110839944456
Gray-Scott reaction-diffusion,gliders,B,train,radial,18,0.009882688546444649,0.9499935284909006
Gray-Scott reaction-diffusion,gliders,B,train,radial,19,0.008025862582764757,0.9580193910736653
Gray-Scott reaction-diffusion,gliders,B,train,radial,20,0.006563457468609648,0.964582848542275
Gray-Scott reaction-diffusion,gliders,B,train,radial,21,0.006094217904826004,0.970677066447101
Gray-Scott reaction-diffusion,gliders,B,train,radial,22,0.004722938653566729,0.9754000051006677
Gray-Scott reaction-diffusion,gliders,B,train,radial,23,0.0036441188689654686,0.9790441239696331
Gray-Scott reaction-diffusion,gliders,B,train,radial,24,0.003188427973474313,0.9822325519431074
Gray-Scott reaction-diffusion,gliders,B,train,radial,25,0.003067815663531909,0.9853003676066393
Gray-Scott reaction-diffusion,gliders,B,train,radial,26,0.0024331231088552366,0.9877334907154945
Gray-Scott reaction-diffusion,gliders,B,train,radial,27,0.0018879636535740567,0.9896214543690686
Gray-Scott reaction-diffusion,gliders,B,train,radial,28,0.001599612625148951,0.9912210669942176
Gray-Scott reaction-diffusion,gliders,B,train,radial,29,0.0014943726349746064,0.9927154396291922
Gray-Scott reaction-diffusion,gliders,B,train,radial,30,0.0011162053844769606,0.9938316450136692
Gray-Scott reaction-diffusion,gliders,B,train,radial,31,0.0009781032076130913,0.9948097482212823
Gray-Scott reaction-diffusion,gliders,B,train,radial,32,0.0008328521787025513,0.9956426003999848
Gray-Scott reaction-diffusion,gliders,B,train,radial,33,0.0006456620515660616,0.9962882624515509
Gray-Scott reaction-diffusion,gliders,B,train,radial,34,0.0005960847888517142,0.9968843472404026
Gray-Scott reaction-diffusion,gliders,B,train,radial,35,0.000466238887303701,0.9973505861277063
Gray-Scott reaction-diffusion,gliders,B,train,radial,36,0.0004058587377030582,0.9977564448654094
Gray-Scott reaction-diffusion,gliders,B,train,radial,37,0.00032426060304197057,0.9980807054684513
Gray-Scott reaction-diffusion,gliders,B,train,radial,38,0.00031398269717017096,0.9983946881656215
Gray-Scott reaction-diffusion,gliders,B,train,radial,39,0.000246658900497629,0.9986413470661192
Gray-Scott reaction-diffusion,gliders,B,train,radial,40,0.00018842912984182994,0.998829776195961
Gray-Scott reaction-diffusion,gliders,B,train,radial,41,0.00018792403158171672,0.9990177002275428
Gray-Scott reaction-diffusion,gliders,B,train,radial,42,0.00014559773830311498,0.9991632979658459
Gray-Scott reaction-diffusion,gliders,B,train,radial,43,0.00013189817807586412,0.9992951961439218
Gray-Scott reaction-diffusion,gliders,B,train,radial,44,9.906659903999632e-05,0.9993942627429617
Gray-Scott reaction-diffusion,gliders,B,train,radial,45,8.579787005655217e-05,0.9994800606130183
Gray-Scott reaction-diffusion,gliders,B,train,radial,46,8.126918164579874e-05,0.9995613297946642
Gray-Scott reaction-diffusion,gliders,B,train,radial,47,6.83854832259248e-05,0.9996297152778901
Gray-Scott reaction-diffusion,gliders,B,train,radial,48,5.600089263240205e-05,0.9996857161705225
Gray-Scott reaction-diffusion,gliders,B,train,radial,49,4.761953865576803e-05,0.9997333357091782
Gray-Scott reaction-diffusion,gliders,B,train,radial,50,4.305857804089899e-05,0.9997763942872191
Gray-Scott reaction-diffusion,gliders,B,train,radial,51,3.3165634089920536e-05,0.9998095599213089
Gray-Scott reaction-diffusion,gliders,B,train,radial,52,2.70918973465746e-05,0.9998366518186556
Gray-Scott reaction-diffusion,gliders,B,train,radial,53,2.4747721014375946e-05,0.9998613995396699
Gray-Scott reaction-diffusion,gliders,B,train,radial,54,2.0517424442465888e-05,0.9998819169641123
Gray-Scott reaction-diffusion,gliders,B,train,radial,55,2.0085926086181796e-05,0.9999020028901985
Gray-Scott reaction-diffusion,gliders,B,train,radial,56,1.517136354703395e-05,0.9999171742537455
Gray-Scott reaction-diffusion,gliders,B,train,radial,57,1.4348312857693808e-05,0.9999315225666031
Gray-Scott reaction-diffusion,gliders,B,train,radial,58,1.0690231807605447e-05,0.9999422127984108
Gray-Scott reaction-diffusion,gliders,B,train,radial,59,1.00503059430771e-05,0.9999522631043538
Gray-Scott reaction-diffusion,gliders,B,train,radial,60,9.979190590416571e-06,0.9999622422949442
Gray-Scott reaction-diffusion,gliders,B,train,radial,61,8.583655653167205e-06,0.9999708259505974
Gray-Scott reaction-diffusion,gliders,B,train,radial,62,7.26056162970095e-06,0.9999780865122271
Gray-Scott reaction-diffusion,gliders,B,train,radial,63,6.480251718123008e-06,0.9999845667639452
Gray-Scott reaction-diffusion,gliders,B,train,radial,64,4.634023943743165e-06,0.999989200787889
Gray-Scott reaction-diffusion,gliders,B,train,radial,65,2.9063011424415034e-06,0.9999921070890314
Gray-Scott reaction-diffusion,gliders,B,train,radial,66,2.0847320408922568e-06,0.9999941918210723
Gray-Scott reaction-diffusion,gliders,B,train,radial,67,1.64135789713623e-06,0.9999958331789695
Gray-Scott reaction-diffusion,gliders,B,train,radial,68,1.3983457974478613e-06,0.9999972315247669
Gray-Scott reaction-diffusion,gliders,B,train,radial,69,8.873501798626738e-07,0.9999981188749468
Gray-Scott reaction-diffusion,gliders,B,train,radial,70,6.135493690605948e-07,0.9999987324243158
Gray-Scott reaction-diffusion,gliders,B,train,radial,71,5.467983347466563e-07,0.9999992792226506
Gray-Scott reaction-diffusion,gliders,B,train,radial,72,3.3116369433145973e-07,0.999999610386345
Gray-Scott reaction-diffusion,gliders,B,train,radial,73,2.2061351139908023e-07,0.9999998309998565
Gray-Scott reaction-diffusion,gliders,B,train,radial,74,1.2596514902925746e-07,0.9999999569650053
Gray-Scott reaction-diffusion,gliders,B,train,radial,75,3.482852726345325e-08,0.9999999917935327
Gray-Scott reaction-diffusion,gliders,B,train,radial,76,8.206467214166184e-09,0.9999999999999999
Gray-Scott reaction-diffusion,gliders,B,train,radial,77,6.93911491704773e-18,0.9999999999999999
Gray-Scott reaction-diffusion,gliders,B,train,radial,78,5.097661638836726e-18,0.9999999999999999
Gray-Scott reaction-diffusion,gliders,B,train,radial,79,5.729998883611923e-18,0.9999999999999999
Gray-Scott reaction-diffusion,gliders,B,train,radial,80,4.020903057423174e-18,0.9999999999999999
Gray-Scott reaction-diffusion,gliders,B,train,radial,81,3.149180678799872e-18,0.9999999999999999
Gray-Scott reaction-diffusion,gliders,B,train,radial,82,4.39315181443054e-18,0.9999999999999999
Gray-Scott reaction-diffusion,gliders,B,train,radial,83,2.165566202411324e-18,0.9999999999999999
Gray-Scott reaction-diffusion,gliders,B,train,radial,84,3.2288100009109678e-18,0.9999999999999999
Gray-Scott reaction-diffusion,gliders,B,train,radial,85,1.5411884376004909e-18,0.9999999999999999
Gray-Scott reaction-diffusion,gliders,B,train,radial,86,1.722923119441041e-18,0.9999999999999999
Gray-Scott reaction-diffusion,gliders,B,train,radial,87,1.3400526608157262e-18,0.9999999999999999
Gray-Scott reaction-diffusion,gliders,B,train,radial,88,7.237354950327922e-19,0.9999999999999999
Gray-Scott reaction-diffusion,gliders,B,train,radial,89,7.963206154404919e-19,0.9999999999999999
Gray-Scott reaction-diffusion,gliders,B,train,radial,90,3.550634942713075e-20,0.9999999999999999
Gray-Scott reaction-diffusion,gliders,B,train,box,1,0.054174411922280556,0.054174411922280556
Gray-Scott reaction-diffusion,gliders,B,train,box,2,0.08452988369954269,0.13870429562182326
Gray-Scott reaction-diffusion,gliders,B,train,box,3,0.12482941737697431,0.2635337129987976
Gray-Scott reaction-diffusion,gliders,B,train,box,4,0.10959089077180163,0.3731246037705992
Gray-Scott reaction-diffusion,gliders,B,train,box,5,0.10334397739945009,0.4764685811700493
Gray-Scott reaction-diffusion,gliders,B,train,box,6,0.08513143287619176,0.561600014046241
Gray-Scott reaction-diffusion,gliders,B,train,box,7,0.08321233945235415,0.6448123534985952
Gray-Scott reaction-diffusion,gliders,B,train,box,8,0.06709764030611726,0.7119099938047125
Gray-Scott reaction-diffusion,gliders,B,train,box,9,0.05233342795411636,0.764243421758829
Gray-Scott reaction-diffusion,gliders,B,train,box,10,0.0457868829750127,0.8100303047338417
Gray-Scott reaction-diffusion,gliders,B,train,box,11,0.03606742625979015,0.8460977309936318
Gray-Scott reaction-diffusion,gliders,B,train,box,12,0.031074319345698657,0.8771720503393305
Gray-Scott reaction-diffusion,gliders,B,train,box,13,0.023186825305299304,0.9003588756446298
Gray-Scott reaction-diffusion,gliders,B,train,box,14,0.01798441316007303,0.918343288804703
Gray-Scott reaction-diffusion,gliders,B,train,box,15,0.014157828266252788,0.9325011170709557
Gray-Scott reaction-diffusion,gliders,B,train,box,16,0.011675836999477347,0.9441769540704331
Gray-Scott reaction-diffusion,gliders,B,train,box,17,0.009307770734044925,0.953484724804478
Gray-Scott reaction-diffusion,gliders,B,train,box,18,0.007899054541833688,0.9613837793463117
Gray-Scott reaction-diffusion,gliders,B,train,box,19,0.006524399759011249,0.967908179105323
Gray-Scott reaction-diffusion,gliders,B,train,box,20,0.005846072005507651,0.9737542511108306
Gray-Scott reaction-diffusion,gliders,B,train,box,21,0.004364981025856261,0.978119232136687
Gray-Scott reaction-diffusion,gliders,B,train,box,22,0.003830579297706603,0.9819498114343934
Gray-Scott reaction-diffusion,gliders,B,train,box,23,0.0031900439393000527,0.9851398553736935
Gray-Scott reaction-diffusion,gliders,B,train,box,24,0.0024132727058988938,0.9875531280795924
Gray-Scott reaction-diffusion,gliders,B,train,box,25,0.0021802702060618098,0.9897333982856542
Gray-Scott reaction-diffusion,gliders,B,train,box,26,0.0017901251594598766,0.9915235234451141
Gray-Scott reaction-diffusion,gliders,B,train,box,27,0.0014146519199564145,0.9929381753650705
Gray-Scott reaction-diffusion,gliders,B,train,box,28,0.0012014029472972613,0.9941395783123678
Gray-Scott reaction-diffusion,gliders,B,train,box,29,0.000976923692137952,0.9951165020045057
Gray-Scott reaction-diffusion,gliders,B,train,box,30,0.0007987208060286132,0.9959152228105344
Gray-Scott reaction-diffusion,gliders,B,train,box,31,0.0006483082394360455,0.9965635310499704
Gray-Scott reaction-diffusion,gliders,B,train,box,32,0.0006065393859700702,0.9971700704359405
Gray-Scott reaction-diffusion,gliders,B,train,box,33,0.0004533180388038825,0.9976233884747443
Gray-Scott reaction-diffusion,gliders,B,train,box,34,0.0003628554132481945,0.9979862438879925
Gray-Scott reaction-diffusion,gliders,B,train,box,35,0.00034517556037207977,0.9983314194483647
Gray-Scott reaction-diffusion,gliders,B,train,box,36,0.00026754548158332227,0.9985989649299479
Gray-Scott reaction-diffusion,gliders,B,train,box,37,0.0002254110643717411,0.9988243759943197
Gray-Scott reaction-diffusion,gliders,B,train,box,38,0.00019432357088335309,0.9990186995652031
Gray-Scott reaction-diffusion,gliders,B,train,box,39,0.0001520933921852224,0.9991707929573882
Gray-Scott reaction-diffusion,gliders,B,train,box,40,0.00013008012592005387,0.9993008730833083
Gray-Scott reaction-diffusion,gliders,B,train,box,41,0.00010830858806720236,0.9994091816713755
Gray-Scott reaction-diffusion,gliders,B,train,box,42,9.182047455604423e-05,0.9995010021459316
Gray-Scott reaction-diffusion,gliders,B,train,box,43,8.264915300683575e-05,0.9995836512989383
Gray-Scott reaction-diffusion,gliders,B,train,box,44,6.187398407317066e-05,0.9996455252830114
Gray-Scott reaction-diffusion,gliders,B,train,box,45,5.763923208379357e-05,0.9997031645150952
Gray-Scott reaction-diffusion,gliders,B,train,box,46,4.764483227864464e-05,0.9997508093473739
Gray-Scott reaction-diffusion,gliders,B,train,box,47,3.797562472763485e-05,0.9997887849721016
Gray-Scott reaction-diffusion,gliders,B,train,box,48,3.3631733024898156e-05,0.9998224167051264
Gray-Scott reaction-diffusion,gliders,B,train,box,49,2.8330035908572344e-05,0.9998507467410349
Gray-Scott reaction-diffusion,gliders,B,train,box,50,2.2543204687206204e-05,0.9998732899457221
Gray-Scott reaction-diffusion,gliders,B,train,box,51,1.902467936776735e-05,0.9998923146250899
Gray-Scott reaction-diffusion,gliders,B,train,box,52,1.647343624429692e-05,0.9999087880613342
Gray-Scott reaction-diffusion,gliders,B,train,box,53,1.4595911646715216e-05,0.9999233839729809
Gray-Scott reaction-diffusion,gliders,B,train,box,54,1.2706728183213983e-05,0.9999360907011641
Gray-Scott reaction-diffusion,gliders,B,train,box,55,1.0468742183621935e-05,0.9999465594433478
Gray-Scott reaction-diffusion,gliders,B,train,box,56,9.650402682807769e-06,0.9999562098460306
Gray-Scott reaction-diffusion,gliders,B,train,box,57,7.960234863312179e-06,0.9999641700808939
Gray-Scott reaction-diffusion,gliders,B,train,box,58,6.754192701417625e-06,0.9999709242735952
Gray-Scott reaction-diffusion,gliders,B,train,box,59,6.377843819521584e-06,0.9999773021174148
Gray-Scott reaction-diffusion,gliders,B,train,box,60,5.866235496170617e-06,0.9999831683529109
Gray-Scott reaction-diffusion,gliders,B,train,box,61,5.200809928289891e-06,0.9999883691628392
Gray-Scott reaction-diffusion,gliders,B,train,box,62,4.925111926060294e-06,0.9999932942747652
Gray-Scott reaction-diffusion,gliders,B,train,box,63,4.575651870703524e-06,0.999997869926636
Gray-Scott reaction-diffusion,gliders,B,train,box,64,2.130073364209506e-06,1.0000000000000002
Gray-Scott reaction-diffusion,gliders,B,settled,radial,1,0.010081245954457986,0.010081245954457986
Gray-Scott reaction-diffusion,gliders,B,settled,radial,2,0.016447812856865113,0.0265290588113231
Gray-Scott reaction-diffusion,gliders,B,settled,radial,3,0.020934392716712526,0.047463451528035626
Gray-Scott reaction-diffusion,gliders,B,settled,radial,4,0.030209756915218974,0.0776732084432546
Gray-Scott reaction-diffusion,gliders,B,settled,radial,5,0.053193183471494,0.13086639191474858
Gray-Scott reaction-diffusion,gliders,B,settled,radial,6,0.058446224353823024,0.18931261626857163
Gray-Scott reaction-diffusion,gliders,B,settled,radial,7,0.08581110659145387,0.27512372286002545
Gray-Scott reaction-diffusion,gliders,B,settled,radial,8,0.11392474706195822,0.38904846992198366
Gray-Scott reaction-diffusion,gliders,B,settled,radial,9,0.11458175683975029,0.503630226761734
Gray-Scott reaction-diffusion,gliders,B,settled,radial,10,0.12329928770078609,0.6269295144625201
Gray-Scott reaction-diffusion,gliders,B,settled,radial,11,0.08198027307662603,0.7089097875391461
Gray-Scott reaction-diffusion,gliders,B,settled,radial,12,0.06844144258751825,0.7773512301266643
Gray-Scott reaction-diffusion,gliders,B,settled,radial,13,0.05716708556685841,0.8345183156935227
Gray-Scott reaction-diffusion,gliders,B,settled,radial,14,0.03717860532881506,0.8716969210223378
Gray-Scott reaction-diffusion,gliders,B,settled,radial,15,0.027941754043129666,0.8996386750654674
Gray-Scott reaction-diffusion,gliders,B,settled,radial,16,0.01943697935498773,0.9190756544204551
Gray-Scott reaction-diffusion,gliders,B,settled,radial,17,0.015900739259291825,0.9349763936797469
Gray-Scott reaction-diffusion,gliders,B,settled,radial,18,0.01187315674374155,0.9468495504234885
Gray-Scott reaction-diffusion,gliders,B,settled,radial,19,0.008683643657444458,0.9555331940809328
Gray-Scott reaction-diffusion,gliders,B,settled,radial,20,0.00682999805776038,0.9623631921386933
Gray-Scott reaction-diffusion,gliders,B,settled,radial,21,0.006126044617395029,0.9684892367560883
Gray-Scott reaction-diffusion,gliders,B,settled,radial,22,0.004569121095429649,0.9730583578515178
Gray-Scott reaction-diffusion,gliders,B,settled,radial,23,0.0038968882611772524,0.9769552461126951
Gray-Scott reaction-diffusion,gliders,B,settled,radial,24,0.003498207801434699,0.9804534539141299
Gray-Scott reaction-diffusion,gliders,B,settled,radial,25,0.00317926971960557,0.9836327236337354
Gray-Scott reaction-diffusion,gliders,B,settled,radial,26,0.0027577933478931003,0.9863905169816286
Gray-Scott reaction-diffusion,gliders,B,settled,radial,27,0.0021538036256819855,0.9885443206073107
Gray-Scott reaction-diffusion,gliders,B,settled,radial,28,0.0018494863715146214,0.9903938069788253
Gray-Scott reaction-diffusion,gliders,B,settled,radial,29,0.001763971071924691,0.99215777805075
Gray-Scott reaction-diffusion,gliders,B,settled,radial,30,0.0014096428213174373,0.9935674208720675
Gray-Scott reaction-diffusion,gliders,B,settled,radial,31,0.0012424451638115659,0.9948098660358791
Gray-Scott reaction-diffusion,gliders,B,settled,radial,32,0.0009536542364979505,0.9957635202723769
Gray-Scott reaction-diffusion,gliders,B,settled,radial,33,0.0007983998437748587,0.9965619201161517
Gray-Scott reaction-diffusion,gliders,B,settled,radial,34,0.0006856941174313301,0.997247614233583
Gray-Scott reaction-diffusion,gliders,B,settled,radial,35,0.000495476404678129,0.9977430906382612
Gray-Scott reaction-diffusion,gliders,B,settled,radial,36,0.0004352318020835614,0.9981783224403447
Gray-Scott reaction-diffusion,gliders,B,settled,radial,37,0.0003397244791550232,0.9985180469194997
Gray-Scott reaction-diffusion,gliders,B,settled,radial,38,0.0002970913012023537,0.9988151382207021
Gray-Scott reaction-diffusion,gliders,B,settled,radial,39,0.0002209291009945664,0.9990360673216966
Gray-Scott reaction-diffusion,gliders,B,settled,radial,40,0.00016906415553647041,0.999205131477233
Gray-Scott reaction-diffusion,gliders,B,settled,radial,41,0.00015245623234946877,0.9993575877095825
Gray-Scott reaction-diffusion,gliders,B,settled,radial,42,0.00011744974860584263,0.9994750374581884
Gray-Scott reaction-diffusion,gliders,B,settled,radial,43,9.937636399609735e-05,0.9995744138221845
Gray-Scott reaction-diffusion,gliders,B,settled,radial,44,7.677357694482107e-05,0.9996511873991294
Gray-Scott reaction-diffusion,gliders,B,settled,radial,45,5.98151042977513e-05,0.9997110025034271
Gray-Scott reaction-diffusion,gliders,B,settled,radial,46,5.260189392914079e-05,0.9997636043973562
Gray-Scott reaction-diffusion,gliders,B,settled,radial,47,4.171485690869865e-05,0.9998053192542649
Gray-Scott reaction-diffusion,gliders,B,settled,radial,48,3.6044339591399844e-05,0.9998413635938562
Gray-Scott reaction-diffusion,gliders,B,settled,radial,49,2.8069381469729088e-05,0.9998694329753259
Gray-Scott reaction-diffusion,gliders,B,settled,radial,50,2.4864374211356446e-05,0.9998942973495374
Gray-Scott reaction-diffusion,gliders,B,settled,radial,51,1.9276150090302562e-05,0.9999135734996277
Gray-Scott reaction-diffusion,gliders,B,settled,radial,52,1.5099362550109447e-05,0.9999286728621778
Gray-Scott reaction-diffusion,gliders,B,settled,radial,53,1.3271865473895019e-05,0.9999419447276516
Gray-Scott reaction-diffusion,gliders,B,settled,radial,54,1.0239328291870712e-05,0.9999521840559434
Gray-Scott reaction-diffusion,gliders,B,settled,radial,55,9.575621615124426e-06,0.9999617596775587
Gray-Scott reaction-diffusion,gliders,B,settled,radial,56,7.063452495410855e-06,0.9999688231300541
Gray-Scott reaction-diffusion,gliders,B,settled,radial,57,6.024997558553386e-06,0.9999748481276126
Gray-Scott reaction-diffusion,gliders,B,settled,radial,58,4.985792372008616e-06,0.9999798339199846
Gray-Scott reaction-diffusion,gliders,B,settled,radial,59,4.188270073934835e-06,0.9999840221900584
Gray-Scott reaction-diffusion,gliders,B,settled,radial,60,3.5665501366485573e-06,0.9999875887401951
Gray-Scott reaction-diffusion,gliders,B,settled,radial,61,3.0092904426293277e-06,0.9999905980306377
Gray-Scott reaction-diffusion,gliders,B,settled,radial,62,2.485087589253061e-06,0.9999930831182269
Gray-Scott reaction-diffusion,gliders,B,settled,radial,63,2.2016018913039413e-06,0.9999952847201182
Gray-Scott reaction-diffusion,gliders,B,settled,radial,64,1.5652515467247623e-06,0.9999968499716649
Gray-Scott reaction-diffusion,gliders,B,settled,radial,65,9.864797635164692e-07,0.9999978364514285
Gray-Scott reaction-diffusion,gliders,B,settled,radial,66,6.408136897075569e-07,0.9999984772651181
Gray-Scott reaction-diffusion,gliders,B,settled,radial,67,4.920568951929633e-07,0.9999989693220134
Gray-Scott reaction-diffusion,gliders,B,settled,radial,68,3.7003333848697123e-07,0.9999993393553519
Gray-Scott reaction-diffusion,gliders,B,settled,radial,69,2.3206850770673835e-07,0.9999995714238595
Gray-Scott reaction-diffusion,gliders,B,settled,radial,70,1.439501667992616e-07,0.9999997153740263
Gray-Scott reaction-diffusion,gliders,B,settled,radial,71,1.1967710298724334e-07,0.9999998350511293
Gray-Scott reaction-diffusion,gliders,B,settled,radial,72,8.101894565563786e-08,0.9999999160700749
Gray-Scott reaction-diffusion,gliders,B,settled,radial,73,4.4366811454116596e-08,0.9999999604368863
Gray-Scott reaction-diffusion,gliders,B,settled,radial,74,2.7258914058497795e-08,0.9999999876958005
Gray-Scott reaction-diffusion,gliders,B,settled,radial,75,9.360851010638354e-09,0.9999999970566514
Gray-Scott reaction-diffusion,gliders,B,settled,radial,76,2.9433481207748954e-09,0.9999999999999997
Gray-Scott reaction-diffusion,gliders,B,settled,radial,77,7.485811666934064e-18,0.9999999999999997
Gray-Scott reaction-diffusion,gliders,B,settled,radial,78,5.388605302022129e-18,0.9999999999999997
Gray-Scott reaction-diffusion,gliders,B,settled,radial,79,5.842136275987515e-18,0.9999999999999997
Gray-Scott reaction-diffusion,gliders,B,settled,radial,80,4.719550495173205e-18,0.9999999999999997
Gray-Scott reaction-diffusion,gliders,B,settled,radial,81,3.537086274848239e-18,0.9999999999999997
Gray-Scott reaction-diffusion,gliders,B,settled,radial,82,4.956720308001537e-18,0.9999999999999997
Gray-Scott reaction-diffusion,gliders,B,settled,radial,83,2.4836310902543176e-18,0.9999999999999997
Gray-Scott reaction-diffusion,gliders,B,settled,radial,84,3.5792718830157654e-18,0.9999999999999997
Gray-Scott reaction-diffusion,gliders,B,settled,radial,85,1.774951688404052e-18,0.9999999999999997
Gray-Scott reaction-diffusion,gliders,B,settled,radial,86,1.7778576657572753e-18,0.9999999999999997
Gray-Scott reaction-diffusion,gliders,B,settled,radial,87,1.5477462542314534e-18,0.9999999999999997
Gray-Scott reaction-diffusion,gliders,B,settled,radial,88,6.72217863858682e-19,0.9999999999999997
Gray-Scott reaction-diffusion,gliders,B,settled,radial,89,6.870355691121093e-19,0.9999999999999997
Gray-Scott reaction-diffusion,gliders,B,settled,radial,90,5.526991222898437e-20,0.9999999999999997
Gray-Scott reaction-diffusion,gliders,B,settled,box,1,0.010081245954457984,0.010081245954457984
Gray-Scott reaction-diffusion,gliders,B,settled,box,2,0.016447812856865113,0.026529058811323097
Gray-Scott reaction-diffusion,gliders,B,settled,box,3,0.02635757967635434,0.05288663848767745
Gray-Scott reaction-diffusion,gliders,B,settled,box,4,0.04026020728693538,0.09314684577461282
Gray-Scott reaction-diffusion,gliders,B,settled,box,5,0.05702650704723531,0.15017335282184813
Gray-Scott reaction-diffusion,gliders,B,settled,box,6,0.08190890607639724,0.23208225889824538
Gray-Scott reaction-diffusion,gliders,B,settled,box,7,0.10631453853394433,0.3383967974321897
Gray-Scott reaction-diffusion,gliders,B,settled,box,8,0.12469421535558212,0.46309101278777187
Gray-Scott reaction-diffusion,gliders,B,settled,box,9,0.12264570941857153,0.5857367222063434
Gray-Scott reaction-diffusion,gliders,B,settled,box,10,0.10681917481713533,0.6925558970234786
Gray-Scott reaction-diffusion,gliders,B,settled,box,11,0.07832170698409249,0.7708776040075712
Gray-Scott reaction-diffusion,gliders,B,settled,box,12,0.056013474037520376,0.8268910780450915
Gray-Scott reaction-diffusion,gliders,B,settled,box,13,0.04309046922296611,0.8699815472680577
Gray-Scott reaction-diffusion,gliders,B,settled,box,14,0.03010907911947096,0.9000906263875286
Gray-Scott reaction-diffusion,gliders,B,settled,box,15,0.022064263112431953,0.9221548894999606
Gray-Scott reaction-diffusion,gliders,B,settled,box,16,0.0158821618884338,0.9380370513883944
Gray-Scott reaction-diffusion,gliders,B,settled,box,17,0.01162838517970387,0.9496654365680984
Gray-Scott reaction-diffusion,gliders,B,settled,box,18,0.009174406803705055,0.9588398433718034
Gray-Scott reaction-diffusion,gliders,B,settled,box,19,0.0070756969744011034,0.9659155403462045
Gray-Scott reaction-diffusion,gliders,B,settled,box,20,0.005702258761591875,0.9716177991077963
Gray-Scott reaction-diffusion,gliders,B,settled,box,21,0.004637261042159835,0.9762550601499562
Gray-Scott reaction-diffusion,gliders,B,settled,box,22,0.003960165218140807,0.980215225368097
Gray-Scott reaction-diffusion,gliders,B,settled,box,23,0.0033435700600250593,0.983558795428122
Gray-Scott reaction-diffusion,gliders,B,settled,box,24,0.0027912889726464324,0.9863500844007683
Gray-Scott reaction-diffusion,gliders,B,settled,box,25,0.0023946901162901837,0.9887447745170584
Gray-Scott reaction-diffusion,gliders,B,settled,box,26,0.001999942505324565,0.990744717022383
Gray-Scott reaction-diffusion,gliders,B,settled,box,27,0.0016914552764981453,0.9924361722988811
Gray-Scott reaction-diffusion,gliders,B,settled,box,28,0.0014121352157899323,0.993848307514671
Gray-Scott reaction-diffusion,gliders,B,settled,box,29,0.0011852122407888298,0.9950335197554598
Gray-Scott reaction-diffusion,gliders,B,settled,box,30,0.0009576048411626292,0.9959911245966225
Gray-Scott reaction-diffusion,gliders,B,settled,box,31,0.0007877828915167821,0.9967789074881392
Gray-Scott reaction-diffusion,gliders,B,settled,box,32,0.0006410969503251344,0.9974200044384643
Gray-Scott reaction-diffusion,gliders,B,settled,box,33,0.0005161476303605022,0.9979361520688248
Gray-Scott reaction-diffusion,gliders,B,settled,box,34,0.000409055125891621,0.9983452071947164
Gray-Scott reaction-diffusion,gliders,B,settled,box,35,0.0003299064274684686,0.998675113622185
Gray-Scott reaction-diffusion,gliders,B,settled,box,36,0.0002619084974696712,0.9989370221196546
Gray-Scott reaction-diffusion,gliders,B,settled,box,37,0.0002106606395532345,0.9991476827592078
Gray-Scott reaction-diffusion,gliders,B,settled,box,38,0.00016644862771945126,0.9993141313869274
Gray-Scott reaction-diffusion,gliders,B,settled,box,39,0.0001337182169978244,0.9994478496039252
Gray-Scott reaction-diffusion,gliders,B,settled,box,40,0.00010649522703832961,0.9995543448309635
Gray-Scott reaction-diffusion,gliders,B,settled,box,41,8.452592472076254e-05,0.9996388707556843
Gray-Scott reaction-diffusion,gliders,B,settled,box,42,6.880331845456919e-05,0.999707674074139
Gray-Scott reaction-diffusion,gliders,B,settled,box,43,5.442328784448749e-05,0.9997620973619835
Gray-Scott reaction-diffusion,gliders,B,settled,box,44,4.485597223287331e-05,0.9998069533342163
Gray-Scott reaction-diffusion,gliders,B,settled,box,45,3.5954188643365694e-05,0.9998429075228598
Gray-Scott reaction-diffusion,gliders,B,settled,box,46,2.9366317512048456e-05,0.9998722738403718
Gray-Scott reaction-diffusion,gliders,B,settled,box,47,2.36867800030984e-05,0.999895960620375
Gray-Scott reaction-diffusion,gliders,B,settled,box,48,1.918423846158829e-05,0.9999151448588366
Gray-Scott reaction-diffusion,gliders,B,settled,box,49,1.5688347283753946e-05,0.9999308332061203
Gray-Scott reaction-diffusion,gliders,B,settled,box,50,1.2808235771186849e-05,0.9999436414418914
Gray-Scott reaction-diffusion,gliders,B,settled,box,51,1.0404194148922114e-05,0.9999540456360403
Gray-Scott reaction-diffusion,gliders,B,settled,box,52,8.488932019856169e-06,0.9999625345680602
Gray-Scott reaction-diffusion,gliders,B,settled,box,53,6.917220923039802e-06,0.9999694517889832
Gray-Scott reaction-diffusion,gliders,B,settled,box,54,5.70187735776657e-06,0.9999751536663409
Gray-Scott reaction-diffusion,gliders,B,settled,box,55,4.671599537434369e-06,0.9999798252658784
Gray-Scott reaction-diffusion,gliders,B,settled,box,56,3.933845582203835e-06,0.9999837591114605
Gray-Scott reaction-diffusion,gliders,B,settled,box,57,3.272970246111408e-06,0.9999870320817066
Gray-Scott reaction-diffusion,gliders,B,settled,box,58,2.7605960312011597e-06,0.9999897926777377
Gray-Scott reaction-diffusion,gliders,B,settled,box,59,2.402034722919919e-06,0.9999921947124606
Gray-Scott reaction-diffusion,gliders,B,settled,box,60,2.069873248940325e-06,0.9999942645857095
Gray-Scott reaction-diffusion,gliders,B,settled,box,61,1.8413788443199256e-06,0.9999961059645538
Gray-Scott reaction-diffusion,gliders,B,settled,box,62,1.6704600324410507e-06,0.9999977764245863
Gray-Scott reaction-diffusion,gliders,B,settled,box,63,1.5110827885582816e-06,0.9999992875073749
Gray-Scott reaction-diffusion,gliders,B,settled,box,64,7.124926248124706e-07,0.9999999999999997
Gray-Scott reaction-diffusion,maze,A,full,radial,1,0.02033709860416653,0.02033709860416653
Gray-Scott reaction-diffusion,maze,A,full,radial,2,0.026702890324591277,0.04703998892875781
Gray-Scott reaction-diffusion,maze,A,full,radial,3,0.014107350406126028,0.06114733933488384
Gray-Scott reaction-diffusion,maze,A,full,radial,4,0.011663160959165305,0.07281050029404915
Gray-Scott reaction-diffusion,maze,A,full,radial,5,0.018469355185594984,0.09127985547964412
Gray-Scott reaction-diffusion,maze,A,full,radial,6,0.013320690935029427,0.10460054641467356
Gray-Scott reaction-diffusion,maze,A,full,radial,7,0.018236276552879144,0.12283682296755272
Gray-Scott reaction-diffusion,maze,A,full,radial,8,0.01961139910431709,0.1424482220718698
Gray-Scott reaction-diffusion,maze,A,full,radial,9,0.018352702696504603,0.1608009247683744
Gray-Scott reaction-diffusion,maze,A,full,radial,10,0.02642533162186028,0.18722625639023469
Gray-Scott reaction-diffusion,maze,A,full,radial,11,0.03453496051953891,0.22176121690977363
Gray-Scott reaction-diffusion,maze,A,full,radial,12,0.08063672451676736,0.302397941426541
Gray-Scott reaction-diffusion,maze,A,full,radial,13,0.15872536412511604,0.46112330555165704
Gray-Scott reaction-diffusion,maze,A,full,radial,14,0.22388971906106608,0.6850130246127231
Gray-Scott reaction-diffusion,maze,A,full,radial,15,0.1658931851788716,0.8509062097915947
Gray-Scott reaction-diffusion,maze,A,full,radial,16,0.0805651361540399,0.9314713459456345
Gray-Scott reaction-diffusion,maze,A,full,radial,17,0.04018572102328399,0.9716570669689185
Gray-Scott reaction-diffusion,maze,A,full,radial,18,0.013987739143992286,0.9856448061129108
Gray-Scott reaction-diffusion,maze,A,full,radial,19,0.005401432379642535,0.9910462384925534
Gray-Scott reaction-diffusion,maze,A,full,radial,20,0.0030428773778539064,0.9940891158704074
Gray-Scott reaction-diffusion,maze,A,full,radial,21,0.0018619685551170358,0.9959510844255244
Gray-Scott reaction-diffusion,maze,A,full,radial,22,0.0009795118688756723,0.9969305962944
Gray-Scott reaction-diffusion,maze,A,full,radial,23,0.0006394735592919844,0.9975700698536919
Gray-Scott reaction-diffusion,maze,A,full,radial,24,0.0004447466639494299,0.9980148165176413
Gray-Scott reaction-diffusion,maze,A,full,radial,25,0.00034699359173290484,0.9983618101093742
Gray-Scott reaction-diffusion,maze,A,full,radial,26,0.0002711091185222568,0.9986329192278964
Gray-Scott reaction-diffusion,maze,A,full,radial,27,0.00019568413775109228,0.9988286033656476
Gray-Scott reaction-diffusion,maze,A,full,radial,28,0.0001644547653756186,0.9989930581310232
Gray-Scott reaction-diffusion,maze,A,full,radial,29,0.00015280277794512044,0.9991458609089684
Gray-Scott reaction-diffusion,maze,A,full,radial,30,0.00011316695331240305,0.9992590278622808
Gray-Scott reaction-diffusion,maze,A,full,radial,31,9.659548902376452e-05,0.9993556233513045
Gray-Scott reaction-diffusion,maze,A,full,radial,32,7.446318453840518e-05,0.9994300865358429
Gray-Scott reaction-diffusion,maze,A,full,radial,33,5.9286150859974166e-05,0.9994893726867028
Gray-Scott reaction-diffusion,maze,A,full,radial,34,5.179959963553944e-05,0.9995411722863384
Gray-Scott reaction-diffusion,maze,A,full,radial,35,3.838890656712101e-05,0.9995795611929055
Gray-Scott reaction-diffusion,maze,A,full,radial,36,3.704224544685791e-05,0.9996166034383523
Gray-Scott reaction-diffusion,maze,A,full,radial,37,3.255854871301411e-05,0.9996491619870654
Gray-Scott reaction-diffusion,maze,A,full,radial,38,3.3742399557226264e-05,0.9996829043866227
Gray-Scott reaction-diffusion,maze,A,full,radial,39,3.1716046461257e-05,0.9997146204330839
Gray-Scott reaction-diffusion,maze,A,full,radial,40,3.276653629484597e-05,0.9997473869693787
Gray-Scott reaction-diffusion,maze,A,full,radial,41,3.865009560750562e-05,0.9997860370649863
Gray-Scott reaction-diffusion,maze,A,full,radial,42,4.085334361617038e-05,0.9998268904086025
Gray-Scott reaction-diffusion,maze,A,full,radial,43,4.363105126527619e-05,0.9998705214598677
Gray-Scott reaction-diffusion,maze,A,full,radial,44,3.7540993485737636e-05,0.9999080624533534
Gray-Scott reaction-diffusion,maze,A,full,radial,45,2.896686863090546e-05,0.9999370293219842
Gray-Scott reaction-diffusion,maze,A,full,radial,46,2.1714995627096358e-05,0.9999587443176113
Gray-Scott reaction-diffusion,maze,A,full,radial,47,1.3800126761671897e-05,0.9999725444443729
Gray-Scott reaction-diffusion,maze,A,full,radial,48,8.92831215211736e-06,0.999981472756525
Gray-Scott reaction-diffusion,maze,A,full,radial,49,4.967427774461547e-06,0.9999864401842996
Gray-Scott reaction-diffusion,maze,A,full,radial,50,3.493472607183629e-06,0.9999899336569067
Gray-Scott reaction-diffusion,maze,A,full,radial,51,2.1642120303491184e-06,0.9999920978689371
Gray-Scott reaction-diffusion,maze,A,full,radial,52,1.497967875809952e-06,0.9999935958368128
Gray-Scott reaction-diffusion,maze,A,full,radial,53,1.2347587629652456e-06,0.9999948305955757
Gray-Scott reaction-diffusion,maze,A,full,radial,54,8.854269020873055e-07,0.9999957160224777
Gray-Scott reaction-diffusion,maze,A,full,radial,55,8.316452889481017e-07,0.9999965476677667
Gray-Scott reaction-diffusion,maze,A,full,radial,56,6.313446497926104e-07,0.9999971790124164
Gray-Scott reaction-diffusion,maze,A,full,radial,57,5.559928391330067e-07,0.9999977350052555
Gray-Scott reaction-diffusion,maze,A,full,radial,58,5.004302176680276e-07,0.9999982354354732
Gray-Scott reaction-diffusion,maze,A,full,radial,59,4.1312053655669887e-07,0.9999986485560096
Gray-Scott reaction-diffusion,maze,A,full,radial,60,3.445567001709654e-07,0.9999989931127099
Gray-Scott reaction-diffusion,maze,A,full,radial,61,2.6853719055251246e-07,0.9999992616499005
Gray-Scott reaction-diffusion,maze,A,full,radial,62,2.0643652835473244e-07,0.9999994680864289
Gray-Scott reaction-diffusion,maze,A,full,radial,63,1.6845009269644337e-07,0.9999996365365216
Gray-Scott reaction-diffusion,maze,A,full,radial,64,1.1358617565001919e-07,0.9999997501226973
Gray-Scott reaction-diffusion,maze,A,full,radial,65,7.301729228234471e-08,0.9999998231399895
Gray-Scott reaction-diffusion,maze,A,full,radial,66,4.802080759572109e-08,0.9999998711607971
Gray-Scott reaction-diffusion,maze,A,full,radial,67,3.7760280891457475e-08,0.9999999089210779
Gray-Scott reaction-diffusion,maze,A,full,radial,68,2.9470876606262876e-08,0.9999999383919547
Gray-Scott reaction-diffusion,maze,A,full,radial,69,1.9363167694234758e-08,0.9999999577551223
Gray-Scott reaction-diffusion,maze,A,full,radial,70,1.2898322566764202e-08,0.9999999706534448
Gray-Scott reaction-diffusion,maze,A,full,radial,71,1.1715834774134855e-08,0.9999999823692796
Gray-Scott reaction-diffusion,maze,A,full,radial,72,8.65058361499309e-09,0.9999999910198631
Gray-Scott reaction-diffusion,maze,A,full,radial,73,4.652519253840146e-09,0.9999999956723823
Gray-Scott reaction-diffusion,maze,A,full,radial,74,3.0432973531267113e-09,0.9999999987156797
Gray-Scott reaction-diffusion,maze,A,full,radial,75,9.640918801670324e-10,0.9999999996797716
Gray-Scott reaction-diffusion,maze,A,full,radial,76,3.202274299830565e-10,0.999999999999999
Gray-Scott reaction-diffusion,maze,A,full,radial,77,6.278783248116484e-17,0.999999999999999
Gray-Scott reaction-diffusion,maze,A,full,radial,78,4.5896071984140314e-17,0.999999999999999
Gray-Scott reaction-diffusion,maze,A,full,radial,79,4.9681464832308986e-17,0.999999999999999
Gray-Scott reaction-diffusion,maze,A,full,radial,80,4.006586186957259e-17,0.999999999999999
Gray-Scott reaction-diffusion,maze,A,full,radial,81,3.069582084182653e-17,0.999999999999999
Gray-Scott reaction-diffusion,maze,A,full,radial,82,4.2164409396489704e-17,0.999999999999999
Gray-Scott reaction-diffusion,maze,A,full,radial,83,2.077822941903519e-17,0.999999999999999
Gray-Scott reaction-diffusion,maze,A,full,radial,84,3.033589669319891e-17,0.999999999999999
Gray-Scott reaction-diffusion,maze,A,full,radial,85,1.5438342911811247e-17,0.999999999999999
Gray-Scott reaction-diffusion,maze,A,full,radial,86,1.5194134161868138e-17,0.999999999999999
Gray-Scott reaction-diffusion,maze,A,full,radial,87,1.317413734351583e-17,0.999999999999999
Gray-Scott reaction-diffusion,maze,A,full,radial,88,5.866617521985268e-18,0.999999999999999
Gray-Scott reaction-diffusion,maze,A,full,radial,89,5.758142221362819e-18,0.999999999999999
Gray-Scott reaction-diffusion,maze,A,full,radial,90,4.795698610731678e-19,0.999999999999999
Gray-Scott reaction-diffusion,maze,A,full,box,1,0.02033709860416653,0.02033709860416653
Gray-Scott reaction-diffusion,maze,A,full,box,2,0.026702890324591277,0.04703998892875781
Gray-Scott reaction-diffusion,maze,A,full,box,3,0.015843684938851302,0.06288367386760911
Gray-Scott reaction-diffusion,maze,A,full,box,4,0.015188740632847012,0.07807241450045613
Gray-Scott reaction-diffusion,maze,A,full,box,5,0.01770231617218387,0.09577473067264
Gray-Scott reaction-diffusion,maze,A,full,box,6,0.017069143189697874,0.11284387386233788
Gray-Scott reaction-diffusion,maze,A,full,box,7,0.021419276005236767,0.13426314986757465
Gray-Scott reaction-diffusion,maze,A,full,box,8,0.02269550822185173,0.15695865808942636
Gray-Scott reaction-diffusion,maze,A,full,box,9,0.0365707451683925,0.19352940325781887
Gray-Scott reaction-diffusion,maze,A,full,box,10,0.06550394176374466,0.25903334502156355
Gray-Scott reaction-diffusion,maze,A,full,box,11,0.11675960041964104,0.3757929454412046
Gray-Scott reaction-diffusion,maze,A,full,box,12,0.14399097182683393,0.5197839172680385
Gray-Scott reaction-diffusion,maze,A,full,box,13,0.16142324574281783,0.6812071630108564
Gray-Scott reaction-diffusion,maze,A,full,box,14,0.13944614120872828,0.8206533042195846
Gray-Scott reaction-diffusion,maze,A,full,box,15,0.09711161349778495,0.9177649177173696
Gray-Scott reaction-diffusion,maze,A,full,box,16,0.04566719544988966,0.9634321131672592
Gray-Scott reaction-diffusion,maze,A,full,box,17,0.01966921400365178,0.9831013271709109
Gray-Scott reaction-diffusion,maze,A,full,box,18,0.007866770385918452,0.9909680975568295
Gray-Scott reaction-diffusion,maze,A,full,box,19,0.003234502021690815,0.9942025995785203
Gray-Scott reaction-diffusion,maze,A,full,box,20,0.0018431332094947424,0.996045732788015
Gray-Scott reaction-diffusion,maze,A,full,box,21,0.001147750256493964,0.9971934830445088
Gray-Scott reaction-diffusion,maze,A,full,box,22,0.0006170160191026279,0.9978104990636115
Gray-Scott reaction-diffusion,maze,A,full,box,23,0.00046664747251828106,0.9982771465361298
Gray-Scott reaction-diffusion,maze,A,full,box,24,0.00030662383577702165,0.9985837703719068
Gray-Scott reaction-diffusion,maze,A,full,box,25,0.00023283899938132145,0.998816609371288
Gray-Scott reaction-diffusion,maze,A,full,box,26,0.00018778225191113938,0.9990043916231992
Gray-Scott reaction-diffusion,maze,A,full,box,27,0.00014732670384239957,0.9991517183270415
Gray-Scott reaction-diffusion,maze,A,full,box,28,0.00012257397129996044,0.9992742922983414
Gray-Scott reaction-diffusion,maze,A,full,box,29,0.00010211350966829353,0.9993764058080098
Gray-Scott reaction-diffusion,maze,A,full,box,30,8.086421280898187e-05,0.9994572700208187
Gray-Scott reaction-diffusion,maze,A,full,box,31,6.620139607571099e-05,0.9995234714168946
Gray-Scott reaction-diffusion,maze,A,full,box,32,5.893366431041018e-05,0.999582405081205
Gray-Scott reaction-diffusion,maze,A,full,box,33,5.001920205163274e-05,0.9996324242832566
Gray-Scott reaction-diffusion,maze,A,full,box,34,4.505144868279801e-05,0.9996774757319393
Gray-Scott reaction-diffusion,maze,A,full,box,35,4.087638853163518e-05,0.999718352120471
Gray-Scott reaction-diffusion,maze,A,full,box,36,3.4837254474948064e-05,0.9997531893749458
Gray-Scott reaction-diffusion,maze,A,full,box,37,3.20323970887964e-05,0.9997852217720347
Gray-Scott reaction-diffusion,maze,A,full,box,38,3.0750609213202e-05,0.9998159723812479
Gray-Scott reaction-diffusion,maze,A,full,box,39,3.113454400388468e-05,0.9998471069252518
Gray-Scott reaction-diffusion,maze,A,full,box,40,2.8701864083928045e-05,0.9998758087893357
Gray-Scott reaction-diffusion,maze,A,full,box,41,2.5689744028892103e-05,0.9999014985333646
Gray-Scott reaction-diffusion,maze,A,full,box,42,2.4086028765227084e-05,0.99992558456213
Gray-Scott reaction-diffusion,maze,A,full,box,43,1.934473861528261e-05,0.9999449293007453
Gray-Scott reaction-diffusion,maze,A,full,box,44,1.6469631101381723e-05,0.9999613989318468
Gray-Scott reaction-diffusion,maze,A,full,box,45,1.228591234748772e-05,0.9999736848441942
Gray-Scott reaction-diffusion,maze,A,full,box,46,8.648490343269166e-06,0.9999823333345375
Gray-Scott reaction-diffusion,maze,A,full,box,47,5.291964463118762e-06,0.9999876252990005
Gray-Scott reaction-diffusion,maze,A,full,box,48,3.427409208677247e-06,0.9999910527082092
Gray-Scott reaction-diffusion,maze,A,full,box,49,2.1652995053216367e-06,0.9999932180077146
Gray-Scott reaction-diffusion,maze,A,full,box,50,1.5148969855653924e-06,0.9999947329047001
Gray-Scott reaction-diffusion,maze,A,full,box,51,1.0821168104169443e-06,0.9999958150215106
Gray-Scott reaction-diffusion,maze,A,full,box,52,8.317203533516768e-07,0.999996646741864
Gray-Scott reaction-diffusion,maze,A,full,box,53,6.483243215048889e-07,0.9999972950661854
Gray-Scott reaction-diffusion,maze,A,full,box,54,5.208176575395778e-07,0.9999978158838431
Gray-Scott reaction-diffusion,maze,A,full,box,55,4.427163541293759e-07,0.9999982586001973
Gray-Scott reaction-diffusion,maze,A,full,box,56,3.5899155550289986e-07,0.9999986175917528
Gray-Scott reaction-diffusion,maze,A,full,box,57,2.981898044286231e-07,0.9999989157815573
Gray-Scott reaction-diffusion,maze,A,full,box,58,2.606469793194652e-07,0.9999991764285366
Gray-Scott reaction-diffusion,maze,A,full,box,59,2.0895657117459876e-07,0.9999993853851079
Gray-Scott reaction-diffusion,maze,A,full,box,60,1.8098895408855907e-07,0.999999566374062
Gray-Scott reaction-diffusion,maze,A,full,box,61,1.4696754114309295e-07,0.9999997133416032
Gray-Scott reaction-diffusion,maze,A,full,box,62,1.2599043031222739e-07,0.9999998393320335
Gray-Scott reaction-diffusion,maze,A,full,box,63,1.1001517504784856e-07,0.9999999493472086
Gray-Scott reaction-diffusion,maze,A,full,box,64,5.065279181316044e-08,1.0000000000000004
Gray-Scott reaction-diffusion,maze,A,train,radial,1,0.09860787796982995,0.09860787796982995
Gray-Scott reaction-diffusion,maze,A,train,radial,2,0.15039362440055107,0.24900150237038102
Gray-Scott reaction-diffusion,maze,A,train,radial,3,0.08465271593381447,0.3336542183041955
Gray-Scott reaction-diffusion,maze,A,train,radial,4,0.06579302589536115,0.3994472441995567
Gray-Scott reaction-diffusion,maze,A,train,radial,5,0.09656377610140754,0.4960110203009642
Gray-Scott reaction-diffusion,maze,A,train,radial,6,0.06628750174684774,0.5622985220478119
Gray-Scott reaction-diffusion,maze,A,train,radial,7,0.08108435120149411,0.643382873249306
Gray-Scott reaction-diffusion,maze,A,train,radial,8,0.07251281626866377,0.7158956895179698
Gray-Scott reaction-diffusion,maze,A,train,radial,9,0.054308276046083306,0.7702039655640531
Gray-Scott reaction-diffusion,maze,A,train,radial,10,0.05589351089496048,0.8260974764590137
Gray-Scott reaction-diffusion,maze,A,train,radial,11,0.03985301352726491,0.8659504899862787
Gray-Scott reaction-diffusion,maze,A,train,radial,12,0.03876171926817987,0.9047122092544584
Gray-Scott reaction-diffusion,maze,A,train,radial,13,0.03229208235610108,0.9370042916105594
Gray-Scott reaction-diffusion,maze,A,train,radial,14,0.018091516009953505,0.9550958076205129
Gray-Scott reaction-diffusion,maze,A,train,radial,15,0.01336554382045255,0.9684613514409655
Gray-Scott reaction-diffusion,maze,A,train,radial,16,0.008509317108082814,0.9769706685490483
Gray-Scott reaction-diffusion,maze,A,train,radial,17,0.00665345718835585,0.9836241257374041
Gray-Scott reaction-diffusion,maze,A,train,radial,18,0.0044338422781982165,0.9880579680156023
Gray-Scott reaction-diffusion,maze,A,train,radial,19,0.0028720416038641827,0.9909300096194665
Gray-Scott reaction-diffusion,maze,A,train,radial,20,0.002127324317601888,0.9930573339370683
Gray-Scott reaction-diffusion,maze,A,train,radial,21,0.0016821383375133973,0.9947394722745816
Gray-Scott reaction-diffusion,maze,A,train,radial,22,0.001031014708606767,0.9957704869831884
Gray-Scott reaction-diffusion,maze,A,train,radial,23,0.0007665823853600999,0.9965370693685485
Gray-Scott reaction-diffusion,maze,A,train,radial,24,0.0006245366596540922,0.9971616060282026
Gray-Scott reaction-diffusion,maze,A,train,radial,25,0.0005528280981728836,0.9977144341263755
Gray-Scott reaction-diffusion,maze,A,train,radial,26,0.0004424464858286586,0.9981568806122041
Gray-Scott reaction-diffusion,maze,A,train,radial,27,0.0003094330689726893,0.9984663136811768
Gray-Scott reaction-diffusion,maze,A,train,radial,28,0.00025686525195791135,0.9987231789331347
Gray-Scott reaction-diffusion,maze,A,train,radial,29,0.00023635944745640584,0.9989595383805911
Gray-Scott reaction-diffusion,maze,A,train,radial,30,0.00017701865572387174,0.9991365570363151
Gray-Scott reaction-diffusion,maze,A,train,radial,31,0.00016781475424462898,0.9993043717905598
Gray-Scott reaction-diffusion,maze,A,train,radial,32,0.0001324715985973505,0.9994368433891571
Gray-Scott reaction-diffusion,maze,A,train,radial,33,0.00010653289484379478,0.9995433762840008
Gray-Scott reaction-diffusion,maze,A,train,radial,34,8.860563822618198e-05,0.999631981922227
Gray-Scott reaction-diffusion,maze,A,train,radial,35,6.519121309729601e-05,0.9996971731353244
Gray-Scott reaction-diffusion,maze,A,train,radial,36,5.747553804107412e-05,0.9997546486733655
Gray-Scott reaction-diffusion,maze,A,train,radial,37,4.4614209549183585e-05,0.9997992628829147
Gray-Scott reaction-diffusion,maze,A,train,radial,38,4.08915103200388e-05,0.9998401543932347
Gray-Scott reaction-diffusion,maze,A,train,radial,39,3.0381225875423877e-05,0.9998705356191101
Gray-Scott reaction-diffusion,maze,A,train,radial,40,2.2621758545197384e-05,0.9998931573776553
Gray-Scott reaction-diffusion,maze,A,train,radial,41,2.0833654378268584e-05,0.9999139910320336
Gray-Scott reaction-diffusion,maze,A,train,radial,42,1.540014531703396e-05,0.9999293911773507
Gray-Scott reaction-diffusion,maze,A,train,radial,43,1.3492936949777135e-05,0.9999428841143004
Gray-Scott reaction-diffusion,maze,A,train,radial,44,1.0661265444029015e-05,0.9999535453797445
Gray-Scott reaction-diffusion,maze,A,train,radial,45,7.58524682729796e-06,0.9999611306265718
Gray-Scott reaction-diffusion,maze,A,train,radial,46,7.015301352686859e-06,0.9999681459279244
Gray-Scott reaction-diffusion,maze,A,train,radial,47,5.510062815640203e-06,0.9999736559907401
Gray-Scott reaction-diffusion,maze,A,train,radial,48,4.590593804736626e-06,0.9999782465845447
Gray-Scott reaction-diffusion,maze,A,train,radial,49,3.646216450254018e-06,0.999981892800995
Gray-Scott reaction-diffusion,maze,A,train,radial,50,3.290059863397929e-06,0.9999851828608585
Gray-Scott reaction-diffusion,maze,A,train,radial,51,2.523942770016393e-06,0.9999877068036285
Gray-Scott reaction-diffusion,maze,A,train,radial,52,2.006392530953676e-06,0.9999897131961595
Gray-Scott reaction-diffusion,maze,A,train,radial,53,1.8947632657073956e-06,0.9999916079594251
Gray-Scott reaction-diffusion,maze,A,train,radial,54,1.356589665795243e-06,0.9999929645490909
Gray-Scott reaction-diffusion,maze,A,train,radial,55,1.2933179097203867e-06,0.9999942578670007
Gray-Scott reaction-diffusion,maze,A,train,radial,56,9.717521533676834e-07,0.9999952296191541
Gray-Scott reaction-diffusion,maze,A,train,radial,57,8.797084478459681e-07,0.9999961093276019
Gray-Scott reaction-diffusion,maze,A,train,radial,58,7.413430416862726e-07,0.9999968506706437
Gray-Scott reaction-diffusion,maze,A,train,radial,59,6.232166974948701e-07,0.9999974738873412
Gray-Scott reaction-diffusion,maze,A,train,radial,60,5.36307341274053e-07,0.9999980101946825
Gray-Scott reaction-diffusion,maze,A,train,radial,61,4.781855875379e-07,0.9999984883802701
Gray-Scott reaction-diffusion,maze,A,train,radial,62,3.859865379399723e-07,0.9999988743668079
Gray-Scott reaction-diffusion,maze,A,train,radial,63,3.399153978278418e-07,0.9999992142822057
Gray-Scott reaction-diffusion,maze,A,train,radial,64,2.476244949154799e-07,0.9999994619067007
Gray-Scott reaction-diffusion,maze,A,train,radial,65,1.6154703180501976e-07,0.9999996234537325
Gray-Scott reaction-diffusion,maze,A,train,radial,66,1.0730432185174434e-07,0.9999997307580544
Gray-Scott reaction-diffusion,maze,A,train,radial,67,9.02771109140479e-08,0.9999998210351653
Gray-Scott reaction-diffusion,maze,A,train,radial,68,6.283804617853217e-08,0.9999998838732115
Gray-Scott reaction-diffusion,maze,A,train,radial,69,3.920091731131704e-08,0.9999999230741288
Gray-Scott reaction-diffusion,maze,A,train,radial,70,2.5455244913653743e-08,0.9999999485293738
Gray-Scott reaction-diffusion,maze,A,train,radial,71,2.1372955926859517e-08,0.9999999699023296
Gray-Scott reaction-diffusion,maze,A,train,radial,72,1.4195183126811555e-08,0.9999999840975128
Gray-Scott reaction-diffusion,maze,A,train,radial,73,8.024544951901874e-09,0.9999999921220577
Gray-Scott reaction-diffusion,maze,A,train,radial,74,5.371829487839048e-09,0.9999999974938872
Gray-Scott reaction-diffusion,maze,A,train,radial,75,1.8819747152973523e-09,0.9999999993758619
Gray-Scott reaction-diffusion,maze,A,train,radial,76,6.241380485312218e-10,1.0
Gray-Scott reaction-diffusion,maze,A,train,radial,77,3.0798872514255125e-17,1.0
Gray-Scott reaction-diffusion,maze,A,train,radial,78,2.260994717853828e-17,1.0
Gray-Scott reaction-diffusion,maze,A,train,radial,79,2.4888319667550934e-17,1.0
Gray-Scott reaction-diffusion,maze,A,train,radial,80,2.0337208362730902e-17,1.0
Gray-Scott reaction-diffusion,maze,A,train,radial,81,1.6009315409290063e-17,1.0
Gray-Scott reaction-diffusion,maze,A,train,radial,82,2.112241545279302e-17,1.0
Gray-Scott reaction-diffusion,maze,A,train,radial,83,1.0567407245383308e-17,1.0
Gray-Scott reaction-diffusion,maze,A,train,radial,84,1.5736345610748528e-17,1.0
Gray-Scott reaction-diffusion,maze,A,train,radial,85,8.51581022831781e-18,1.0
Gray-Scott reaction-diffusion,maze,A,train,radial,86,7.663345586591504e-18,1.0
Gray-Scott reaction-diffusion,maze,A,train,radial,87,6.680183082210477e-18,1.0
Gray-Scott reaction-diffusion,maze,A,train,radial,88,2.986435534466361e-18,1.0
Gray-Scott reaction-diffusion,maze,A,train,radial,89,3.013183397692743e-18,1.0
Gray-Scott reaction-diffusion,maze,A,train,radial,90,2.7521102223235255e-19,1.0
Gray-Scott reaction-diffusion,maze,A,train,box,1,0.09860787796982995,0.09860787796982995
Gray-Scott reaction-diffusion,maze,A,train,box,2,0.15039362440055107,0.24900150237038102
Gray-Scott reaction-diffusion,maze,A,train,box,3,0.09450719316697397,0.34350869553735497
Gray-Scott reaction-diffusion,maze,A,train,box,4,0.08336962450864618,0.4268783200460012
Gray-Scott reaction-diffusion,maze,A,train,box,5,0.09040993432859261,0.5172882543745937
Gray-Scott reaction-diffusion,maze,A,train,box,6,0.07994240941774462,0.5972306637923384
Gray-Scott reaction-diffusion,maze,A,train,box,7,0.08776103665961388,0.6849917004519522
Gray-Scott reaction-diffusion,maze,A,train,box,8,0.06698887583168518,0.7519805762836375
Gray-Scott reaction-diffusion,maze,A,train,box,9,0.056209676629691584,0.8081902529133291
Gray-Scott reaction-diffusion,maze,A,train,box,10,0.04944051495097744,0.8576307678643066
Gray-Scott reaction-diffusion,maze,A,train,box,11,0.04136547260368354,0.8989962404679901
Gray-Scott reaction-diffusion,maze,A,train,box,12,0.029847213855524968,0.9288434543235151
Gray-Scott reaction-diffusion,maze,A,train,box,13,0.023530494179077367,0.9523739485025925
Gray-Scott reaction-diffusion,maze,A,train,box,14,0.014625687907780283,0.9669996364103728
Gray-Scott reaction-diffusion,maze,A,train,box,15,0.010254854652564064,0.9772544910629369
Gray-Scott reaction-diffusion,maze,A,train,box,16,0.006364418758201346,0.9836189098211382
Gray-Scott reaction-diffusion,maze,A,train,box,17,0.004712229003561503,0.9883311388246998
Gray-Scott reaction-diffusion,maze,A,train,box,18,0.003146458131806998,0.9914775969565067
Gray-Scott reaction-diffusion,maze,A,train,box,19,0.0021726127950831816,0.9936502097515899
Gray-Scott reaction-diffusion,maze,A,train,box,20,0.0014535473529487712,0.9951037571045388
Gray-Scott reaction-diffusion,maze,A,train,box,21,0.0011337744208332785,0.996237531525372
Gray-Scott reaction-diffusion,maze,A,train,box,22,0.000789840548547499,0.9970273720739194
Gray-Scott reaction-diffusion,maze,A,train,box,23,0.0006116266860751593,0.9976389987599946
Gray-Scott reaction-diffusion,maze,A,train,box,24,0.00044255237858728866,0.998081551138582
Gray-Scott reaction-diffusion,maze,A,train,box,25,0.0003756496865676387,0.9984572008251495
Gray-Scott reaction-diffusion,maze,A,train,box,26,0.00029227679842118014,0.9987494776235707
Gray-Scott reaction-diffusion,maze,A,train,box,27,0.00023927579360414475,0.9989887534171749
Gray-Scott reaction-diffusion,maze,A,train,box,28,0.0001926834592500261,0.9991814368764248
Gray-Scott reaction-diffusion,maze,A,train,box,29,0.0001579281119178633,0.9993393649883426
Gray-Scott reaction-diffusion,maze,A,train,box,30,0.00012711549603726402,0.9994664804843798
Gray-Scott reaction-diffusion,maze,A,train,box,31,0.00010184058202646399,0.9995683210664063
Gray-Scott reaction-diffusion,maze,A,train,box,32,8.533978057942002e-05,0.9996536608469857
Gray-Scott reaction-diffusion,maze,A,train,box,33,7.000323257934879e-05,0.999723664079565
Gray-Scott reaction-diffusion,maze,A,train,box,34,5.5086122556187435e-05,0.9997787502021213
Gray-Scott reaction-diffusion,maze,A,train,box,35,4.2790447338577966e-05,0.9998215406494598
Gray-Scott reaction-diffusion,maze,A,train,box,36,3.4944427515647445e-05,0.9998564850769754
Gray-Scott reaction-diffusion,maze,A,train,box,37,2.8189335474219097e-05,0.9998846744124498
Gray-Scott reaction-diffusion,maze,A,train,box,38,2.275679333785111e-05,0.9999074312057876
Gray-Scott reaction-diffusion,maze,A,train,box,39,1.7934283494176703e-05,0.9999253654892818
Gray-Scott reaction-diffusion,maze,A,train,box,40,1.4107127533561432e-05,0.9999394726168153
Gray-Scott reaction-diffusion,maze,A,train,box,41,1.1895170709656145e-05,0.999951367787525
Gray-Scott reaction-diffusion,maze,A,train,box,42,8.93729277638803e-06,0.9999603050803013
Gray-Scott reaction-diffusion,maze,A,train,box,43,7.652082847564989e-06,0.9999679571631489
Gray-Scott reaction-diffusion,maze,A,train,box,44,5.849974698977913e-06,0.999973807137848
Gray-Scott reaction-diffusion,maze,A,train,box,45,4.667484933264535e-06,0.9999784746227812
Gray-Scott reaction-diffusion,maze,A,train,box,46,3.882519720423645e-06,0.9999823571425017
Gray-Scott reaction-diffusion,maze,A,train,box,47,3.148324011586453e-06,0.9999855054665134
Gray-Scott reaction-diffusion,maze,A,train,box,48,2.570667563891482e-06,0.9999880761340773
Gray-Scott reaction-diffusion,maze,A,train,box,49,2.057309399443599e-06,0.9999901334434766
Gray-Scott reaction-diffusion,maze,A,train,box,50,1.7850591830481745e-06,0.9999919185026598
Gray-Scott reaction-diffusion,maze,A,train,box,51,1.439560205696152e-06,0.9999933580628655
Gray-Scott reaction-diffusion,maze,A,train,box,52,1.1536684257188154e-06,0.9999945117312912
Gray-Scott reaction-diffusion,maze,A,train,box,53,9.864466148818124e-07,0.9999954981779061
Gray-Scott reaction-diffusion,maze,A,train,box,54,7.698552562272468e-07,0.9999962680331623
Gray-Scott reaction-diffusion,maze,A,train,box,55,6.685773830713366e-07,0.9999969366105455
Gray-Scott reaction-diffusion,maze,A,train,box,56,5.745820783938166e-07,0.9999975111926238
Gray-Scott reaction-diffusion,maze,A,train,box,57,4.840718150217501e-07,0.9999979952644389
Gray-Scott reaction-diffusion,maze,A,train,box,58,4.0967644929974986e-07,0.9999984049408882
Gray-Scott reaction-diffusion,maze,A,train,box,59,3.6760491284154006e-07,0.999998772545801
Gray-Scott reaction-diffusion,maze,A,train,box,60,3.318745390745134e-07,0.99999910442034
Gray-Scott reaction-diffusion,maze,A,train,box,61,2.803456932096685e-07,0.9999993847660332
Gray-Scott reaction-diffusion,maze,A,train,box,62,2.600939257602505e-07,0.999999644859959
Gray-Scott reaction-diffusion,maze,A,train,box,63,2.3938606204161974e-07,0.9999998842460209
Gray-Scott reaction-diffusion,maze,A,train,box,64,1.1575397923227708e-07,1.0000000000000002
Gray-Scott reaction-diffusion,maze,A,settled,radial,1,0.00011973825870508125,0.00011973825870508125
Gray-Scott reaction-diffusion,maze,A,settled,radial,2,0.00027465764954711036,0.0003943959082521916
Gray-Scott reaction-diffusion,maze,A,settled,radial,3,0.00033870959512216067,0.0007331055033743522
Gray-Scott reaction-diffusion,maze,A,settled,radial,4,0.0003517664301292106,0.0010848719335035627
Gray-Scott reaction-diffusion,maze,A,settled,radial,5,0.000907044342439583,0.0019919162759431458
Gray-Scott reaction-diffusion,maze,A,settled,radial,6,0.0009133687784342928,0.002905285054377439
Gray-Scott reaction-diffusion,maze,A,settled,radial,7,0.0021246869341835397,0.005029971988560979
Gray-Scott reaction-diffusion,maze,A,settled,radial,8,0.0032047328446666605,0.00823470483322764
Gray-Scott reaction-diffusion,maze,A,settled,radial,9,0.004815499135843595,0.013050203969071236
Gray-Scott reaction-diffusion,maze,A,settled,radial,10,0.012096751592586249,0.025146955561657483
Gray-Scott reaction-diffusion,maze,A,settled,radial,11,0.022498865428550497,0.04764582099020798
Gray-Scott reaction-diffusion,maze,A,settled,radial,12,0.06226497752366551,0.10991079851387349
Gray-Scott reaction-diffusion,maze,A,settled,radial,13,0.1702053107220512,0.2801161092359247
Gray-Scott reaction-diffusion,maze,A,settled,radial,14,0.2994962770713608,0.5796123863072855
Gray-Scott reaction-diffusion,maze,A,settled,radial,15,0.2326170966439334,0.8122294829512189
Gray-Scott reaction-diffusion,maze,A,settled,radial,16,0.10827799841367136,0.9205074813648902
Gray-Scott reaction-diffusion,maze,A,settled,radial,17,0.051658579887279,0.9721660612521692
Gray-Scott reaction-diffusion,maze,A,settled,radial,18,0.01567614165900968,0.987842202911179
Gray-Scott reaction-diffusion,maze,A,settled,radial,19,0.004924093568577373,0.9927662964797563
Gray-Scott reaction-diffusion,maze,A,settled,radial,20,0.002742632163521634,0.995508928643278
Gray-Scott reaction-diffusion,maze,A,settled,radial,21,0.0014180397321254244,0.9969269683754034
Gray-Scott reaction-diffusion,maze,A,settled,radial,22,0.0007855728983848984,0.9977125412737883
Gray-Scott reaction-diffusion,maze,A,settled,radial,23,0.00046297876099352683,0.9981755200347818
Gray-Scott reaction-diffusion,maze,A,settled,radial,24,0.0003176187170668917,0.9984931387518488
Gray-Scott reaction-diffusion,maze,A,settled,radial,25,0.00023540989133262084,0.9987285486431814
Gray-Scott reaction-diffusion,maze,A,settled,radial,26,0.00016902168923542757,0.9988975703324168
Gray-Scott reaction-diffusion,maze,A,settled,radial,27,0.0001356607226999928,0.9990332310551168
Gray-Scott reaction-diffusion,maze,A,settled,radial,28,0.0001191156812089595,0.9991523467363258
Gray-Scott reaction-diffusion,maze,A,settled,radial,29,0.00011946701434096009,0.9992718137506668
Gray-Scott reaction-diffusion,maze,A,settled,radial,30,8.663927622517618e-05,0.999358453026892
Gray-Scott reaction-diffusion,maze,A,settled,radial,31,6.887964604996728e-05,0.9994273326729419
Gray-Scott reaction-diffusion,maze,A,settled,radial,32,5.327204675593263e-05,0.9994806047196979
Gray-Scott reaction-diffusion,maze,A,settled,radial,33,4.040821687806962e-05,0.9995210129365759
Gray-Scott reaction-diffusion,maze,A,settled,radial,34,3.315642782823058e-05,0.9995541693644041
Gray-Scott reaction-diffusion,maze,A,settled,radial,35,2.409488927690741e-05,0.9995782642536811
Gray-Scott reaction-diffusion,maze,A,settled,radial,36,2.386799491476823e-05,0.9996021322485958
Gray-Scott reaction-diffusion,maze,A,settled,radial,37,2.1823979216979936e-05,0.9996239562278129
Gray-Scott reaction-diffusion,maze,A,settled,radial,38,2.3831283558367612e-05,0.9996477875113713
Gray-Scott reaction-diffusion,maze,A,settled,radial,39,2.36665321812197e-05,0.9996714540435525
Gray-Scott reaction-diffusion,maze,A,settled,radial,40,2.9257242657050847e-05,0.9997007112862095
Gray-Scott reaction-diffusion,maze,A,settled,radial,41,3.7551023706245775e-05,0.9997382623099157
Gray-Scott reaction-diffusion,maze,A,settled,radial,42,4.4714672723954395e-05,0.9997829769826396
Gray-Scott reaction-diffusion,maze,A,settled,radial,43,5.325932045383684e-05,0.9998362363030935
Gray-Scott reaction-diffusion,maze,A,settled,radial,44,5.031850454552939e-05,0.999886554807639
Gray-Scott reaction-diffusion,maze,A,settled,radial,45,3.846100674019496e-05,0.9999250158143792
Gray-Scott reaction-diffusion,maze,A,settled,radial,46,2.8988967827318963e-05,0.9999540047822065
Gray-Scott reaction-diffusion,maze,A,settled,radial,47,1.7880940664992614e-05,0.9999718857228715
Gray-Scott reaction-diffusion,maze,A,settled,radial,48,1.0780915002545874e-05,0.9999826666378742
Gray-Scott reaction-diffusion,maze,A,settled,radial,49,5.499274202695716e-06,0.9999881659120768
Gray-Scott reaction-diffusion,maze,A,settled,radial,50,3.39750583905783e-06,0.999991563417916
Gray-Scott reaction-diffusion,maze,A,settled,radial,51,1.8935865177398169e-06,0.9999934570044337
Gray-Scott reaction-diffusion,maze,A,settled,radial,52,1.2423181971691739e-06,0.9999946993226307
Gray-Scott reaction-diffusion,maze,A,settled,radial,53,9.716255116380761e-07,0.9999956709481423
Gray-Scott reaction-diffusion,maze,A,settled,radial,54,6.982227625874884e-07,0.999996369170905
Gray-Scott reaction-diffusion,maze,A,settled,radial,55,6.679942445277768e-07,0.9999970371651494
Gray-Scott reaction-diffusion,maze,A,settled,radial,56,5.241912951913939e-07,0.9999975613564447
Gray-Scott reaction-diffusion,maze,A,settled,radial,57,4.706002661757843e-07,0.9999980319567109
Gray-Scott reaction-diffusion,maze,A,settled,radial,58,4.70863467921302e-07,0.9999985028201788
Gray-Scott reaction-diffusion,maze,A,settled,radial,59,3.8506641199086184e-07,0.9999988878865907
Gray-Scott reaction-diffusion,maze,A,settled,radial,60,3.18980487554226e-07,0.9999992068670783
Gray-Scott reaction-diffusion,maze,A,settled,radial,61,2.3642151157809747e-07,0.9999994432885899
Gray-Scott reaction-diffusion,maze,A,settled,radial,62,1.6746039484766644e-07,0.9999996107489847
Gray-Scott reaction-diffusion,maze,A,settled,radial,63,1.2939479867021208e-07,0.9999997401437833
Gray-Scott reaction-diffusion,maze,A,settled,radial,64,8.197428948391138e-08,0.9999998221180728
Gray-Scott reaction-diffusion,maze,A,settled,radial,65,5.0908652111065135e-08,0.9999998730267249
Gray-Scott reaction-diffusion,maze,A,settled,radial,66,3.2683624627732235e-08,0.9999999057103496
Gray-Scott reaction-diffusion,maze,A,settled,radial,67,2.4272444644856033e-08,0.9999999299827942
Gray-Scott reaction-diffusion,maze,A,settled,radial,68,2.0832088919073373e-08,0.9999999508148831
Gray-Scott reaction-diffusion,maze,A,settled,radial,69,1.3876666856908986e-08,0.9999999646915501
Gray-Scott reaction-diffusion,maze,A,settled,radial,70,1.00954017766038e-08,0.9999999747869519
Gray-Scott reaction-diffusion,maze,A,settled,radial,71,9.280927249147932e-09,0.999999984067879
Gray-Scott reaction-diffusion,maze,A,settled,radial,72,8.140154185103253e-09,0.9999999922080333
Gray-Scott reaction-diffusion,maze,A,settled,radial,73,4.084738507173363e-09,0.9999999962927718
Gray-Scott reaction-diffusion,maze,A,settled,radial,74,2.722392785682276e-09,0.9999999990151646
Gray-Scott reaction-diffusion,maze,A,settled,radial,75,7.120382684859217e-10,0.9999999997272028
Gray-Scott reaction-diffusion,maze,A,settled,radial,76,2.7279669869629683e-10,0.9999999999999994
Gray-Scott reaction-diffusion,maze,A,settled,radial,77,7.223771414694567e-17,0.9999999999999996
Gray-Scott reaction-diffusion,maze,A,settled,radial,78,5.317630164997384e-17,0.9999999999999996
Gray-Scott reaction-diffusion,maze,A,settled,radial,79,5.653625300145584e-17,0.9999999999999997
Gray-Scott reaction-diffusion,maze,A,settled,radial,80,4.639563713060793e-17,0.9999999999999997
Gray-Scott reaction-diffusion,maze,A,settled,radial,81,3.493095461039977e-17,0.9999999999999997
Gray-Scott reaction-diffusion,maze,A,settled,radial,82,4.813536259621124e-17,0.9999999999999997
Gray-Scott reaction-diffusion,maze,A,settled,radial,83,2.3994667249712597e-17,0.9999999999999997
Gray-Scott reaction-diffusion,maze,A,settled,radial,84,3.4741662406345966e-17,0.9999999999999997
Gray-Scott reaction-diffusion,maze,A,settled,radial,85,1.7386597078553752e-17,0.9999999999999997
Gray-Scott reaction-diffusion,maze,A,settled,radial,86,1.759430029211555e-17,0.9999999999999997
Gray-Scott reaction-diffusion,maze,A,settled,radial,87,1.491940042300177e-17,0.9999999999999997
Gray-Scott reaction-diffusion,maze,A,settled,radial,88,6.525623910054589e-18,0.9999999999999997
Gray-Scott reaction-diffusion,maze,A,settled,radial,89,6.4979123563979155e-18,0.9999999999999997
Gray-Scott reaction-diffusion,maze,A,settled,radial,90,5.48175523734239e-19,0.9999999999999997
Gray-Scott reaction-diffusion,maze,A,settled,box,1,0.00011973825870508125,0.00011973825870508125
Gray-Scott reaction-diffusion,maze,A,settled,box,2,0.00027465764954711036,0.0003943959082521916
Gray-Scott reaction-diffusion,maze,A,settled,box,3,0.00038429061767430913,0.0007786865259265007
Gray-Scott reaction-diffusion,maze,A,settled,box,4,0.0005054482063499996,0.0012841347322765004
Gray-Scott reaction-diffusion,maze,A,settled,box,5,0.0011691132325428995,0.0024532479648193997
Gray-Scott reaction-diffusion,maze,A,settled,box,6,0.0013706909154342004,0.0038239388802536003
Gray-Scott reaction-diffusion,maze,A,settled,box,7,0.0033849258303270974,0.007208864710580697
Gray-Scott reaction-diffusion,maze,A,settled,box,8,0.006116791499936481,0.01332565621051718
Gray-Scott reaction-diffusion,maze,A,settled,box,9,0.01926970946810276,0.03259536567861994
Gray-Scott reaction-diffusion,maze,A,settled,box,10,0.055392832264151946,0.08798819794277188
Gray-Scott reaction-diffusion,maze,A,settled,box,11,0.12838455975989033,0.2163727577026622
Gray-Scott reaction-diffusion,maze,A,settled,box,12,0.17441312650789537,0.39078588421055754
Gray-Scott reaction-diffusion,maze,A,settled,box,13,0.20036987797022357,0.5911557621807811
Gray-Scott reaction-diffusion,maze,A,settled,box,14,0.17981014728907405,0.7709659094698551
Gray-Scott reaction-diffusion,maze,A,settled,box,15,0.13032336303878006,0.9012892725086352
Gray-Scott reaction-diffusion,maze,A,settled,box,16,0.05893880721774541,0.9602280797263806
Gray-Scott reaction-diffusion,maze,A,settled,box,17,0.023806701129184357,0.984034780855565
Gray-Scott reaction-diffusion,maze,A,settled,box,18,0.008787958268043381,0.9928227391236083
Gray-Scott reaction-diffusion,maze,A,settled,box,19,0.002625980028172918,0.9954487191517811
Gray-Scott reaction-diffusion,maze,A,settled,box,20,0.0015924177407994516,0.9970411368925806
Gray-Scott reaction-diffusion,maze,A,settled,box,21,0.0008259705150735027,0.997867107407654
Gray-Scott reaction-diffusion,maze,A,settled,box,22,0.0004586216986216261,0.9983257291062757
Gray-Scott reaction-diffusion,maze,A,settled,box,23,0.00033313888119101097,0.9986588679874666
Gray-Scott reaction-diffusion,maze,A,settled,box,24,0.00021585644009116883,0.9988747244275578
Gray-Scott reaction-diffusion,maze,A,settled,box,25,0.0001632282373912174,0.999037952664949
Gray-Scott reaction-diffusion,maze,A,settled,box,26,0.00013548127367321618,0.9991734339386222
Gray-Scott reaction-diffusion,maze,A,settled,box,27,9.997906213865198e-05,0.9992734130007609
Gray-Scott reaction-diffusion,maze,A,settled,box,28,8.825181993300953e-05,0.9993616648206939
Gray-Scott reaction-diffusion,maze,A,settled,box,29,7.609894037220476e-05,0.9994377637610661
Gray-Scott reaction-diffusion,maze,A,settled,box,30,5.8877939107302047e-05,0.9994966417001734
Gray-Scott reaction-diffusion,maze,A,settled,box,31,4.6964910457591046e-05,0.999543606610631
Gray-Scott reaction-diffusion,maze,A,settled,box,32,4.563441315281221e-05,0.9995892410237838
Gray-Scott reaction-diffusion,maze,A,settled,box,33,4.073100959360398e-05,0.9996299720333774
Gray-Scott reaction-diffusion,maze,A,settled,box,34,3.777251552462555e-05,0.9996677445489021
Gray-Scott reaction-diffusion,maze,A,settled,box,35,3.4982154476776685e-05,0.9997027267033789
Gray-Scott reaction-diffusion,maze,A,settled,box,36,2.9242495599185492e-05,0.999731969198978
Gray-Scott reaction-diffusion,maze,A,settled,box,37,2.8827826182417574e-05,0.9997607970251604
Gray-Scott reaction-diffusion,maze,A,settled,box,38,2.9232210363687418e-05,0.9997900292355241
Gray-Scott reaction-diffusion,maze,A,settled,box,39,3.338031016099228e-05,0.999823409545685
Gray-Scott reaction-diffusion,maze,A,settled,box,40,3.0797945206688665e-05,0.9998542074908917
Gray-Scott reaction-diffusion,maze,A,settled,box,41,3.074277730163072e-05,0.9998849502681934
Gray-Scott reaction-diffusion,maze,A,settled,box,42,2.882880322308785e-05,0.9999137790714164
Gray-Scott reaction-diffusion,maze,A,settled,box,43,2.269345995821738e-05,0.9999364725313746
Gray-Scott reaction-diffusion,maze,A,settled,box,44,1.951443813600245e-05,0.9999559869695106
Gray-Scott reaction-diffusion,maze,A,settled,box,45,1.545151981154433e-05,0.9999714384893222
Gray-Scott reaction-diffusion,maze,A,settled,box,46,1.10120918617953e-05,0.999982450581184
Gray-Scott reaction-diffusion,maze,A,settled,box,47,5.981785568656058e-06,0.9999884323667527
Gray-Scott reaction-diffusion,maze,A,settled,box,48,3.7264852950416507e-06,0.9999921588520477
Gray-Scott reaction-diffusion,maze,A,settled,box,49,2.1570376562331188e-06,0.999994315889704
Gray-Scott reaction-diffusion,maze,A,settled,box,50,1.3371177539991605e-06,0.999995653007458
Gray-Scott reaction-diffusion,maze,A,settled,box,51,8.859005189577965e-07,0.9999965389079769
Gray-Scott reaction-diffusion,maze,A,settled,box,52,6.76819245528883e-07,0.9999972157272224
Gray-Scott reaction-diffusion,maze,A,settled,box,53,5.35292571007025e-07,0.9999977510197934
Gray-Scott reaction-diffusion,maze,A,settled,box,54,4.281609889821314e-07,0.9999981791807824
Gray-Scott reaction-diffusion,maze,A,settled,box,55,3.965020620181963e-07,0.9999985756828443
Gray-Scott reaction-diffusion,maze,A,settled,box,56,3.041319844497201e-07,0.9999988798148287
Gray-Scott reaction-diffusion,maze,A,settled,box,57,2.579176954180606e-07,0.9999991377325242
Gray-Scott reaction-diffusion,maze,A,settled,box,58,2.2336925039718233e-07,0.9999993611017747
Gray-Scott reaction-diffusion,maze,A,settled,box,59,1.7474046580297268e-07,0.9999995358422404
Gray-Scott reaction-diffusion,maze,A,settled,box,60,1.437651997712167e-07,0.9999996796074403
Gray-Scott reaction-diffusion,maze,A,settled,box,61,1.1595194639903592e-07,0.9999997955593868
Gray-Scott reaction-diffusion,maze,A,settled,box,62,9.407635047621442e-08,0.9999998896357372
Gray-Scott reaction-diffusion,maze,A,settled,box,63,7.643212259911752e-08,0.9999999660678597
Gray-Scott reaction-diffusion,maze,A,settled,box,64,3.393213983072378e-08,0.9999999999999996
Gray-Scott reaction-diffusion,maze,B,full,radial,1,0.006076235790716402,0.006076235790716402
Gray-Scott reaction-diffusion,maze,B,full,radial,2,0.008485975261292838,0.01456221105200924
Gray-Scott reaction-diffusion,maze,B,full,radial,3,0.004959228248362267,0.019521439300371507
Gray-Scott reaction-diffusion,maze,B,full,radial,4,0.004450129852432645,0.023971569152804153
Gray-Scott reaction-diffusion,maze,B,full,radial,5,0.007725512935785753,0.03169708208858991
Gray-Scott reaction-diffusion,maze,B,full,radial,6,0.0060329803584938295,0.03773006244708373
Gray-Scott reaction-diffusion,maze,B,full,radial,7,0.009094381565333967,0.046824444012417706
Gray-Scott reaction-diffusion,maze,B,full,radial,8,0.010841189656948438,0.05766563366936614
Gray-Scott reaction-diffusion,maze,B,full,radial,9,0.011349867967320217,0.06901550163668636
Gray-Scott reaction-diffusion,maze,B,full,radial,10,0.01831587141073531,0.08733137304742168
Gray-Scott reaction-diffusion,maze,B,full,radial,11,0.026578029839218777,0.11390940288664045
Gray-Scott reaction-diffusion,maze,B,full,radial,12,0.0695688979175939,0.18347830080423436
Gray-Scott reaction-diffusion,maze,B,full,radial,13,0.15530807901175478,0.33878637981598914
Gray-Scott reaction-diffusion,maze,B,full,radial,14,0.2428258881329043,0.5816122679488934
Gray-Scott reaction-diffusion,maze,B,full,radial,15,0.19934833225469345,0.7809606002035868
Gray-Scott reaction-diffusion,maze,B,full,radial,16,0.10673319163331337,0.8876937918369002
Gray-Scott reaction-diffusion,maze,B,full,radial,17,0.05846676796018118,0.9461605597970814
Gray-Scott reaction-diffusion,maze,B,full,radial,18,0.022478838903026013,0.9686393987001073
Gray-Scott reaction-diffusion,maze,B,full,radial,19,0.009523026850315894,0.9781624255504232
Gray-Scott reaction-diffusion,maze,B,full,radial,20,0.00581991197207595,0.9839823375224992
Gray-Scott reaction-diffusion,maze,B,full,radial,21,0.003864333358191428,0.9878466708806907
Gray-Scott reaction-diffusion,maze,B,full,radial,22,0.0021951643984249895,0.9900418352791157
Gray-Scott reaction-diffusion,maze,B,full,radial,23,0.0015345990920172382,0.991576434371133
Gray-Scott reaction-diffusion,maze,B,full,radial,24,0.0011405622869376702,0.9927169966580707
Gray-Scott reaction-diffusion,maze,B,full,radial,25,0.0009481863270058322,0.9936651829850766
Gray-Scott reaction-diffusion,maze,B,full,radial,26,0.0007886336468764297,0.994453816631953
Gray-Scott reaction-diffusion,maze,B,full,radial,27,0.0006019418853960651,0.995055758517349
Gray-Scott reaction-diffusion,maze,B,full,radial,28,0.0005323374373914454,0.9955880959547404
Gray-Scott reaction-diffusion,maze,B,full,radial,29,0.0005195693145023514,0.9961076652692428
Gray-Scott reaction-diffusion,maze,B,full,radial,30,0.0004034296288293723,0.9965110948980722
Gray-Scott reaction-diffusion,maze,B,full,radial,31,0.0003603385895494287,0.9968714334876216
Gray-Scott reaction-diffusion,maze,B,full,radial,32,0.0002894696017634224,0.9971609030893851
Gray-Scott reaction-diffusion,maze,B,full,radial,33,0.0002398350593430005,0.997400738148728
Gray-Scott reaction-diffusion,maze,B,full,radial,34,0.00021758363156842091,0.9976183217802965
Gray-Scott reaction-diffusion,maze,B,full,radial,35,0.000167097809380387,0.9977854195896768
Gray-Scott reaction-diffusion,maze,B,full,radial,36,0.00016661285647662642,0.9979520324461535
Gray-Scott reaction-diffusion,maze,B,full,radial,37,0.00015132056662035465,0.9981033530127739
Gray-Scott reaction-diffusion,maze,B,full,radial,38,0.00016173146006859013,0.9982650844728425
Gray-Scott reaction-diffusion,maze,B,full,radial,39,0.00015666337349185021,0.9984217478463343
Gray-Scott reaction-diffusion,maze,B,full,radial,40,0.0001661972101625357,0.9985879450564968
Gray-Scott reaction-diffusion,maze,B,full,radial,41,0.00020108081570768444,0.9987890258722045
Gray-Scott reaction-diffusion,maze,B,full,radial,42,0.00021789692266660393,0.9990069227948711
Gray-Scott reaction-diffusion,maze,B,full,radial,43,0.00023819564515746374,0.9992451184400285
Gray-Scott reaction-diffusion,maze,B,full,radial,44,0.00020956124529919243,0.9994546796853278
Gray-Scott reaction-diffusion,maze,B,full,radial,45,0.0001648857790419317,0.9996195654643697
Gray-Scott reaction-diffusion,maze,B,full,radial,46,0.00012601484216626026,0.9997455803065359
Gray-Scott reaction-diffusion,maze,B,full,radial,47,8.15988324473188e-05,0.9998271791389833
Gray-Scott reaction-diffusion,maze,B,full,radial,48,5.37597179554116e-05,0.9998809388569387
Gray-Scott reaction-diffusion,maze,B,full,radial,49,3.040788676700201e-05,0.9999113467437057
Gray-Scott reaction-diffusion,maze,B,full,radial,50,2.1740980365789995e-05,0.9999330877240715
Gray-Scott reaction-diffusion,maze,B,full,radial,51,1.3675804833317485e-05,0.9999467635289049
Gray-Scott reaction-diffusion,maze,B,full,radial,52,9.611632889543199e-06,0.9999563751617945
Gray-Scott reaction-diffusion,maze,B,full,radial,53,8.030775407404773e-06,0.9999644059372018
Gray-Scott reaction-diffusion,maze,B,full,radial,54,5.8387429788654495e-06,0.9999702446801807
Gray-Scott reaction-diffusion,maze,B,full,radial,55,5.555888524424322e-06,0.9999758005687052
Gray-Scott reaction-diffusion,maze,B,full,radial,56,4.272318663691717e-06,0.9999800728873688
Gray-Scott reaction-diffusion,maze,B,full,radial,57,3.8008243644215344e-06,0.9999838737117331
Gray-Scott reaction-diffusion,maze,B,full,radial,58,3.4625081655069257e-06,0.9999873362198988
Gray-Scott reaction-diffusion,maze,B,full,radial,59,2.888196041514749e-06,0.9999902244159402
Gray-Scott reaction-diffusion,maze,B,full,radial,60,2.433332639148095e-06,0.9999926577485794
Gray-Scott reaction-diffusion,maze,B,full,radial,61,1.915662189759458e-06,0.9999945734107691
Gray-Scott reaction-diffusion,maze,B,full,radial,62,1.4873037286299176e-06,0.9999960607144978
Gray-Scott reaction-diffusion,maze,B,full,radial,63,1.2235700193433766e-06,0.9999972842845171
Gray-Scott reaction-diffusion,maze,B,full,radial,64,8.34009029266855e-07,0.9999981182935463
Gray-Scott reaction-diffusion,maze,B,full,radial,65,5.393379581923696e-07,0.9999986576315046
Gray-Scott reaction-diffusion,maze,B,full,radial,66,3.5855614675566583e-07,0.9999990161876514
Gray-Scott reaction-diffusion,maze,B,full,radial,67,2.839612500764668e-07,0.9999993001489015
Gray-Scott reaction-diffusion,maze,B,full,radial,68,2.235835477646289e-07,0.9999995237324493
Gray-Scott reaction-diffusion,maze,B,full,radial,69,1.480362627888436e-07,0.9999996717687121
Gray-Scott reaction-diffusion,maze,B,full,radial,70,9.964416701315618e-08,0.999999771412879
Gray-Scott reaction-diffusion,maze,B,full,radial,71,9.079509091259986e-08,0.9999998622079699
Gray-Scott reaction-diffusion,maze,B,full,radial,72,6.730709259217432e-08,0.9999999295150624
Gray-Scott reaction-diffusion,maze,B,full,radial,73,3.640945678416525e-08,0.9999999659245192
Gray-Scott reaction-diffusion,maze,B,full,radial,74,2.3907362100678703e-08,0.9999999898318812
Gray-Scott reaction-diffusion,maze,B,full,radial,75,7.643380941859564e-09,0.9999999974752622
Gray-Scott reaction-diffusion,maze,B,full,radial,76,2.5247376186215766e-09,0.9999999999999999
Gray-Scott reaction-diffusion,maze,B,full,radial,77,2.194731746829135e-17,0.9999999999999999
Gray-Scott reaction-diffusion,maze,B,full,radial,78,1.609047860119743e-17,0.9999999999999999
Gray-Scott reaction-diffusion,maze,B,full,radial,79,1.7414727860555815e-17,0.9999999999999999
Gray-Scott reaction-diffusion,maze,B,full,radial,80,1.4034286186169442e-17,0.9999999999999999
Gray-Scott reaction-diffusion,maze,B,full,radial,81,1.0748637339675738e-17,0.9999999999999999
Gray-Scott reaction-diffusion,maze,B,full,radial,82,1.481627393623015e-17,0.9999999999999999
Gray-Scott reaction-diffusion,maze,B,full,radial,83,7.455115189663273e-18,0.9999999999999999
Gray-Scott reaction-diffusion,maze,B,full,radial,84,1.0669789621275358e-17,0.9999999999999999
Gray-Scott reaction-diffusion,maze,B,full,radial,85,5.4013370678306036e-18,0.9999999999999999
Gray-Scott reaction-diffusion,maze,B,full,radial,86,5.296949371197277e-18,0.9999999999999999
Gray-Scott reaction-diffusion,maze,B,full,radial,87,4.660390368027098e-18,0.9999999999999999
Gray-Scott reaction-diffusion,maze,B,full,radial,88,2.0062591263899544e-18,0.9999999999999999
Gray-Scott reaction-diffusion,maze,B,full,radial,89,1.9967513782398753e-18,0.9999999999999999
Gray-Scott reaction-diffusion,maze,B,full,radial,90,1.716173254461186e-19,0.9999999999999999
Gray-Scott reaction-diffusion,maze,B,full,box,1,0.006076235790716404,0.006076235790716404
Gray-Scott reaction-diffusion,maze,B,full,box,2,0.00848597526129284,0.014562211052009243
Gray-Scott reaction-diffusion,maze,B,full,box,3,0.005599085794609732,0.020161296846618975
Gray-Scott reaction-diffusion,maze,B,full,box,4,0.006018989901110404,0.02618028674772938
Gray-Scott reaction-diffusion,maze,B,full,box,5,0.007561874689461798,0.03374216143719118
Gray-Scott reaction-diffusion,maze,B,full,box,6,0.008203715018714646,0.04194587645590582
Gray-Scott reaction-diffusion,maze,B,full,box,7,0.011486734027975233,0.05343261048388106
Gray-Scott reaction-diffusion,maze,B,full,box,8,0.013951436099625554,0.06738404658350662
Gray-Scott reaction-diffusion,maze,B,full,box,9,0.027378698860342113,0.09476274544384873
Gray-Scott reaction-diffusion,maze,B,full,box,10,0.05699507016845399,0.1517578156123027
Gray-Scott reaction-diffusion,maze,B,full,box,11,0.11640697132558486,0.2681647869378876
Gray-Scott reaction-diffusion,maze,B,full,box,12,0.1502932496856534,0.418458036623541
Gray-Scott reaction-diffusion,maze,B,full,box,13,0.17496883569890634,0.5934268723224473
Gray-Scott reaction-diffusion,maze,B,full,box,14,0.15964790261322795,0.7530747749356752
Gray-Scott reaction-diffusion,maze,B,full,box,15,0.1207653595168507,0.873840134452526
Gray-Scott reaction-diffusion,maze,B,full,box,16,0.06210380023224797,0.9359439346847739
Gray-Scott reaction-diffusion,maze,B,full,box,17,0.029609507345041544,0.9655534420298155
Gray-Scott reaction-diffusion,maze,B,full,box,18,0.013104691080143983,0.9786581331099595
Gray-Scott reaction-diffusion,maze,B,full,box,19,0.005968517804072408,0.9846266509140319
Gray-Scott reaction-diffusion,maze,B,full,box,20,0.0037157608643933852,0.9883424117784253
Gray-Scott reaction-diffusion,maze,B,full,box,21,0.0025239633354656294,0.990866375113891
Gray-Scott reaction-diffusion,maze,B,full,box,22,0.001488304400927903,0.9923546795148189
Gray-Scott reaction-diffusion,maze,B,full,box,23,0.0012074109781582895,0.9935620904929772
Gray-Scott reaction-diffusion,maze,B,full,box,24,0.0008565411582924967,0.9944186316512696
Gray-Scott reaction-diffusion,maze,B,full,box,25,0.000693080088170194,0.9951117117394398
Gray-Scott reaction-diffusion,maze,B,full,box,26,0.0005931908538115709,0.9957049025932515
Gray-Scott reaction-diffusion,maze,B,full,box,27,0.0004905270123963129,0.9961954296056478
Gray-Scott reaction-diffusion,maze,B,full,box,28,0.0004299507522719885,0.9966253803579198
Gray-Scott reaction-diffusion,maze,B,full,box,29,0.000376925681332252,0.9970023060392521
Gray-Scott reaction-diffusion,maze,B,full,box,30,0.00031457584260812736,0.9973168818818602
Gray-Scott reaction-diffusion,maze,B,full,box,31,0.0002709055506179938,0.9975877874324782
Gray-Scott reaction-diffusion,maze,B,full,box,32,0.0002542760297416052,0.9978420634622197
Gray-Scott reaction-diffusion,maze,B,full,box,33,0.00022708364867782453,0.9980691471108976
Gray-Scott reaction-diffusion,maze,B,full,box,34,0.00021260640220671238,0.9982817535131043
Gray-Scott reaction-diffusion,maze,B,full,box,35,0.00019844481641777663,0.9984801983295222
Gray-Scott reaction-diffusion,maze,B,full,box,36,0.0001730172057563245,0.9986532155352784
Gray-Scott reaction-diffusion,maze,B,full,box,37,0.00016293310217567266,0.998816148637454
Gray-Scott reaction-diffusion,maze,B,full,box,38,0.00015892408031813177,0.9989750727177723
Gray-Scott reaction-diffusion,maze,B,full,box,39,0.00016419695659123634,0.9991392696743635
Gray-Scott reaction-diffusion,maze,B,full,box,40,0.00015337827843871216,0.9992926479528021
Gray-Scott reaction-diffusion,maze,B,full,box,41,0.00013948906045686943,0.9994321370132591
Gray-Scott reaction-diffusion,maze,B,full,box,42,0.0001325304836767703,0.9995646674969358
Gray-Scott reaction-diffusion,maze,B,full,box,43,0.00010826843495671821,0.9996729359318925
Gray-Scott reaction-diffusion,maze,B,full,box,44,9.365247927151994e-05,0.9997665884111641
Gray-Scott reaction-diffusion,maze,B,full,box,45,7.103415907377886e-05,0.9998376225702378
Gray-Scott reaction-diffusion,maze,B,full,box,46,5.093959672336056e-05,0.9998885621669611
Gray-Scott reaction-diffusion,maze,B,full,box,47,3.177585829935681e-05,0.9999203380252604
Gray-Scott reaction-diffusion,maze,B,full,box,48,2.0962362145493305e-05,0.9999413003874058
Gray-Scott reaction-diffusion,maze,B,full,box,49,1.350757331961266e-05,0.9999548079607254
Gray-Scott reaction-diffusion,maze,B,full,box,50,9.610574269368996e-06,0.9999644185349948
Gray-Scott reaction-diffusion,maze,B,full,box,51,6.975014018122763e-06,0.9999713935490129
Gray-Scott reaction-diffusion,maze,B,full,box,52,5.444958962678666e-06,0.9999768385079756
Gray-Scott reaction-diffusion,maze,B,full,box,53,4.303801241432482e-06,0.999981142309217
Gray-Scott reaction-diffusion,maze,B,full,box,54,3.5049426069776152e-06,0.9999846472518239
Gray-Scott reaction-diffusion,maze,B,full,box,55,3.0149247695349213e-06,0.9999876621765934
Gray-Scott reaction-diffusion,maze,B,full,box,56,2.471888108505324e-06,0.9999901340647019
Gray-Scott reaction-diffusion,maze,B,full,box,57,2.076015650722949e-06,0.9999922100803527
Gray-Scott reaction-diffusion,maze,B,full,box,58,1.8328838917210308e-06,0.9999940429642444
Gray-Scott reaction-diffusion,maze,B,full,box,59,1.4845663929935523e-06,0.9999955275306375
Gray-Scott reaction-diffusion,maze,B,full,box,60,1.295051657520792e-06,0.999996822582295
Gray-Scott reaction-diffusion,maze,B,full,box,61,1.0660244408661526e-06,0.999997888606736
Gray-Scott reaction-diffusion,maze,B,full,box,62,9.221814443123621e-07,0.9999988107881802
Gray-Scott reaction-diffusion,maze,B,full,box,63,8.11677237457811e-07,0.9999996224654176
Gray-Scott reaction-diffusion,maze,B,full,box,64,3.775345823340746e-07,1.0
Gray-Scott reaction-diffusion,maze,B,train,radial,1,0.05477247548629704,0.05477247548629704
Gray-Scott reaction-diffusion,maze,B,train,radial,2,0.08783746739481632,0.14260994288111337
Gray-Scott reaction-diffusion,maze,B,train,radial,3,0.054183621643305126,0.19679356452441849
Gray-Scott reaction-diffusion,maze,B,train,radial,4,0.046268291041112346,0.24306185556553084
Gray-Scott reaction-diffusion,maze,B,train,radial,5,0.07536559670842626,0.31842745227395713
Gray-Scott reaction-diffusion,maze,B,train,radial,6,0.05552912493687387,0.373956577210831
Gray-Scott reaction-diffusion,maze,B,train,radial,7,0.07485166666632619,0.4488082438771572
Gray-Scott reaction-diffusion,maze,B,train,radial,8,0.0742963549384605,0.5231045988156177
Gray-Scott reaction-diffusion,maze,B,train,radial,9,0.06252276011463286,0.5856273589302504
Gray-Scott reaction-diffusion,maze,B,train,radial,10,0.07228136846805389,0.6579087273983043
Gray-Scott reaction-diffusion,maze,B,train,radial,11,0.05663438750210435,0.7145431149004087
Gray-Scott reaction-diffusion,maze,B,train,radial,12,0.06118444893722408,0.7757275638376327
Gray-Scott reaction-diffusion,maze,B,train,radial,13,0.05768763021155923,0.833415194049192
Gray-Scott reaction-diffusion,maze,B,train,radial,14,0.03599573740094182,0.8694109314501338
Gray-Scott reaction-diffusion,maze,B,train,radial,15,0.02917608419717577,0.8985870156473096
Gray-Scott reaction-diffusion,maze,B,train,radial,16,0.02048945567078758,0.9190764713180971
Gray-Scott reaction-diffusion,maze,B,train,radial,17,0.017587331128738008,0.9366638024468352
Gray-Scott reaction-diffusion,maze,B,train,radial,18,0.012902436333436115,0.9495662387802712
Gray-Scott reaction-diffusion,maze,B,train,radial,19,0.009122695893614897,0.9586889346738862
Gray-Scott reaction-diffusion,maze,B,train,radial,20,0.00733053590591319,0.9660194705797994
Gray-Scott reaction-diffusion,maze,B,train,radial,21,0.006284623831267655,0.972304094411067
Gray-Scott reaction-diffusion,maze,B,train,radial,22,0.004140411060366837,0.9764445054714339
Gray-Scott reaction-diffusion,maze,B,train,radial,23,0.0032960999343922114,0.9797406054058262
Gray-Scott reaction-diffusion,maze,B,train,radial,24,0.00286218549047878,0.982602790896305
Gray-Scott reaction-diffusion,maze,B,train,radial,25,0.002697639085598907,0.9853004299819038
Gray-Scott reaction-diffusion,maze,B,train,radial,26,0.0022946950755351235,0.987595125057439
Gray-Scott reaction-diffusion,maze,B,train,radial,27,0.0016974452364306018,0.9892925702938696
Gray-Scott reaction-diffusion,maze,B,train,radial,28,0.0014796599581443502,0.9907722302520139
Gray-Scott reaction-diffusion,maze,B,train,radial,29,0.001428687366218606,0.9922009176182325
Gray-Scott reaction-diffusion,maze,B,train,radial,30,0.001122816597063186,0.9933237342152956
Gray-Scott reaction-diffusion,maze,B,train,radial,31,0.0011141484414354834,0.9944378826567312
Gray-Scott reaction-diffusion,maze,B,train,radial,32,0.0009134696321110665,0.9953513522888421
Gray-Scott reaction-diffusion,maze,B,train,radial,33,0.0007639393216515106,0.9961152916104936
Gray-Scott reaction-diffusion,maze,B,train,radial,34,0.0006593446133057896,0.9967746362237995
Gray-Scott reaction-diffusion,maze,B,train,radial,35,0.0005028679686522157,0.9972775041924516
Gray-Scott reaction-diffusion,maze,B,train,radial,36,0.0004576830032449781,0.9977351871956965
Gray-Scott reaction-diffusion,maze,B,train,radial,37,0.0003678245717802019,0.9981030117674767
Gray-Scott reaction-diffusion,maze,B,train,radial,38,0.0003472843901806581,0.9984502961576573
Gray-Scott reaction-diffusion,maze,B,train,radial,39,0.00026621590385969215,0.9987165120615171
Gray-Scott reaction-diffusion,maze,B,train,radial,40,0.0002037531564923141,0.9989202652180094
Gray-Scott reaction-diffusion,maze,B,train,radial,41,0.0001920669867344758,0.9991123322047437
Gray-Scott reaction-diffusion,maze,B,train,radial,42,0.00014545589281539408,0.999257788097559
Gray-Scott reaction-diffusion,maze,B,train,radial,43,0.00012989605792469426,0.9993876841554838
Gray-Scott reaction-diffusion,maze,B,train,radial,44,0.00010548546258781745,0.9994931696180717
Gray-Scott reaction-diffusion,maze,B,train,radial,45,7.639363976679369e-05,0.9995695632578384
Gray-Scott reaction-diffusion,maze,B,train,radial,46,7.198222956179243e-05,0.9996415454874001
Gray-Scott reaction-diffusion,maze,B,train,radial,47,5.761354630192061e-05,0.999699159033702
Gray-Scott reaction-diffusion,maze,B,train,radial,48,4.9078742301169154e-05,0.9997482377760032
Gray-Scott reaction-diffusion,maze,B,train,radial,49,3.951758586720042e-05,0.9997877553618705
Gray-Scott reaction-diffusion,maze,B,train,radial,50,3.6294359899425124e-05,0.99982404972177
Gray-Scott reaction-diffusion,maze,B,train,radial,51,2.8223951113372387e-05,0.9998522736728834
Gray-Scott reaction-diffusion,maze,B,train,radial,52,2.289344611084088e-05,0.9998751671189944
Gray-Scott reaction-diffusion,maze,B,train,radial,53,2.1880230826935423e-05,0.9998970473498213
Gray-Scott reaction-diffusion,maze,B,train,radial,54,1.592309516288881e-05,0.9999129704449842
Gray-Scott reaction-diffusion,maze,B,train,radial,55,1.5365361482382658e-05,0.9999283358064666
Gray-Scott reaction-diffusion,maze,B,train,radial,56,1.1695873123366534e-05,0.9999400316795899
Gray-Scott reaction-diffusion,maze,B,train,radial,57,1.0644986131195324e-05,0.9999506766657211
Gray-Scott reaction-diffusion,maze,B,train,radial,58,9.099195652175729e-06,0.9999597758613733
Gray-Scott reaction-diffusion,maze,B,train,radial,59,7.717471938364557e-06,0.9999674933333116
Gray-Scott reaction-diffusion,maze,B,train,radial,60,6.7053590824143836e-06,0.999974198692394
Gray-Scott reaction-diffusion,maze,B,train,radial,61,6.0497018700959156e-06,0.999980248394264
Gray-Scott reaction-diffusion,maze,B,train,radial,62,4.937966115417779e-06,0.9999851863603794
Gray-Scott reaction-diffusion,maze,B,train,radial,63,4.376040167444589e-06,0.9999895624005468
Gray-Scott reaction-diffusion,maze,B,train,radial,64,3.2394410783696045e-06,0.9999928018416252
Gray-Scott reaction-diffusion,maze,B,train,radial,65,2.1134825610924442e-06,0.9999949153241864
Gray-Scott reaction-diffusion,maze,B,train,radial,66,1.4275369669485047e-06,0.9999963428611534
Gray-Scott reaction-diffusion,maze,B,train,radial,67,1.208295543230649e-06,0.9999975511566965
Gray-Scott reaction-diffusion,maze,B,train,radial,68,8.498467297125652e-07,0.9999984010034263
Gray-Scott reaction-diffusion,maze,B,train,radial,69,5.341275328663697e-07,0.9999989351309592
Gray-Scott reaction-diffusion,maze,B,train,radial,70,3.538145297463954e-07,0.999999288945489
Gray-Scott reaction-diffusion,maze,B,train,radial,71,2.9564048359047474e-07,0.9999995845859726
Gray-Scott reaction-diffusion,maze,B,train,radial,72,1.9526191900999794e-07,0.9999997798478915
Gray-Scott reaction-diffusion,maze,B,train,radial,73,1.109564516386233e-07,0.9999998908043432
Gray-Scott reaction-diffusion,maze,B,train,radial,74,7.413792805989747e-08,0.9999999649422712
Gray-Scott reaction-diffusion,maze,B,train,radial,75,2.653348654697754e-08,0.9999999914757577
Gray-Scott reaction-diffusion,maze,B,train,radial,76,8.52424196452479e-09,0.9999999999999997
Gray-Scott reaction-diffusion,maze,B,train,radial,77,1.0656489636498291e-17,0.9999999999999997
Gray-Scott reaction-diffusion,maze,B,train,radial,78,8.118630207800199e-18,0.9999999999999997
Gray-Scott reaction-diffusion,maze,B,train,radial,79,8.573944190562684e-18,0.9999999999999997
Gray-Scott reaction-diffusion,maze,B,train,radial,80,6.995287631721301e-18,0.9999999999999997
Gray-Scott reaction-diffusion,maze,B,train,radial,81,5.169206454365711e-18,0.9999999999999997
Gray-Scott reaction-diffusion,maze,B,train,radial,82,7.59837598738389e-18,0.9999999999999997
Gray-Scott reaction-diffusion,maze,B,train,radial,83,3.6065298463559335e-18,0.9999999999999997
Gray-Scott reaction-diffusion,maze,B,train,radial,84,5.434530691647153e-18,0.9999999999999997
Gray-Scott reaction-diffusion,maze,B,train,radial,85,2.6619116425146827e-18,0.9999999999999997
Gray-Scott reaction-diffusion,maze,B,train,radial,86,2.509160286349149e-18,0.9999999999999997
Gray-Scott reaction-diffusion,maze,B,train,radial,87,2.275362000359516e-18,0.9999999999999997
Gray-Scott reaction-diffusion,maze,B,train,radial,88,9.111919252986676e-19,0.9999999999999997
Gray-Scott reaction-diffusion,maze,B,train,radial,89,8.579693436242281e-19,0.9999999999999997
Gray-Scott reaction-diffusion,maze,B,train,radial,90,8.104197410280343e-20,0.9999999999999997
Gray-Scott reaction-diffusion,maze,B,train,box,1,0.05477247548629705,0.05477247548629705
Gray-Scott reaction-diffusion,maze,B,train,box,2,0.08783746739481633,0.1426099428811134
Gray-Scott reaction-diffusion,maze,B,train,box,3,0.06077736155007288,0.20338730443118627
Gray-Scott reaction-diffusion,maze,B,train,box,4,0.06130500288534153,0.2646923073165278
Gray-Scott reaction-diffusion,maze,B,train,box,5,0.07159730364505261,0.3362896109615804
Gray-Scott reaction-diffusion,maze,B,train,box,6,0.0707000034846275,0.4069896144462079
Gray-Scott reaction-diffusion,maze,B,train,box,7,0.08613349094834044,0.49312310539454834
Gray-Scott reaction-diffusion,maze,B,train,box,8,0.07410544140394987,0.5672285467984982
Gray-Scott reaction-diffusion,maze,B,train,box,9,0.07053038598572556,0.6377589327842238
Gray-Scott reaction-diffusion,maze,B,train,box,10,0.06867506430760795,0.7064339970918316
Gray-Scott reaction-diffusion,maze,B,train,box,11,0.06403501102773723,0.770469008119569
Gray-Scott reaction-diffusion,maze,B,train,box,12,0.05129037247569606,0.821759380595265
Gray-Scott reaction-diffusion,maze,B,train,box,13,0.04462204853800537,0.8663814291332703
Gray-Scott reaction-diffusion,maze,B,train,box,14,0.03126231424036855,0.8976437433736388
Gray-Scott reaction-diffusion,maze,B,train,box,15,0.02379646328950203,0.9214402066631407
Gray-Scott reaction-diffusion,maze,B,train,box,16,0.016699874387609986,0.9381400810507509
Gray-Scott reaction-diffusion,maze,B,train,box,17,0.013421608458774823,0.9515616895095256
Gray-Scott reaction-diffusion,maze,B,train,box,18,0.009908560416086733,0.9614702499256123
Gray-Scott reaction-diffusion,maze,B,train,box,19,0.007452286152500737,0.9689225360781131
Gray-Scott reaction-diffusion,maze,B,train,box,20,0.005449765197369025,0.974372301275482
Gray-Scott reaction-diffusion,maze,B,train,box,21,0.004564071762173907,0.978936373037656
Gray-Scott reaction-diffusion,maze,B,train,box,22,0.0034691954718796434,0.9824055685095356
Gray-Scott reaction-diffusion,maze,B,train,box,23,0.0028704279854913483,0.985275996495027
Gray-Scott reaction-diffusion,maze,B,train,box,24,0.0022251102551853466,0.9875011067502123
Gray-Scott reaction-diffusion,maze,B,train,box,25,0.002000737314607019,0.9895018440648193
Gray-Scott reaction-diffusion,maze,B,train,box,26,0.0016522943578979145,0.9911541384227172
Gray-Scott reaction-diffusion,maze,B,train,box,27,0.0014229392147163977,0.9925770776374335
Gray-Scott reaction-diffusion,maze,B,train,box,28,0.0012036452876210248,0.9937807229250546
Gray-Scott reaction-diffusion,maze,B,train,box,29,0.0010267377255983596,0.994807460650653
Gray-Scott reaction-diffusion,maze,B,train,box,30,0.0008665122226000979,0.9956739728732532
Gray-Scott reaction-diffusion,maze,B,train,box,31,0.0007209646809509118,0.996394937554204
Gray-Scott reaction-diffusion,maze,B,train,box,32,0.0006253384756176844,0.9970202760298217
Gray-Scott reaction-diffusion,maze,B,train,box,33,0.0005311010383716153,0.9975513770681933
Gray-Scott reaction-diffusion,maze,B,train,box,34,0.000432809202816934,0.9979841862710103
Gray-Scott reaction-diffusion,maze,B,train,box,35,0.00034929613278188913,0.9983334824037922
Gray-Scott reaction-diffusion,maze,B,train,box,36,0.0002925699750588673,0.998626052378851
Gray-Scott reaction-diffusion,maze,B,train,box,37,0.0002443805569022242,0.9988704329357533
Gray-Scott reaction-diffusion,maze,B,train,box,38,0.00020202560624492833,0.9990724585419982
Gray-Scott reaction-diffusion,maze,B,train,box,39,0.00016367744174322353,0.9992361359837416
Gray-Scott reaction-diffusion,maze,B,train,box,40,0.00013238392747666442,0.9993685199112182
Gray-Scott reaction-diffusion,maze,B,train,box,41,0.00011423990890484237,0.999482759820123
Gray-Scott reaction-diffusion,maze,B,train,box,42,8.782719664790621e-05,0.9995705870167709
Gray-Scott reaction-diffusion,maze,B,train,box,43,7.656253271231086e-05,0.9996471495494833
Gray-Scott reaction-diffusion,maze,B,train,box,44,5.9917586064688474e-05,0.9997070671355479
Gray-Scott reaction-diffusion,maze,B,train,box,45,4.859074419930583e-05,0.9997556578797472
Gray-Scott reaction-diffusion,maze,B,train,box,46,4.113001922873009e-05,0.999796787898976
Gray-Scott reaction-diffusion,maze,B,train,box,47,3.40092308335084e-05,0.9998307971298094
Gray-Scott reaction-diffusion,maze,B,train,box,48,2.8346905643230408e-05,0.9998591440354526
Gray-Scott reaction-diffusion,maze,B,train,box,49,2.2996564250230952e-05,0.9998821405997028
Gray-Scott reaction-diffusion,maze,B,train,box,50,2.02363410374621e-05,0.9999023769407402
Gray-Scott reaction-diffusion,maze,B,train,box,51,1.6532875767964282e-05,0.9999189098165083
Gray-Scott reaction-diffusion,maze,B,train,box,52,1.34703452142448e-05,0.9999323801617226
Gray-Scott reaction-diffusion,maze,B,train,box,53,1.1627170146487295e-05,0.999944007331869
Gray-Scott reaction-diffusion,maze,B,train,box,54,9.228045095883837e-06,0.9999532353769649
Gray-Scott reaction-diffusion,maze,B,train,box,55,8.108365971257394e-06,0.9999613437429362
Gray-Scott reaction-diffusion,maze,B,train,box,56,7.03071263762532e-06,0.9999683744555738
Gray-Scott reaction-diffusion,maze,B,train,box,57,5.999804834176255e-06,0.9999743742604079
Gray-Scott reaction-diffusion,maze,B,train,box,58,5.123928944657422e-06,0.9999794981893526
Gray-Scott reaction-diffusion,maze,B,train,box,59,4.643721121393019e-06,0.999984141910474
Gray-Scott reaction-diffusion,maze,B,train,box,60,4.192391625124647e-06,0.9999883343020991
Gray-Scott reaction-diffusion,maze,B,train,box,61,3.6188477354316823e-06,0.9999919531498345
Gray-Scott reaction-diffusion,maze,B,train,box,62,3.3836262300725875e-06,0.9999953367760646
Gray-Scott reaction-diffusion,maze,B,train,box,63,3.1283063300612503e-06,0.9999984650823945
Gray-Scott reaction-diffusion,maze,B,train,box,64,1.53491760528491e-06,0.9999999999999998
Gray-Scott reaction-diffusion,maze,B,settled,radial,1,3.083138260602407e-05,3.083138260602407e-05
Gray-Scott reaction-diffusion,maze,B,settled,radial,2,7.355106721468053e-05,0.00010438244982070459
Gray-Scott reaction-diffusion,maze,B,settled,radial,3,9.64078056297073e-05,0.0002007902554504119
Gray-Scott reaction-diffusion,maze,B,settled,radial,4,0.00010791114070468237,0.0003087013961550943
Gray-Scott reaction-diffusion,maze,B,settled,radial,5,0.00030806527675115064,0.000616766672906245
Gray-Scott reaction-diffusion,maze,B,settled,radial,6,0.00034380255164144735,0.0009605692245476924
Gray-Scott reaction-diffusion,maze,B,settled,radial,7,0.0008927774717605585,0.001853346696308251
Gray-Scott reaction-diffusion,maze,B,settled,radial,8,0.0015281052155036174,0.0033814519118118684
Gray-Scott reaction-diffusion,maze,B,settled,radial,9,0.0025752358409633583,0.005956687752775226
Gray-Scott reaction-diffusion,maze,B,settled,radial,10,0.007317587895872284,0.01327427564864751
Gray-Scott reaction-diffusion,maze,B,settled,radial,11,0.015314349059582878,0.028588624708230388
Gray-Scott reaction-diffusion,maze,B,settled,radial,12,0.04758211340142463,0.07617073810965502
Gray-Scott reaction-diffusion,maze,B,settled,radial,13,0.14807673060185664,0.22424746871151163
Gray-Scott reaction-diffusion,maze,B,settled,radial,14,0.28827632764646494,0.5125237963579766
Gray-Scott reaction-diffusion,maze,B,settled,radial,15,0.24799246700727642,0.760516263365253
Gray-Scott reaction-diffusion,maze,B,settled,radial,16,0.12721914394532677,0.8877354073105799
Gray-Scott reaction-diffusion,maze,B,settled,radial,17,0.06658182933318363,0.9543172366437634
Gray-Scott reaction-diffusion,maze,B,settled,radial,18,0.02232256907760437,0.9766398057213678
Gray-Scott reaction-diffusion,maze,B,settled,radial,19,0.007702120031224024,0.9843419257525918
Gray-Scott reaction-diffusion,maze,B,settled,radial,20,0.004643232613336012,0.9889851583659278
Gray-Scott reaction-diffusion,maze,B,settled,radial,21,0.002607967728601139,0.991593126094529
Gray-Scott reaction-diffusion,maze,B,settled,radial,22,0.0015604341994054157,0.9931535602939344
Gray-Scott reaction-diffusion,maze,B,settled,radial,23,0.0009852528498509267,0.9941388131437854
Gray-Scott reaction-diffusion,maze,B,settled,radial,24,0.0007225198513939098,0.9948613329951793
Gray-Scott reaction-diffusion,maze,B,settled,radial,25,0.0005701040006297617,0.995431436995809
Gray-Scott reaction-diffusion,maze,B,settled,radial,26,0.00043656471973312224,0.9958680017155421
Gray-Scott reaction-diffusion,maze,B,settled,radial,27,0.00037026650491002835,0.9962382682204521
Gray-Scott reaction-diffusion,maze,B,settled,radial,28,0.0003423882866204528,0.9965806565070726
Gray-Scott reaction-diffusion,maze,B,settled,radial,29,0.0003609566807149091,0.9969416131877876
Gray-Scott reaction-diffusion,maze,B,settled,radial,30,0.0002744911539733858,0.997216104341761
Gray-Scott reaction-diffusion,maze,B,settled,radial,31,0.000228167717319721,0.9974442720590807
Gray-Scott reaction-diffusion,maze,B,settled,radial,32,0.00018425203348796456,0.9976285240925686
Gray-Scott reaction-diffusion,maze,B,settled,radial,33,0.00014550448397885802,0.9977740285765475
Gray-Scott reaction-diffusion,maze,B,settled,radial,34,0.00012399810964571002,0.9978980266861932
Gray-Scott reaction-diffusion,maze,B,settled,radial,35,9.331529686524186e-05,0.9979913419830584
Gray-Scott reaction-diffusion,maze,B,settled,radial,36,9.548662649323698e-05,0.9980868286095517
Gray-Scott reaction-diffusion,maze,B,settled,radial,37,9.01480129864137e-05,0.9981769766225381
Gray-Scott reaction-diffusion,maze,B,settled,radial,38,0.00010148209523121137,0.9982784587177693
Gray-Scott reaction-diffusion,maze,B,settled,radial,39,0.00010381482274357354,0.9983822735405129
Gray-Scott reaction-diffusion,maze,B,settled,radial,40,0.00013175158759649508,0.9985140251281094
Gray-Scott reaction-diffusion,maze,B,settled,radial,41,0.00017340859052067783,0.99868743371863
Gray-Scott reaction-diffusion,maze,B,settled,radial,42,0.00021169868740539334,0.9988991324060353
Gray-Scott reaction-diffusion,maze,B,settled,radial,43,0.0002581206861337439,0.9991572530921691
Gray-Scott reaction-diffusion,maze,B,settled,radial,44,0.000249309388889621,0.9994065624810586
Gray-Scott reaction-diffusion,maze,B,settled,radial,45,0.00019422163413610383,0.9996007841151947
Gray-Scott reaction-diffusion,maze,B,settled,radial,46,0.000149283193779957,0.9997500673089746
Gray-Scott reaction-diffusion,maze,B,settled,radial,47,9.383293017134295e-05,0.999843900239146
Gray-Scott reaction-diffusion,maze,B,settled,radial,48,5.759936394787914e-05,0.9999014996030939
Gray-Scott reaction-diffusion,maze,B,settled,radial,49,2.9888185041176432e-05,0.9999313877881351
Gray-Scott reaction-diffusion,maze,B,settled,radial,50,1.8777287198164685e-05,0.9999501650753332
Gray-Scott reaction-diffusion,maze,B,settled,radial,51,1.0636502677226427e-05,0.9999608015780105
Gray-Scott reaction-diffusion,maze,B,settled,radial,52,7.080000735207657e-06,0.9999678815787457
Gray-Scott reaction-diffusion,maze,B,settled,radial,53,5.6177693336376475e-06,0.9999734993480793
Gray-Scott reaction-diffusion,maze,B,settled,radial,54,4.0894878808233995e-06,0.9999775888359601
Gray-Scott reaction-diffusion,maze,B,settled,radial,55,3.965027783444417e-06,0.9999815538637437
Gray-Scott reaction-diffusion,maze,B,settled,radial,56,3.151670151672501e-06,0.9999847055338953
Gray-Scott reaction-diffusion,maze,B,settled,radial,57,2.862287569501118e-06,0.9999875678214648
Gray-Scott reaction-diffusion,maze,B,settled,radial,58,2.8964368171165585e-06,0.999990464258282
Gray-Scott reaction-diffusion,maze,B,settled,radial,59,2.3943701153745995e-06,0.9999928586283974
Gray-Scott reaction-diffusion,maze,B,settled,radial,60,2.0040363637764904e-06,0.9999948626647611
Gray-Scott reaction-diffusion,maze,B,settled,radial,61,1.5001907292340424e-06,0.9999963628554904
Gray-Scott reaction-diffusion,maze,B,settled,radial,62,1.0729796614139735e-06,0.9999974358351519
Gray-Scott reaction-diffusion,maze,B,settled,radial,63,8.367365451551831e-07,0.9999982725716969
Gray-Scott reaction-diffusion,maze,B,settled,radial,64,5.348284169151179e-07,0.9999988074001138
Gray-Scott reaction-diffusion,maze,B,settled,radial,65,3.350753018331568e-07,0.9999991424754157
Gray-Scott reaction-diffusion,maze,B,settled,radial,66,2.1687334519933477e-07,0.9999993593487608
Gray-Scott reaction-diffusion,maze,B,settled,radial,67,1.623092214349203e-07,0.9999995216579822
Gray-Scott reaction-diffusion,maze,B,settled,radial,68,1.4037870338233121e-07,0.9999996620366856
Gray-Scott reaction-diffusion,maze,B,settled,radial,69,9.424777867498019e-08,0.9999997562844642
Gray-Scott reaction-diffusion,maze,B,settled,radial,70,6.900547342087365e-08,0.9999998252899376
Gray-Scott reaction-diffusion,maze,B,settled,radial,71,6.384114745119195e-08,0.9999998891310851
Gray-Scott reaction-diffusion,maze,B,settled,radial,72,5.6373942063841694e-08,0.9999999455050272
Gray-Scott reaction-diffusion,maze,B,settled,radial,73,2.846364988603098e-08,0.9999999739686771
Gray-Scott reaction-diffusion,maze,B,settled,radial,74,1.9082555218018148e-08,0.9999999930512323
Gray-Scott reaction-diffusion,maze,B,settled,radial,75,5.017929739463544e-09,0.9999999980691621
Gray-Scott reaction-diffusion,maze,B,settled,radial,76,1.93083765718709e-09,0.9999999999999998
Gray-Scott reaction-diffusion,maze,B,settled,radial,77,2.347500157808047e-17,0.9999999999999998
Gray-Scott reaction-diffusion,maze,B,settled,radial,78,1.7192418613564708e-17,0.9999999999999998
Gray-Scott reaction-diffusion,maze,B,settled,radial,79,1.8521001085702872e-17,0.9999999999999998
Gray-Scott reaction-diffusion,maze,B,settled,radial,80,1.4948620224711396e-17,0.9999999999999998
Gray-Scott reaction-diffusion,maze,B,settled,radial,81,1.1351362168608737e-17,0.9999999999999998
Gray-Scott reaction-diffusion,maze,B,settled,radial,82,1.579657974815436e-17,0.9999999999999998
Gray-Scott reaction-diffusion,maze,B,settled,radial,83,7.955599097914556e-18,0.9999999999999998
Gray-Scott reaction-diffusion,maze,B,settled,radial,84,1.1377983464808903e-17,0.9999999999999998
Gray-Scott reaction-diffusion,maze,B,settled,radial,85,5.755250813233347e-18,0.9999999999999998
Gray-Scott reaction-diffusion,maze,B,settled,radial,86,5.634639729252107e-18,0.9999999999999998
Gray-Scott reaction-diffusion,maze,B,settled,radial,87,5.0507399453870595e-18,0.9999999999999998
Gray-Scott reaction-diffusion,maze,B,settled,radial,88,2.1532208487865214e-18,0.9999999999999998
Gray-Scott reaction-diffusion,maze,B,settled,radial,89,2.1118410501993892e-18,0.9999999999999998
Gray-Scott reaction-diffusion,maze,B,settled,radial,90,1.9983407100518548e-19,0.9999999999999998
Gray-Scott reaction-diffusion,maze,B,settled,box,1,3.083138260602407e-05,3.083138260602407e-05
Gray-Scott reaction-diffusion,maze,B,settled,box,2,7.355106721468052e-05,0.00010438244982070459
Gray-Scott reaction-diffusion,maze,B,settled,box,3,0.00011041020476559973,0.00021479265458630432
Gray-Scott reaction-diffusion,maze,B,settled,box,4,0.0001605975227576259,0.0003753901773439302
Gray-Scott reaction-diffusion,maze,B,settled,box,5,0.0004202273705427116,0.0007956175478866419
Gray-Scott reaction-diffusion,maze,B,settled,box,6,0.0005644820169555592,0.001360099564842201
Gray-Scott reaction-diffusion,maze,B,settled,box,7,0.0015952796676238952,0.002955379232466096
Gray-Scott reaction-diffusion,maze,B,settled,box,8,0.003472039404101097,0.006427418636567193
Gray-Scott reaction-diffusion,maze,B,settled,box,9,0.01332951005192801,0.019756928688495205
Gray-Scott reaction-diffusion,maze,B,settled,box,10,0.0446531063592772,0.0644100350477724
Gray-Scott reaction-diffusion,maze,B,settled,box,11,0.11791542006431842,0.1823254551120908
Gray-Scott reaction-diffusion,maze,B,settled,box,12,0.16571612872489327,0.3480415838369841
Gray-Scott reaction-diffusion,maze,B,settled,box,13,0.19602636216378497,0.544067946000769
Gray-Scott reaction-diffusion,maze,B,settled,box,14,0.18244291298801807,0.7265108589887872
Gray-Scott reaction-diffusion,maze,B,settled,box,15,0.1432414404829111,0.8697522994716983
Gray-Scott reaction-diffusion,maze,B,settled,box,16,0.07073632322119446,0.9404886226928927
Gray-Scott reaction-diffusion,maze,B,settled,box,17,0.03156756514626084,0.9720561878391536
Gray-Scott reaction-diffusion,maze,B,settled,box,18,0.012845811728804,0.9849019995679575
Gray-Scott reaction-diffusion,maze,B,settled,box,19,0.004272188151561276,0.9891741877195188
Gray-Scott reaction-diffusion,maze,B,settled,box,20,0.0028241231497937256,0.9919983108693126
Gray-Scott reaction-diffusion,maze,B,settled,box,21,0.0016095371149934135,0.9936078479843059
Gray-Scott reaction-diffusion,maze,B,settled,box,22,0.0009748544278580128,0.994582702412164
Gray-Scott reaction-diffusion,maze,B,settled,box,23,0.0007641024301625139,0.9953468048423264
Gray-Scott reaction-diffusion,maze,B,settled,box,24,0.0005354638907825976,0.9958822687331091
Gray-Scott reaction-diffusion,maze,B,settled,box,25,0.0004300784465361801,0.9963123471796452
Gray-Scott reaction-diffusion,maze,B,settled,box,26,0.0003805721383014377,0.9966929193179467
Gray-Scott reaction-diffusion,maze,B,settled,box,27,0.00029553665065004767,0.9969884559685968
Gray-Scott reaction-diffusion,maze,B,settled,box,28,0.0002738741624992589,0.997262330131096
Gray-Scott reaction-diffusion,maze,B,settled,box,29,0.000249974254866084,0.9975123043859622
Gray-Scott reaction-diffusion,maze,B,settled,box,30,0.00020372230458984826,0.9977160266905519
Gray-Scott reaction-diffusion,maze,B,settled,box,31,0.00017290188581060498,0.9978889285763626
Gray-Scott reaction-diffusion,maze,B,settled,box,32,0.00017831033698050762,0.998067238913343
Gray-Scott reaction-diffusion,maze,B,settled,box,33,0.00017042395973860402,0.9982376628730817
Gray-Scott reaction-diffusion,maze,B,settled,box,34,0.00016472259745966677,0.9984023854705414
Gray-Scott reaction-diffusion,maze,B,settled,box,35,0.00015535276899996138,0.9985577382395414
Gray-Scott reaction-diffusion,maze,B,settled,box,36,0.0001325025879047033,0.9986902408274461
Gray-Scott reaction-diffusion,maze,B,settled,box,37,0.00013302799893552233,0.9988232688263816
Gray-Scott reaction-diffusion,maze,B,settled,box,38,0.00013632146146279144,0.9989595902878444
Gray-Scott reaction-diffusion,maze,B,settled,box,39,0.00015840136836274858,0.9991179916562072
Gray-Scott reaction-diffusion,maze,B,settled,box,40,0.00014709566109764714,0.9992650873173048
Gray-Scott reaction-diffusion,maze,B,settled,box,41,0.00014868857571724895,0.999413775893022
Gray-Scott reaction-diffusion,maze,B,settled,box,42,0.00014096272157495269,0.999554738614597
Gray-Scott reaction-diffusion,maze,B,settled,box,43,0.00011280945366076195,0.9996675480682576
Gray-Scott reaction-diffusion,maze,B,settled,box,44,9.838384250870605e-05,0.9997659319107663
Gray-Scott reaction-diffusion,maze,B,settled,box,45,7.914858236641079e-05,0.9998450804931327
Gray-Scott reaction-diffusion,maze,B,settled,box,46,5.7418613843809806e-05,0.9999024991069765
Gray-Scott reaction-diffusion,maze,B,settled,box,47,3.180548813194638e-05,0.9999343045951085
Gray-Scott reaction-diffusion,maze,B,settled,box,48,2.0152591042771253e-05,0.9999544571861513
Gray-Scott reaction-diffusion,maze,B,settled,box,49,1.19199837256424e-05,0.9999663771698769
Gray-Scott reaction-diffusion,maze,B,settled,box,50,7.521980657980711e-06,0.9999738991505349
Gray-Scott reaction-diffusion,maze,B,settled,box,51,5.074004946960827e-06,0.9999789731554819
Gray-Scott reaction-diffusion,maze,B,settled,box,52,3.938505203825887e-06,0.9999829116606856
Gray-Scott reaction-diffusion,maze,B,settled,box,53,3.1647563322368873e-06,0.9999860764170179
Gray-Scott reaction-diffusion,maze,B,settled,box,54,2.5619207410367076e-06,0.999988638337759
Gray-Scott reaction-diffusion,maze,B,settled,box,55,2.3998478591089335e-06,0.999991038185618
Gray-Scott reaction-diffusion,maze,B,settled,box,56,1.8633238589796706e-06,0.999992901509477
Gray-Scott reaction-diffusion,maze,B,settled,box,57,1.5959952153741594e-06,0.9999944975046924
Gray-Scott reaction-diffusion,maze,B,settled,box,58,1.3956621374135027e-06,0.9999958931668298
Gray-Scott reaction-diffusion,maze,B,settled,box,59,1.1028820597212906e-06,0.9999969960488895
Gray-Scott reaction-diffusion,maze,B,settled,box,60,9.166353688572481e-07,0.9999979126842584
Gray-Scott reaction-diffusion,maze,B,settled,box,61,7.47089425029978e-07,0.9999986597736834
Gray-Scott reaction-diffusion,maze,B,settled,box,62,6.124884834345082e-07,0.9999992722621669
Gray-Scott reaction-diffusion,maze,B,settled,box,63,5.028657462007912e-07,0.999999775127913
Gray-Scott reaction-diffusion,maze,B,settled,box,64,2.2487208690355784e-07,1.0
Gray-Scott reaction-diffusion,spirals,A,full,radial,1,0.063357028468867,0.063357028468867
Gray-Scott reaction-diffusion,spirals,A,full,radial,2,0.09652355128965169,0.1598805797585187
Gray-Scott reaction-diffusion,spirals,A,full,radial,3,0.10086588026642192,0.26074646002494056
Gray-Scott reaction-diffusion,spirals,A,full,radial,4,0.10087367005990068,0.3616201300848413
Gray-Scott reaction-diffusion,spirals,A,full,radial,5,0.13272330724970352,0.4943434373345448
Gray-Scott reaction-diffusion,spirals,A,full,radial,6,0.08979461188718461,0.5841380492217294
Gray-Scott reaction-diffusion,spirals,A,full,radial,7,0.08808329317664994,0.6722213423983794
Gray-Scott reaction-diffusion,spirals,A,full,radial,8,0.07379895720057858,0.746020299598958
Gray-Scott reaction-diffusion,spirals,A,full,radial,9,0.05499321028496544,0.8010135098839235
Gray-Scott reaction-diffusion,spirals,A,full,radial,10,0.05161299975364522,0.8526265096375687
Gray-Scott reaction-diffusion,spirals,A,full,radial,11,0.03570792460314003,0.8883344342407088
Gray-Scott reaction-diffusion,spirals,A,full,radial,12,0.030733401347177093,0.9190678355878859
Gray-Scott reaction-diffusion,spirals,A,full,radial,13,0.02398653348424128,0.9430543690721271
Gray-Scott reaction-diffusion,spirals,A,full,radial,14,0.014909895780662367,0.9579642648527896
Gray-Scott reaction-diffusion,spirals,A,full,radial,15,0.011026020290410443,0.9689902851432001
Gray-Scott reaction-diffusion,spirals,A,full,radial,16,0.00763419368398627,0.9766244788271863
Gray-Scott reaction-diffusion,spirals,A,full,radial,17,0.0061708338208326975,0.9827953126480189
Gray-Scott reaction-diffusion,spirals,A,full,radial,18,0.00424494081594487,0.9870402534639638
Gray-Scott reaction-diffusion,spirals,A,full,radial,19,0.0030164152989326978,0.9900566687628966
Gray-Scott reaction-diffusion,spirals,A,full,radial,20,0.0022371604404351963,0.9922938292033319
Gray-Scott reaction-diffusion,spirals,A,full,radial,21,0.0018295241389614323,0.9941233533422934
Gray-Scott reaction-diffusion,spirals,A,full,radial,22,0.0012597275715158808,0.9953830809138092
Gray-Scott reaction-diffusion,spirals,A,full,radial,23,0.0009521393300060642,0.9963352202438153
Gray-Scott reaction-diffusion,spirals,A,full,radial,24,0.0007687142382935674,0.9971039344821089
Gray-Scott reaction-diffusion,spirals,A,full,radial,25,0.0006352231218008415,0.9977391576039097
Gray-Scott reaction-diffusion,spirals,A,full,radial,26,0.0004905703071555649,0.9982297279110652
Gray-Scott reaction-diffusion,spirals,A,full,radial,27,0.0003473466990844075,0.9985770746101497
Gray-Scott reaction-diffusion,spirals,A,full,radial,28,0.00027154774686781946,0.9988486223570174
Gray-Scott reaction-diffusion,spirals,A,full,radial,29,0.00023671023228799442,0.9990853325893053
Gray-Scott reaction-diffusion,spirals,A,full,radial,30,0.00017680423342000224,0.9992621368227255
Gray-Scott reaction-diffusion,spirals,A,full,radial,31,0.00014936261392122435,0.9994114994366468
Gray-Scott reaction-diffusion,spirals,A,full,radial,32,0.00011119513095082819,0.9995226945675976
Gray-Scott reaction-diffusion,spirals,A,full,radial,33,8.996783227194471e-05,0.9996126623998695
Gray-Scott reaction-diffusion,spirals,A,full,radial,34,7.640929887208318e-05,0.9996890716987417
Gray-Scott reaction-diffusion,spirals,A,full,radial,35,5.445378797759952e-05,0.9997435254867193
Gray-Scott reaction-diffusion,spirals,A,full,radial,36,4.811572863914606e-05,0.9997916412153585
Gray-Scott reaction-diffusion,spirals,A,full,radial,37,3.7101683777091605e-05,0.9998287428991356
Gray-Scott reaction-diffusion,spirals,A,full,radial,38,3.296806212828448e-05,0.9998617109612639
Gray-Scott reaction-diffusion,spirals,A,full,radial,39,2.5207365645992882e-05,0.9998869183269098
Gray-Scott reaction-diffusion,spirals,A,full,radial,40,1.8967631542298654e-05,0.9999058859584521
Gray-Scott reaction-diffusion,spirals,A,full,radial,41,1.764764128608205e-05,0.9999235335997381
Gray-Scott reaction-diffusion,spirals,A,full,radial,42,1.3556087906018922e-05,0.9999370896876442
Gray-Scott reaction-diffusion,spirals,A,full,radial,43,1.168228027261012e-05,0.9999487719679168
Gray-Scott reaction-diffusion,spirals,A,full,radial,44,9.017484286846897e-06,0.9999577894522036
Gray-Scott reaction-diffusion,spirals,A,full,radial,45,7.116731012722076e-06,0.9999649061832163
Gray-Scott reaction-diffusion,spirals,A,full,radial,46,6.248016839877296e-06,0.9999711542000561
Gray-Scott reaction-diffusion,spirals,A,full,radial,47,4.976415749398474e-06,0.9999761306158055
Gray-Scott reaction-diffusion,spirals,A,full,radial,48,4.2158020277410964e-06,0.9999803464178333
Gray-Scott reaction-diffusion,spirals,A,full,radial,49,3.3481561312026918e-06,0.9999836945739645
Gray-Scott reaction-diffusion,spirals,A,full,radial,50,2.988792823089585e-06,0.9999866833667875
Gray-Scott reaction-diffusion,spirals,A,full,radial,51,2.321896434662392e-06,0.9999890052632223
Gray-Scott reaction-diffusion,spirals,A,full,radial,52,1.8373119671628432e-06,0.9999908425751894
Gray-Scott reaction-diffusion,spirals,A,full,radial,53,1.6309605825221576e-06,0.9999924735357718
Gray-Scott reaction-diffusion,spirals,A,full,radial,54,1.2749800720140455e-06,0.9999937485158438
Gray-Scott reaction-diffusion,spirals,A,full,radial,55,1.196948333165475e-06,0.9999949454641769
Gray-Scott reaction-diffusion,spirals,A,full,radial,56,9.020472904507261e-07,0.9999958475114674
Gray-Scott reaction-diffusion,spirals,A,full,radial,57,7.749884468378543e-07,0.9999966224999143
Gray-Scott reaction-diffusion,spirals,A,full,radial,58,6.544697873502936e-07,0.9999972769697016
Gray-Scott reaction-diffusion,spirals,A,full,radial,59,5.494563866936103e-07,0.9999978264260883
Gray-Scott reaction-diffusion,spirals,A,full,radial,60,4.7358705489607616e-07,0.9999983000131432
Gray-Scott reaction-diffusion,spirals,A,full,radial,61,4.0472336739578136e-07,0.9999987047365106
Gray-Scott reaction-diffusion,spirals,A,full,radial,62,3.3622912028284555e-07,0.999999040965631
Gray-Scott reaction-diffusion,spirals,A,full,radial,63,2.9606200200808046e-07,0.9999993370276329
Gray-Scott reaction-diffusion,spirals,A,full,radial,64,2.122900630789948e-07,0.999999549317696
Gray-Scott reaction-diffusion,spirals,A,full,radial,65,1.3773792787431846e-07,0.9999996870556239
Gray-Scott reaction-diffusion,spirals,A,full,radial,66,9.11972412661854e-08,0.9999997782528652
Gray-Scott reaction-diffusion,spirals,A,full,radial,67,6.94308677216722e-08,0.999999847683733
Gray-Scott reaction-diffusion,spirals,A,full,radial,68,5.355196093768095e-08,0.9999999012356938
Gray-Scott reaction-diffusion,spirals,A,full,radial,69,3.3831167829176405e-08,0.9999999350668618
Gray-Scott reaction-diffusion,spirals,A,full,radial,70,2.1682498671471567e-08,0.9999999567493604
Gray-Scott reaction-diffusion,spirals,A,full,radial,71,1.8049840147101705e-08,0.9999999747992006
Gray-Scott reaction-diffusion,spirals,A,full,radial,72,1.248246216824347e-08,0.9999999872816627
Gray-Scott reaction-diffusion,spirals,A,full,radial,73,6.6550386264385186e-09,0.9999999939367014
Gray-Scott reaction-diffusion,spirals,A,full,radial,74,4.192956158778125e-09,0.9999999981296576
Gray-Scott reaction-diffusion,spirals,A,full,radial,75,1.4220615918326854e-09,0.999999999551719
Gray-Scott reaction-diffusion,spirals,A,full,radial,76,4.482812725191438e-10,1.0000000000000004
Gray-Scott reaction-diffusion,spirals,A,full,radial,77,3.061503755338302e-17,1.0000000000000004
Gray-Scott reaction-diffusion,spirals,A,full,radial,78,2.2199383630625678e-17,1.0000000000000004
Gray-Scott reaction-diffusion,spirals,A,full,radial,79,2.4133373303739318e-17,1.0000000000000004
Gray-Scott reaction-diffusion,spirals,A,full,radial,80,1.961194260774408e-17,1.0000000000000004
Gray-Scott reaction-diffusion,spirals,A,full,radial,81,1.5045751196594687e-17,1.0000000000000004
Gray-Scott reaction-diffusion,spirals,A,full,radial,82,2.0503969021509805e-17,1.0000000000000004
Gray-Scott reaction-diffusion,spirals,A,full,radial,83,1.0252724190654854e-17,1.0000000000000004
Gray-Scott reaction-diffusion,spirals,A,full,radial,84,1.4849247623136707e-17,1.0000000000000004
Gray-Scott reaction-diffusion,spirals,A,full,radial,85,7.389612582071237e-18,1.0000000000000004
Gray-Scott reaction-diffusion,spirals,A,full,radial,86,7.521350896824381e-18,1.0000000000000004
Gray-Scott reaction-diffusion,spirals,A,full,radial,87,6.635451709140691e-18,1.0000000000000004
Gray-Scott reaction-diffusion,spirals,A,full,radial,88,2.799189255703633e-18,1.0000000000000004
Gray-Scott reaction-diffusion,spirals,A,full,radial,89,2.766396130716607e-18,1.0000000000000004
Gray-Scott reaction-diffusion,spirals,A,full,radial,90,2.380934187296934e-19,1.0000000000000004
Gray-Scott reaction-diffusion,spirals,A,full,box,1,0.063357028468867,0.063357028468867
Gray-Scott reaction-diffusion,spirals,A,full,box,2,0.09652355128965168,0.15988057975851866
Gray-Scott reaction-diffusion,spirals,A,full,box,3,0.11858239650758341,0.2784629762661021
Gray-Scott reaction-diffusion,spirals,A,full,box,4,0.1230897588740565,0.4015527351401586
Gray-Scott reaction-diffusion,spirals,A,full,box,5,0.12005537575170697,0.5216081108918655
Gray-Scott reaction-diffusion,spirals,A,full,box,6,0.10342323699619853,0.625031347888064
Gray-Scott reaction-diffusion,spirals,A,full,box,7,0.0848999980842436,0.7099313459723077
Gray-Scott reaction-diffusion,spirals,A,full,box,8,0.07008855236666109,0.7800198983389687
Gray-Scott reaction-diffusion,spirals,A,full,box,9,0.05624413373173098,0.8362640320706997
Gray-Scott reaction-diffusion,spirals,A,full,box,10,0.04471037999134742,0.8809744120620471
Gray-Scott reaction-diffusion,spirals,A,full,box,11,0.03396083986446461,0.9149352519265117
Gray-Scott reaction-diffusion,spirals,A,full,box,12,0.024310343048234855,0.9392455949747467
Gray-Scott reaction-diffusion,spirals,A,full,box,13,0.017395798706714916,0.9566413936814616
Gray-Scott reaction-diffusion,spirals,A,full,box,14,0.012241956685073946,0.9688833503665355
Gray-Scott reaction-diffusion,spirals,A,full,box,15,0.008593395035172062,0.9774767454017075
Gray-Scott reaction-diffusion,spirals,A,full,box,16,0.006023843259741971,0.9835005886614494
Gray-Scott reaction-diffusion,spirals,A,full,box,17,0.004279906513831311,0.9877804951752808
Gray-Scott reaction-diffusion,spirals,A,full,box,18,0.0030479176213769957,0.9908284127966577
Gray-Scott reaction-diffusion,spirals,A,full,box,19,0.0022325071434590982,0.9930609199401169
Gray-Scott reaction-diffusion,spirals,A,full,box,20,0.001667976444532021,0.9947288963846489
Gray-Scott reaction-diffusion,spirals,A,full,box,21,0.0012289482571338584,0.9959578446417828
Gray-Scott reaction-diffusion,spirals,A,full,box,22,0.0009238651846633974,0.9968817098264463
Gray-Scott reaction-diffusion,spirals,A,full,box,23,0.0006983395877044642,0.9975800494141507
Gray-Scott reaction-diffusion,spirals,A,full,box,24,0.0005351537508597852,0.9981152031650106
Gray-Scott reaction-diffusion,spirals,A,full,box,25,0.00040975077090837583,0.9985249539359189
Gray-Scott reaction-diffusion,spirals,A,full,box,26,0.00031626603087509317,0.998841219966794
Gray-Scott reaction-diffusion,spirals,A,full,box,27,0.000245243689933234,0.9990864636567274
Gray-Scott reaction-diffusion,spirals,A,full,box,28,0.00019001610673554162,0.9992764797634628
Gray-Scott reaction-diffusion,spirals,A,full,box,29,0.0001494578904288265,0.9994259376538916
Gray-Scott reaction-diffusion,spirals,A,full,box,30,0.00011693667819012508,0.9995428743320818
Gray-Scott reaction-diffusion,spirals,A,full,box,31,9.168295907306502e-05,0.9996345572911548
Gray-Scott reaction-diffusion,spirals,A,full,box,32,7.285191388759342e-05,0.9997074092050424
Gray-Scott reaction-diffusion,spirals,A,full,box,33,5.767928756533312e-05,0.9997650884926077
Gray-Scott reaction-diffusion,spirals,A,full,box,34,4.5826251278273706e-05,0.9998109147438861
Gray-Scott reaction-diffusion,spirals,A,full,box,35,3.646179407330938e-05,0.9998473765379594
Gray-Scott reaction-diffusion,spirals,A,full,box,36,2.9508612906769038e-05,0.999876885150866
Gray-Scott reaction-diffusion,spirals,A,full,box,37,2.343463609509454e-05,0.9999003197869611
Gray-Scott reaction-diffusion,spirals,A,full,box,38,1.877861558274704e-05,0.9999190984025438
Gray-Scott reaction-diffusion,spirals,A,full,box,39,1.5248763810395141e-05,0.9999343471663542
Gray-Scott reaction-diffusion,spirals,A,full,box,40,1.2226970864484587e-05,0.9999465741372188
Gray-Scott reaction-diffusion,spirals,A,full,box,41,9.929705575720474e-06,0.9999565038427944
Gray-Scott reaction-diffusion,spirals,A,full,box,42,8.101563504233078e-06,0.9999646054062987
Gray-Scott reaction-diffusion,spirals,A,full,box,43,6.510610318897927e-06,0.9999711160166177
Gray-Scott reaction-diffusion,spirals,A,full,box,44,5.293623846868994e-06,0.9999764096404646
Gray-Scott reaction-diffusion,spirals,A,full,box,45,4.274021417175233e-06,0.9999806836618818
Gray-Scott reaction-diffusion,spirals,A,full,box,46,3.474637746240001e-06,0.999984158299628
Gray-Scott reaction-diffusion,spirals,A,full,box,47,2.830089270628964e-06,0.9999869883888985
Gray-Scott reaction-diffusion,spirals,A,full,box,48,2.2895485638842007e-06,0.9999892779374624
Gray-Scott reaction-diffusion,spirals,A,full,box,49,1.912934420918666e-06,0.9999911908718833
Gray-Scott reaction-diffusion,spirals,A,full,box,50,1.5600779712883594e-06,0.9999927509498546
Gray-Scott reaction-diffusion,spirals,A,full,box,51,1.2877423445398652e-06,0.9999940386921992
Gray-Scott reaction-diffusion,spirals,A,full,box,52,1.0635741368914823e-06,0.999995102266336
Gray-Scott reaction-diffusion,spirals,A,full,box,53,8.696805732086211e-07,0.9999959719469093
Gray-Scott reaction-diffusion,spirals,A,full,box,54,7.311276850010932e-07,0.9999967030745943
Gray-Scott reaction-diffusion,spirals,A,full,box,55,6.108578911097814e-07,0.9999973139324855
Gray-Scott reaction-diffusion,spirals,A,full,box,56,5.051767467316887e-07,0.9999978191092322
Gray-Scott reaction-diffusion,spirals,A,full,box,57,4.362218000744812e-07,0.9999982553310323
Gray-Scott reaction-diffusion,spirals,A,full,box,58,3.717714578873121e-07,0.99999862710249
Gray-Scott reaction-diffusion,spirals,A,full,box,59,3.1777115724351655e-07,0.9999989448736473
Gray-Scott reaction-diffusion,spirals,A,full,box,60,2.824036472591983e-07,0.9999992272772945
Gray-Scott reaction-diffusion,spirals,A,full,box,61,2.4773584674610255e-07,0.9999994750131412
Gray-Scott reaction-diffusion,spirals,A,full,box,62,2.2630729515036836e-07,0.9999997013204364
Gray-Scott reaction-diffusion,spirals,A,full,box,63,2.0380578221618798e-07,0.9999999051262185
Gray-Scott reaction-diffusion,spirals,A,full,box,64,9.487378135055947e-08,0.9999999999999998
Gray-Scott reaction-diffusion,spirals,A,train,radial,1,0.06067866014865072,0.06067866014865072
Gray-Scott reaction-diffusion,spirals,A,train,radial,2,0.1667850857792185,0.2274637459278692
Gray-Scott reaction-diffusion,spirals,A,train,radial,3,0.15282000437263332,0.3802837503005025
Gray-Scott reaction-diffusion,spirals,A,train,radial,4,0.10825002272894502,0.4885337730294475
Gray-Scott reaction-diffusion,spirals,A,train,radial,5,0.13575774790936707,0.6242915209388146
Gray-Scott reaction-diffusion,spirals,A,train,radial,6,0.07500648060108919,0.6992980015399037
Gray-Scott reaction-diffusion,spirals,A,train,radial,7,0.06951459009805745,0.7688125916379612
Gray-Scott reaction-diffusion,spirals,A,train,radial,8,0.057855801616312555,0.8266683932542738
Gray-Scott reaction-diffusion,spirals,A,train,radial,9,0.04248504640495645,0.8691534396592302
Gray-Scott reaction-diffusion,spirals,A,train,radial,10,0.03403556396892945,0.9031890036281597
Gray-Scott reaction-diffusion,spirals,A,train,radial,11,0.02189008608974245,0.9250790897179022
Gray-Scott reaction-diffusion,spirals,A,train,radial,12,0.01843393093119438,0.9435130206490966
Gray-Scott reaction-diffusion,spirals,A,train,radial,13,0.01607642141410312,0.9595894420631996
Gray-Scott reaction-diffusion,spirals,A,train,radial,14,0.009729996195209393,0.969319438258409
Gray-Scott reaction-diffusion,spirals,A,train,radial,15,0.007201583220103576,0.9765210214785126
Gray-Scott reaction-diffusion,spirals,A,train,radial,16,0.005454948280246705,0.9819759697587592
Gray-Scott reaction-diffusion,spirals,A,train,radial,17,0.004610903267564633,0.986586873026324
Gray-Scott reaction-diffusion,spirals,A,train,radial,18,0.0031081467191799482,0.9896950197455039
Gray-Scott reaction-diffusion,spirals,A,train,radial,19,0.002279606945215249,0.9919746266907191
Gray-Scott reaction-diffusion,spirals,A,train,radial,20,0.0017020403550602066,0.9936766670457793
Gray-Scott reaction-diffusion,spirals,A,train,radial,21,0.0013237659409797544,0.995000432986759
Gray-Scott reaction-diffusion,spirals,A,train,radial,22,0.0009671992380271408,0.9959676322247862
Gray-Scott reaction-diffusion,spirals,A,train,radial,23,0.0007737036144539116,0.9967413358392402
Gray-Scott reaction-diffusion,spirals,A,train,radial,24,0.0006473099029005456,0.9973886457421407
Gray-Scott reaction-diffusion,spirals,A,train,radial,25,0.0005267737255069461,0.9979154194676476
Gray-Scott reaction-diffusion,spirals,A,train,radial,26,0.00041921350079923155,0.9983346329684468
Gray-Scott reaction-diffusion,spirals,A,train,radial,27,0.00030459088697966017,0.9986392238554265
Gray-Scott reaction-diffusion,spirals,A,train,radial,28,0.00023579881909389387,0.9988750226745203
Gray-Scott reaction-diffusion,spirals,A,train,radial,29,0.00021637387973086531,0.9990913965542513
Gray-Scott reaction-diffusion,spirals,A,train,radial,30,0.00016337038287490298,0.9992547669371261
Gray-Scott reaction-diffusion,spirals,A,train,radial,31,0.00013900261854237248,0.9993937695556685
Gray-Scott reaction-diffusion,spirals,A,train,radial,32,0.00010527625459991508,0.9994990458102685
Gray-Scott reaction-diffusion,spirals,A,train,radial,33,9.278276395119403e-05,0.9995918285742197
Gray-Scott reaction-diffusion,spirals,A,train,radial,34,7.745378524331227e-05,0.999669282359463
Gray-Scott reaction-diffusion,spirals,A,train,radial,35,5.3768598328607645e-05,0.9997230509577916
Gray-Scott reaction-diffusion,spirals,A,train,radial,36,4.961932732139485e-05,0.9997726702851131
Gray-Scott reaction-diffusion,spirals,A,train,radial,37,3.838248617762111e-05,0.9998110527712907
Gray-Scott reaction-diffusion,spirals,A,train,radial,38,3.354039963063831e-05,0.9998445931709213
Gray-Scott reaction-diffusion,spirals,A,train,radial,39,2.5969178665988825e-05,0.9998705623495874
Gray-Scott reaction-diffusion,spirals,A,train,radial,40,1.9775753366679122e-05,0.9998903381029539
Gray-Scott reaction-diffusion,spirals,A,train,radial,41,1.9952526709197614e-05,0.9999102906296632
Gray-Scott reaction-diffusion,spirals,A,train,radial,42,1.4578242412809025e-05,0.999924868872076
Gray-Scott reaction-diffusion,spirals,A,train,radial,43,1.313565392114449e-05,0.9999380045259971
Gray-Scott reaction-diffusion,spirals,A,train,radial,44,1.0409604224653302e-05,0.9999484141302218
Gray-Scott reaction-diffusion,spirals,A,train,radial,45,8.123128442691846e-06,0.9999565372586645
Gray-Scott reaction-diffusion,spirals,A,train,radial,46,6.923790129637489e-06,0.9999634610487942
Gray-Scott reaction-diffusion,spirals,A,train,radial,47,5.722498366033234e-06,0.9999691835471601
Gray-Scott reaction-diffusion,spirals,A,train,radial,48,4.928187615917786e-06,0.999974111734776
Gray-Scott reaction-diffusion,spirals,A,train,radial,49,4.024766349274177e-06,0.9999781365011253
Gray-Scott reaction-diffusion,spirals,A,train,radial,50,3.757370539616496e-06,0.9999818938716649
Gray-Scott reaction-diffusion,spirals,A,train,radial,51,2.915914072902818e-06,0.9999848097857378
Gray-Scott reaction-diffusion,spirals,A,train,radial,52,2.304949129608056e-06,0.9999871147348675
Gray-Scott reaction-diffusion,spirals,A,train,radial,53,2.1691398475832956e-06,0.999989283874715
Gray-Scott reaction-diffusion,spirals,A,train,radial,54,1.7221948309480313e-06,0.9999910060695459
Gray-Scott reaction-diffusion,spirals,A,train,radial,55,1.6115494036480792e-06,0.9999926176189495
Gray-Scott reaction-diffusion,spirals,A,train,radial,56,1.218636866792972e-06,0.9999938362558162
Gray-Scott reaction-diffusion,spirals,A,train,radial,57,1.0473516466279416e-06,0.9999948836074629
Gray-Scott reaction-diffusion,spirals,A,train,radial,58,9.249223312702658e-07,0.9999958085297942
Gray-Scott reaction-diffusion,spirals,A,train,radial,59,7.829270731515706e-07,0.9999965914568674
Gray-Scott reaction-diffusion,spirals,A,train,radial,60,7.106564426369817e-07,0.9999973021133101
Gray-Scott reaction-diffusion,spirals,A,train,radial,61,6.297024325766508e-07,0.9999979318157426
Gray-Scott reaction-diffusion,spirals,A,train,radial,62,5.22398497408181e-07,0.9999984542142399
Gray-Scott reaction-diffusion,spirals,A,train,radial,63,4.5106305373245345e-07,0.9999989052772936
Gray-Scott reaction-diffusion,spirals,A,train,radial,64,3.254216215780645e-07,0.9999992306989153
Gray-Scott reaction-diffusion,spirals,A,train,radial,65,2.2282918153927765e-07,0.9999994535280967
Gray-Scott reaction-diffusion,spirals,A,train,radial,66,1.555975219018716e-07,0.9999996091256186
Gray-Scott reaction-diffusion,spirals,A,train,radial,67,1.123970152323082e-07,0.9999997215226338
Gray-Scott reaction-diffusion,spirals,A,train,radial,68,9.567356586495637e-08,0.9999998171961998
Gray-Scott reaction-diffusion,spirals,A,train,radial,69,6.122028892041751e-08,0.9999998784164886
Gray-Scott reaction-diffusion,spirals,A,train,radial,70,3.874890992684241e-08,0.9999999171653986
Gray-Scott reaction-diffusion,spirals,A,train,radial,71,3.2689061073249826e-08,0.9999999498544597
Gray-Scott reaction-diffusion,spirals,A,train,radial,72,2.6733467006870713e-08,0.9999999765879267
Gray-Scott reaction-diffusion,spirals,A,train,radial,73,1.1615039918427952e-08,0.9999999882029666
Gray-Scott reaction-diffusion,spirals,A,train,radial,74,8.183264592539732e-09,0.9999999963862313
Gray-Scott reaction-diffusion,spirals,A,train,radial,75,3.000272395456891e-09,0.9999999993865035
Gray-Scott reaction-diffusion,spirals,A,train,radial,76,6.134959085405812e-10,0.9999999999999994
Gray-Scott reaction-diffusion,spirals,A,train,radial,77,2.7720349754161938e-17,0.9999999999999994
Gray-Scott reaction-diffusion,spirals,A,train,radial,78,1.9737940681607225e-17,0.9999999999999994
Gray-Scott reaction-diffusion,spirals,A,train,radial,79,2.2147669635483024e-17,0.9999999999999994
Gray-Scott reaction-diffusion,spirals,A,train,radial,80,1.7527866266361894e-17,0.9999999999999994
Gray-Scott reaction-diffusion,spirals,A,train,radial,81,1.4137654322555754e-17,0.9999999999999994
Gray-Scott reaction-diffusion,spirals,A,train,radial,82,1.8162885268157636e-17,0.9999999999999994
Gray-Scott reaction-diffusion,spirals,A,train,radial,83,9.214841817590945e-18,0.9999999999999994
Gray-Scott reaction-diffusion,spirals,A,train,radial,84,1.3271396932291318e-17,0.9999999999999994
Gray-Scott reaction-diffusion,spirals,A,train,radial,85,6.372097450492462e-18,0.9999999999999994
Gray-Scott reaction-diffusion,spirals,A,train,radial,86,6.6221137071577125e-18,0.9999999999999994
Gray-Scott reaction-diffusion,spirals,A,train,radial,87,5.8893227363548595e-18,0.9999999999999994
Gray-Scott reaction-diffusion,spirals,A,train,radial,88,2.603000320208439e-18,0.9999999999999994
Gray-Scott reaction-diffusion,spirals,A,train,radial,89,2.3166967258491757e-18,0.9999999999999994
Gray-Scott reaction-diffusion,spirals,A,train,radial,90,2.597148224812366e-19,0.9999999999999994
Gray-Scott reaction-diffusion,spirals,A,train,box,1,0.06067866014865073,0.06067866014865073
Gray-Scott reaction-diffusion,spirals,A,train,box,2,0.16678508577921852,0.22746374592786922
Gray-Scott reaction-diffusion,spirals,A,train,box,3,0.17527345125222935,0.4027371971800986
Gray-Scott reaction-diffusion,spirals,A,train,box,4,0.11794045860413614,0.5206776557842347
Gray-Scott reaction-diffusion,spirals,A,train,box,5,0.1295394065654642,0.6502170623496989
Gray-Scott reaction-diffusion,spirals,A,train,box,6,0.07999820234151311,0.730215264691212
Gray-Scott reaction-diffusion,spirals,A,train,box,7,0.07120307970255202,0.801418344393764
Gray-Scott reaction-diffusion,spirals,A,train,box,8,0.05051999449421953,0.8519383388879835
Gray-Scott reaction-diffusion,spirals,A,train,box,9,0.04132555705631269,0.8932638959442962
Gray-Scott reaction-diffusion,spirals,A,train,box,10,0.027807102588576278,0.9210709985328726
Gray-Scott reaction-diffusion,spirals,A,train,box,11,0.021462450713132634,0.9425334492460051
Gray-Scott reaction-diffusion,spirals,A,train,box,12,0.014140952963301354,0.9566744022093066
Gray-Scott reaction-diffusion,spirals,A,train,box,13,0.012058190408609164,0.9687325926179157
Gray-Scott reaction-diffusion,spirals,A,train,box,14,0.00821646552623775,0.9769490581441534
Gray-Scott reaction-diffusion,spirals,A,train,box,15,0.005860200110508718,0.9828092582546621
Gray-Scott reaction-diffusion,spirals,A,train,box,16,0.004332474598627253,0.9871417328532894
Gray-Scott reaction-diffusion,spirals,A,train,box,17,0.0031575554375732574,0.9902992882908627
Gray-Scott reaction-diffusion,spirals,A,train,box,18,0.0022740677659277894,0.9925733560567904
Gray-Scott reaction-diffusion,spirals,A,train,box,19,0.0017186717782670191,0.9942920278350575
Gray-Scott reaction-diffusion,spirals,A,train,box,20,0.0012847336794862977,0.9955767615145439
Gray-Scott reaction-diffusion,spirals,A,train,box,21,0.0009203632958334442,0.9964971248103772
Gray-Scott reaction-diffusion,spirals,A,train,box,22,0.0007452066087070782,0.9972423314190844
Gray-Scott reaction-diffusion,spirals,A,train,box,23,0.0005689807901029436,0.9978113122091873
Gray-Scott reaction-diffusion,spirals,A,train,box,24,0.0004500817950248549,0.9982613940042121
Gray-Scott reaction-diffusion,spirals,A,train,box,25,0.0003534148681183241,0.9986148088723305
Gray-Scott reaction-diffusion,spirals,A,train,box,26,0.00027218345477866514,0.9988869923271091
Gray-Scott reaction-diffusion,spirals,A,train,box,27,0.00022227451011060058,0.9991092668372198
Gray-Scott reaction-diffusion,spirals,A,train,box,28,0.0001693424412542133,0.9992786092784739
Gray-Scott reaction-diffusion,spirals,A,train,box,29,0.00013860434548165356,0.9994172136239555
Gray-Scott reaction-diffusion,spirals,A,train,box,30,0.00011179522230689358,0.9995290088462624
Gray-Scott reaction-diffusion,spirals,A,train,box,31,9.031704191561103e-05,0.9996193258881779
Gray-Scott reaction-diffusion,spirals,A,train,box,32,7.227865912665097e-05,0.9996916045473045
Gray-Scott reaction-diffusion,spirals,A,train,box,33,5.692138766701873e-05,0.9997485259349717
Gray-Scott reaction-diffusion,spirals,A,train,box,34,4.6876549876046094e-05,0.9997954024848477
Gray-Scott reaction-diffusion,spirals,A,train,box,35,3.598322410095284e-05,0.9998313857089487
Gray-Scott reaction-diffusion,spirals,A,train,box,36,3.1685139045470144e-05,0.9998630708479943
Gray-Scott reaction-diffusion,spirals,A,train,box,37,2.427427973201427e-05,0.9998873451277263
Gray-Scott reaction-diffusion,spirals,A,train,box,38,1.8934847155710886e-05,0.9999062799748819
Gray-Scott reaction-diffusion,spirals,A,train,box,39,1.6729037439715613e-05,0.9999230090123216
Gray-Scott reaction-diffusion,spirals,A,train,box,40,1.3021094923004713e-05,0.9999360301072446
Gray-Scott reaction-diffusion,spirals,A,train,box,41,1.1400990541306006e-05,0.9999474310977859
Gray-Scott reaction-diffusion,spirals,A,train,box,42,9.178513579654152e-06,0.9999566096113657
Gray-Scott reaction-diffusion,spirals,A,train,box,43,7.404828244523201e-06,0.9999640144396101
Gray-Scott reaction-diffusion,spirals,A,train,box,44,6.455717171444437e-06,0.9999704701567816
Gray-Scott reaction-diffusion,spirals,A,train,box,45,4.831087969418019e-06,0.999975301244751
Gray-Scott reaction-diffusion,spirals,A,train,box,46,3.89098218480479e-06,0.9999791922269359
Gray-Scott reaction-diffusion,spirals,A,train,box,47,3.435524641305494e-06,0.9999826277515771
Gray-Scott reaction-diffusion,spirals,A,train,box,48,2.8006975733689694e-06,0.9999854284491505
Gray-Scott reaction-diffusion,spirals,A,train,box,49,2.4523826455394927e-06,0.9999878808317961
Gray-Scott reaction-diffusion,spirals,A,train,box,50,1.973725291853201e-06,0.999989854557088
Gray-Scott reaction-diffusion,spirals,A,train,box,51,1.6950000573277587e-06,0.9999915495571453
Gray-Scott reaction-diffusion,spirals,A,train,box,52,1.4017387162921483e-06,0.9999929512958616
Gray-Scott reaction-diffusion,spirals,A,train,box,53,1.168585469408769e-06,0.999994119881331
Gray-Scott reaction-diffusion,spirals,A,train,box,54,1.0052767744094305e-06,0.9999951251581055
Gray-Scott reaction-diffusion,spirals,A,train,box,55,8.890054532189048e-07,0.9999960141635587
Gray-Scott reaction-diffusion,spirals,A,train,box,56,7.032149027545941e-07,0.9999967173784614
Gray-Scott reaction-diffusion,spirals,A,train,box,57,6.253192654947385e-07,0.9999973426977269
Gray-Scott reaction-diffusion,spirals,A,train,box,58,5.445500215176384e-07,0.9999978872477483
Gray-Scott reaction-diffusion,spirals,A,train,box,59,4.5564612259772573e-07,0.9999983428938709
Gray-Scott reaction-diffusion,spirals,A,train,box,60,4.570268369325077e-07,0.999998799920708
Gray-Scott reaction-diffusion,spirals,A,train,box,61,3.9023006887605844e-07,0.9999991901507768
Gray-Scott reaction-diffusion,spirals,A,train,box,62,3.5501677998903545e-07,0.9999995451675567
Gray-Scott reaction-diffusion,spirals,A,train,box,63,3.085697076154883e-07,0.9999998537372644
Gray-Scott reaction-diffusion,spirals,A,train,box,64,1.4626273562509296e-07,1.0000000000000002
Gray-Scott reaction-diffusion,spirals,A,settled,radial,1,0.06558425173663462,0.06558425173663462
Gray-Scott reaction-diffusion,spirals,A,settled,radial,2,0.09600754855769504,0.16159180029432965
Gray-Scott reaction-diffusion,spirals,A,settled,radial,3,0.09328034191018338,0.25487214220451304
Gray-Scott reaction-diffusion,spirals,A,settled,radial,4,0.09911210907813427,0.3539842512826473
Gray-Scott reaction-diffusion,spirals,A,settled,radial,5,0.13009984616863568,0.48408409745128306
Gray-Scott reaction-diffusion,spirals,A,settled,radial,6,0.0936941344071578,0.5777782318584409
Gray-Scott reaction-diffusion,spirals,A,settled,radial,7,0.08763396839378207,0.6654122002522229
Gray-Scott reaction-diffusion,spirals,A,settled,radial,8,0.07469293547410188,0.7401051357263249
Gray-Scott reaction-diffusion,spirals,A,settled,radial,9,0.05539073470242835,0.7954958704287531
Gray-Scott reaction-diffusion,spirals,A,settled,radial,10,0.052452385372161514,0.8479482558009146
Gray-Scott reaction-diffusion,spirals,A,settled,radial,11,0.03699367960426638,0.8849419354051808
Gray-Scott reaction-diffusion,spirals,A,settled,radial,12,0.03202606212603454,0.9169679975312155
Gray-Scott reaction-diffusion,spirals,A,settled,radial,13,0.024540864087582732,0.9415088616187982
Gray-Scott reaction-diffusion,spirals,A,settled,radial,14,0.015401770193959498,0.9569106318127578
Gray-Scott reaction-diffusion,spirals,A,settled,radial,15,0.011414219413017282,0.9683248512257752
Gray-Scott reaction-diffusion,spirals,A,settled,radial,16,0.007900840396699572,0.9762256916224747
Gray-Scott reaction-diffusion,spirals,A,settled,radial,17,0.006228640826180938,0.9824543324486558
Gray-Scott reaction-diffusion,spirals,A,settled,radial,18,0.004336292370677147,0.986790624819333
Gray-Scott reaction-diffusion,spirals,A,settled,radial,19,0.0030751167531007715,0.9898657415724338
Gray-Scott reaction-diffusion,spirals,A,settled,radial,20,0.0022777153299920077,0.9921434569024258
Gray-Scott reaction-diffusion,spirals,A,settled,radial,21,0.0018770645945273747,0.9940205214969532
Gray-Scott reaction-diffusion,spirals,A,settled,radial,22,0.001302173776331633,0.9953226952732849
Gray-Scott reaction-diffusion,spirals,A,settled,radial,23,0.0009590714743328888,0.9962817667476177
Gray-Scott reaction-diffusion,spirals,A,settled,radial,24,0.0007854444382447433,0.9970672111858625
Gray-Scott reaction-diffusion,spirals,A,settled,radial,25,0.0006479123543145888,0.9977151235401771
Gray-Scott reaction-diffusion,spirals,A,settled,radial,26,0.0004988427537078797,0.998213966293885
Gray-Scott reaction-diffusion,spirals,A,settled,radial,27,0.0003491230595802949,0.9985630893534654
Gray-Scott reaction-diffusion,spirals,A,settled,radial,28,0.0002771021783373197,0.9988401915318027
Gray-Scott reaction-diffusion,spirals,A,settled,radial,29,0.00024037639175532663,0.999080567923558
Gray-Scott reaction-diffusion,spirals,A,settled,radial,30,0.00017756295625441152,0.9992581308798124
Gray-Scott reaction-diffusion,spirals,A,settled,radial,31,0.0001515697919819054,0.9994097006717944
Gray-Scott reaction-diffusion,spirals,A,settled,radial,32,0.00011182967631240558,0.9995215303481066
Gray-Scott reaction-diffusion,spirals,A,settled,radial,33,9.006121857389602e-05,0.9996115915666806
Gray-Scott reaction-diffusion,spirals,A,settled,radial,34,7.706182049582184e-05,0.9996886533871764
Gray-Scott reaction-diffusion,spirals,A,settled,radial,35,5.494068316165143e-05,0.9997435940703381
Gray-Scott reaction-diffusion,spirals,A,settled,radial,36,4.829517611453207e-05,0.9997918892464526
Gray-Scott reaction-diffusion,spirals,A,settled,radial,37,3.714769515148763e-05,0.9998290369416041
Gray-Scott reaction-diffusion,spirals,A,settled,radial,38,3.309584047646493e-05,0.9998621327820806
Gray-Scott reaction-diffusion,spirals,A,settled,radial,39,2.5305149949522538e-05,0.99988743793203
Gray-Scott reaction-diffusion,spirals,A,settled,radial,40,1.909374042650798e-05,0.9999065316724566
Gray-Scott reaction-diffusion,spirals,A,settled,radial,41,1.7543209282151743e-05,0.9999240748817387
Gray-Scott reaction-diffusion,spirals,A,settled,radial,42,1.3549950483710281e-05,0.9999376248322225
Gray-Scott reaction-diffusion,spirals,A,settled,radial,43,1.157234397418767e-05,0.9999491971761967
Gray-Scott reaction-diffusion,spirals,A,settled,radial,44,8.960024127255268e-06,0.9999581572003239
Gray-Scott reaction-diffusion,spirals,A,settled,radial,45,7.082826905944298e-06,0.9999652400272299
Gray-Scott reaction-diffusion,spirals,A,settled,radial,46,6.23432775437035e-06,0.9999714743549842
Gray-Scott reaction-diffusion,spirals,A,settled,radial,47,4.957832985617072e-06,0.9999764321879699
Gray-Scott reaction-diffusion,spirals,A,settled,radial,48,4.204171507761849e-06,0.9999806363594778
Gray-Scott reaction-diffusion,spirals,A,settled,radial,49,3.3365968559411e-06,0.9999839729563337
Gray-Scott reaction-diffusion,spirals,A,settled,radial,50,2.956132340997422e-06,0.9999869290886748
Gray-Scott reaction-diffusion,spirals,A,settled,radial,51,2.2990726090064194e-06,0.9999892281612837
Gray-Scott reaction-diffusion,spirals,A,settled,radial,52,1.816992393852036e-06,0.9999910451536774
Gray-Scott reaction-diffusion,spirals,A,settled,radial,53,1.6007488137100725e-06,0.9999926459024913
Gray-Scott reaction-diffusion,spirals,A,settled,radial,54,1.2550550751569396e-06,0.9999939009575664
Gray-Scott reaction-diffusion,spirals,A,settled,radial,55,1.1741280136730625e-06,0.9999950750855799
Gray-Scott reaction-diffusion,spirals,A,settled,radial,56,8.85941763028394e-07,0.999995961027343
Gray-Scott reaction-diffusion,spirals,A,settled,radial,57,7.617737734563532e-07,0.9999967228011164
Gray-Scott reaction-diffusion,spirals,A,settled,radial,58,6.415031732063575e-07,0.9999973643042895
Gray-Scott reaction-diffusion,spirals,A,settled,radial,59,5.373459066239328e-07,0.9999979016501961
Gray-Scott reaction-diffusion,spirals,A,settled,radial,60,4.5964675979583347e-07,0.999998361296956
Gray-Scott reaction-diffusion,spirals,A,settled,radial,61,3.9231610912676e-07,0.999998753613065
Gray-Scott reaction-diffusion,spirals,A,settled,radial,62,3.2397811137824034e-07,0.9999990775911763
Gray-Scott reaction-diffusion,spirals,A,settled,radial,63,2.868999180055149e-07,0.9999993644910943
Gray-Scott reaction-diffusion,spirals,A,settled,radial,64,2.0541496874223227e-07,0.999999569906063
Gray-Scott reaction-diffusion,spirals,A,settled,radial,65,1.318768918340207e-07,0.9999997017829549
Gray-Scott reaction-diffusion,spirals,A,settled,radial,66,8.744271738408789e-08,0.9999997892256722
Gray-Scott reaction-diffusion,spirals,A,settled,radial,67,6.621967861379662e-08,0.9999998554453507
Gray-Scott reaction-diffusion,spirals,A,settled,radial,68,5.0937482344140225e-08,0.9999999063828332
Gray-Scott reaction-diffusion,spirals,A,settled,radial,69,3.23392319731452e-08,0.9999999387220652
Gray-Scott reaction-diffusion,spirals,A,settled,radial,70,2.0578211355007964e-08,0.9999999593002765
Gray-Scott reaction-diffusion,spirals,A,settled,radial,71,1.712205693788288e-08,0.9999999764223334
Gray-Scott reaction-diffusion,spirals,A,settled,radial,72,1.1526668223425786e-08,0.9999999879490017
Gray-Scott reaction-diffusion,spirals,A,settled,radial,73,6.3392774898395136e-09,0.9999999942882791
Gray-Scott reaction-diffusion,spirals,A,settled,radial,74,3.950873684799226e-09,0.9999999982391528
Gray-Scott reaction-diffusion,spirals,A,settled,radial,75,1.3270594803699205e-09,0.9999999995662122
Gray-Scott reaction-diffusion,spirals,A,settled,radial,76,4.3378767130647116e-10,0.9999999999999998
Gray-Scott reaction-diffusion,spirals,A,settled,radial,77,3.090812154337702e-17,0.9999999999999998
Gray-Scott reaction-diffusion,spirals,A,settled,radial,78,2.2269944032488496e-17,0.9999999999999998
Gray-Scott reaction-diffusion,spirals,A,settled,radial,79,2.4173073416196236e-17,0.9999999999999998
Gray-Scott reaction-diffusion,spirals,A,settled,radial,80,1.9686892726078936e-17,0.9999999999999998
Gray-Scott reaction-diffusion,spirals,A,settled,radial,81,1.518807769016033e-17,0.9999999999999998
Gray-Scott reaction-diffusion,spirals,A,settled,radial,82,2.0638479239986432e-17,0.9999999999999998
Gray-Scott reaction-diffusion,spirals,A,settled,radial,83,1.0324711362398998e-17,0.9999999999999998
Gray-Scott reaction-diffusion,spirals,A,settled,radial,84,1.4857421724322663e-17,0.9999999999999998
Gray-Scott reaction-diffusion,spirals,A,settled,radial,85,7.474010888955135e-18,0.9999999999999998
Gray-Scott reaction-diffusion,spirals,A,settled,radial,86,7.558192239486794e-18,0.9999999999999998
Gray-Scott reaction-diffusion,spirals,A,settled,radial,87,6.837695905334702e-18,0.9999999999999998
Gray-Scott reaction-diffusion,spirals,A,settled,radial,88,2.842495619334525e-18,0.9999999999999998
Gray-Scott reaction-diffusion,spirals,A,settled,radial,89,2.7956708068099276e-18,0.9999999999999998
Gray-Scott reaction-diffusion,spirals,A,settled,radial,90,2.379247298231886e-19,0.9999999999999998
Gray-Scott reaction-diffusion,spirals,A,settled,box,1,0.06558425173663462,0.06558425173663462
Gray-Scott reaction-diffusion,spirals,A,settled,box,2,0.09600754855769504,0.16159180029432965
Gray-Scott reaction-diffusion,spirals,A,settled,box,3,0.110321584905398,0.2719133851997277
Gray-Scott reaction-diffusion,spirals,A,settled,box,4,0.1215224373637302,0.3934358225634579
Gray-Scott reaction-diffusion,spirals,A,settled,box,5,0.11921294410959822,0.512648766673056
Gray-Scott reaction-diffusion,spirals,A,settled,box,6,0.10544954334718198,0.6180983100202381
Gray-Scott reaction-diffusion,spirals,A,settled,box,7,0.08527497430662877,0.7033732843268669
Gray-Scott reaction-diffusion,spirals,A,settled,box,8,0.07063027275097285,0.7740035570778397
Gray-Scott reaction-diffusion,spirals,A,settled,box,9,0.05657313859204478,0.8305766956698846
Gray-Scott reaction-diffusion,spirals,A,settled,box,10,0.04634303555351289,0.8769197312233974
Gray-Scott reaction-diffusion,spirals,A,settled,box,11,0.03537655175187604,0.9122962829752734
Gray-Scott reaction-diffusion,spirals,A,settled,box,12,0.02535928483411553,0.937655567809389
Gray-Scott reaction-diffusion,spirals,A,settled,box,13,0.017750612176163198,0.9554061799855522
Gray-Scott reaction-diffusion,spirals,A,settled,box,14,0.012743816518029909,0.968149996503582
Gray-Scott reaction-diffusion,spirals,A,settled,box,15,0.008874274389611898,0.977024270893194
Gray-Scott reaction-diffusion,spirals,A,settled,box,16,0.006203712310967942,0.9832279832041619
Gray-Scott reaction-diffusion,spirals,A,settled,box,17,0.004327601141732069,0.987555584345894
Gray-Scott reaction-diffusion,spirals,A,settled,box,18,0.003100359205369543,0.9906559435512635
Gray-Scott reaction-diffusion,spirals,A,settled,box,19,0.0022636077884239433,0.9929195513396875
Gray-Scott reaction-diffusion,spirals,A,settled,box,20,0.0017136439683838644,0.9946331953080714
Gray-Scott reaction-diffusion,spirals,A,settled,box,21,0.0012626835424496545,0.995895878850521
Gray-Scott reaction-diffusion,spirals,A,settled,box,22,0.0009425626313214816,0.9968384414818425
Gray-Scott reaction-diffusion,spirals,A,settled,box,23,0.0007093154682909267,0.9975477569501335
Gray-Scott reaction-diffusion,spirals,A,settled,box,24,0.000544237697247746,0.9980919946473812
Gray-Scott reaction-diffusion,spirals,A,settled,box,25,0.00041843492781935083,0.9985104295752006
Gray-Scott reaction-diffusion,spirals,A,settled,box,26,0.0003233680341530983,0.9988337976093538
Gray-Scott reaction-diffusion,spirals,A,settled,box,27,0.00024525428928092314,0.9990790518986348
Gray-Scott reaction-diffusion,spirals,A,settled,box,28,0.00019335284132565263,0.9992724047399605
Gray-Scott reaction-diffusion,spirals,A,settled,box,29,0.00015118645476819179,0.9994235911947286
Gray-Scott reaction-diffusion,spirals,A,settled,box,30,0.00011760778907694915,0.9995411989838056
Gray-Scott reaction-diffusion,spirals,A,settled,box,31,9.24567085055759e-05,0.9996336556923112
Gray-Scott reaction-diffusion,spirals,A,settled,box,32,7.305635517872336e-05,0.99970671204749
Gray-Scott reaction-diffusion,spirals,A,settled,box,33,5.811187020904275e-05,0.999764823917699
Gray-Scott reaction-diffusion,spirals,A,settled,box,34,4.612018041738503e-05,0.9998109440981163
Gray-Scott reaction-diffusion,spirals,A,settled,box,35,3.662658880946328e-05,0.9998475706869259
Gray-Scott reaction-diffusion,spirals,A,settled,box,36,2.959774515952902e-05,0.9998771684320854
Gray-Scott reaction-diffusion,spirals,A,settled,box,37,2.3504400564646726e-05,0.9999006728326499
Gray-Scott reaction-diffusion,spirals,A,settled,box,38,1.889170379753821e-05,0.9999195645364475
Gray-Scott reaction-diffusion,spirals,A,settled,box,39,1.5214047715491264e-05,0.999934778584163
Gray-Scott reaction-diffusion,spirals,A,settled,box,40,1.2216260700847055e-05,0.9999469948448638
Gray-Scott reaction-diffusion,spirals,A,settled,box,41,9.90799060254193e-06,0.9999569028354665
Gray-Scott reaction-diffusion,spirals,A,settled,box,42,8.034579258120823e-06,0.9999649374147246
Gray-Scott reaction-diffusion,spirals,A,settled,box,43,6.478709333497256e-06,0.999971416124058
Gray-Scott reaction-diffusion,spirals,A,settled,box,44,5.263698053372639e-06,0.9999766798221115
Gray-Scott reaction-diffusion,spirals,A,settled,box,45,4.258462933866437e-06,0.9999809382850452
Gray-Scott reaction-diffusion,spirals,A,settled,box,46,3.4694345890369194e-06,0.9999844077196343
Gray-Scott reaction-diffusion,spirals,A,settled,box,47,2.795636493271576e-06,0.9999872033561276
Gray-Scott reaction-diffusion,spirals,A,settled,box,48,2.2635020380568224e-06,0.9999894668581657
Gray-Scott reaction-diffusion,spirals,A,settled,box,49,1.8961787996407942e-06,0.9999913630369653
Gray-Scott reaction-diffusion,spirals,A,settled,box,50,1.5414032852783635e-06,0.9999929044402506
Gray-Scott reaction-diffusion,spirals,A,settled,box,51,1.2607644319506076e-06,0.9999941652046825
Gray-Scott reaction-diffusion,spirals,A,settled,box,52,1.0588311725777336e-06,0.9999952240358551
Gray-Scott reaction-diffusion,spirals,A,settled,box,53,8.506378111309341e-07,0.9999960746736661
Gray-Scott reaction-diffusion,spirals,A,settled,box,54,7.175968254235493e-07,0.9999967922704917
Gray-Scott reaction-diffusion,spirals,A,settled,box,55,5.957502539156333e-07,0.9999973880207456
Gray-Scott reaction-diffusion,spirals,A,settled,box,56,4.951386992480783e-07,0.9999978831594448
Gray-Scott reaction-diffusion,spirals,A,settled,box,57,4.263933297405522e-07,0.9999983095527745
Gray-Scott reaction-diffusion,spirals,A,settled,box,58,3.621526651864781e-07,0.9999986717054397
Gray-Scott reaction-diffusion,spirals,A,settled,box,59,3.110184218770404e-07,0.9999989827238616
Gray-Scott reaction-diffusion,spirals,A,settled,box,60,2.728132398957713e-07,0.9999992555371015
Gray-Scott reaction-diffusion,spirals,A,settled,box,61,2.3829052719769651e-07,0.9999994938276285
Gray-Scott reaction-diffusion,spirals,A,settled,box,62,2.1725474320214731e-07,0.9999997110823717
Gray-Scott reaction-diffusion,spirals,A,settled,box,63,1.9754139730055238e-07,0.9999999086237691
Gray-Scott reaction-diffusion,spirals,A,settled,box,64,9.137623111792128e-08,1.0000000000000002
Gray-Scott reaction-diffusion,spirals,B,full,radial,1,0.03413208206291612,0.03413208206291612
Gray-Scott reaction-diffusion,spirals,B,full,radial,2,0.05324444143532267,0.08737652349823878
Gray-Scott reaction-diffusion,spirals,B,full,radial,3,0.05827840401810584,0.14565492751634462
Gray-Scott reaction-diffusion,spirals,B,full,radial,4,0.06192512696666884,0.20758005448301348
Gray-Scott reaction-diffusion,spirals,B,full,radial,5,0.0912902451152936,0.2988702995983071
Gray-Scott reaction-diffusion,spirals,B,full,radial,6,0.06909857758822899,0.3679688771865361
Gray-Scott reaction-diffusion,spirals,B,full,radial,7,0.07687912627425841,0.44484800346079445
Gray-Scott reaction-diffusion,spirals,B,full,radial,8,0.07437868067982241,0.5192266841406169
Gray-Scott reaction-diffusion,spirals,B,full,radial,9,0.0638823329734922,0.5831090171141091
Gray-Scott reaction-diffusion,spirals,B,full,radial,10,0.06895796645842697,0.6520669835725361
Gray-Scott reaction-diffusion,spirals,B,full,radial,11,0.055009251112769546,0.7070762346853057
Gray-Scott reaction-diffusion,spirals,B,full,radial,12,0.05430920098767785,0.7613854356729834
Gray-Scott reaction-diffusion,spirals,B,full,radial,13,0.04892659135743852,0.8103120270304219
Gray-Scott reaction-diffusion,spirals,B,full,radial,14,0.03472181625360726,0.8450338432840292
Gray-Scott reaction-diffusion,spirals,B,full,radial,15,0.028921044380495954,0.8739548876645251
Gray-Scott reaction-diffusion,spirals,B,full,radial,16,0.02239825310109296,0.8963531407656181
Gray-Scott reaction-diffusion,spirals,B,full,radial,17,0.020139372716799425,0.9164925134824176
Gray-Scott reaction-diffusion,spirals,B,full,radial,18,0.015394989104837479,0.9318875025872551
Gray-Scott reaction-diffusion,spirals,B,full,radial,19,0.012020359594499994,0.9439078621817549
Gray-Scott reaction-diffusion,spirals,B,full,radial,20,0.009692840367157096,0.953600702548912
Gray-Scott reaction-diffusion,spirals,B,full,radial,21,0.008617051993649961,0.962217754542562
Gray-Scott reaction-diffusion,spirals,B,full,radial,22,0.006395392244427337,0.9686131467869893
Gray-Scott reaction-diffusion,spirals,B,full,radial,23,0.005172745429474587,0.9737858922164639
Gray-Scott reaction-diffusion,spirals,B,full,radial,24,0.004452380566295798,0.9782382727827597
Gray-Scott reaction-diffusion,spirals,B,full,radial,25,0.003916458383769025,0.9821547311665287
Gray-Scott reaction-diffusion,spirals,B,full,radial,26,0.0032123258758020947,0.985367057042331
Gray-Scott reaction-diffusion,spirals,B,full,radial,27,0.00239948761636918,0.9877665446587001
Gray-Scott reaction-diffusion,spirals,B,full,radial,28,0.0019683818972102813,0.9897349265559103
Gray-Scott reaction-diffusion,spirals,B,full,radial,29,0.0017975802555786186,0.9915325068114889
Gray-Scott reaction-diffusion,spirals,B,full,radial,30,0.0014044753758696237,0.9929369821873586
Gray-Scott reaction-diffusion,spirals,B,full,radial,31,0.0012380472673680545,0.9941750294547266
Gray-Scott reaction-diffusion,spirals,B,full,radial,32,0.0009586103178316418,0.9951336397725582
Gray-Scott reaction-diffusion,spirals,B,full,radial,33,0.000804665490430492,0.9959383052629888
Gray-Scott reaction-diffusion,spirals,B,full,radial,34,0.0007080540550839663,0.9966463593180727
Gray-Scott reaction-diffusion,spirals,B,full,radial,35,0.0005214662473911495,0.9971678255654638
Gray-Scott reaction-diffusion,spirals,B,full,radial,36,0.0004753186258510527,0.9976431441913148
Gray-Scott reaction-diffusion,spirals,B,full,radial,37,0.00037729455175558157,0.9980204387430706
Gray-Scott reaction-diffusion,spirals,B,full,radial,38,0.0003448537854363426,0.9983652925285069
Gray-Scott reaction-diffusion,spirals,B,full,radial,39,0.00027061737591454115,0.9986359099044215
Gray-Scott reaction-diffusion,spirals,B,full,radial,40,0.000208647650910234,0.9988445575553317
Gray-Scott reaction-diffusion,spirals,B,full,radial,41,0.00019858659519806233,0.9990431441505299
Gray-Scott reaction-diffusion,spirals,B,full,radial,42,0.00015604206643107977,0.9991991862169609
Gray-Scott reaction-diffusion,spirals,B,full,radial,43,0.00013752684012234613,0.9993367130570833
Gray-Scott reaction-diffusion,spirals,B,full,radial,44,0.00010847773201205867,0.9994451907890953
Gray-Scott reaction-diffusion,spirals,B,full,radial,45,8.716714047968148e-05,0.999532357929575
Gray-Scott reaction-diffusion,spirals,B,full,radial,46,7.788888463588799e-05,0.9996102468142108
Gray-Scott reaction-diffusion,spirals,B,full,radial,47,6.311115771482293e-05,0.9996733579719256
Gray-Scott reaction-diffusion,spirals,B,full,radial,48,5.4414293965907705e-05,0.9997277722658915
Gray-Scott reaction-diffusion,spirals,B,full,radial,49,4.37730680937778e-05,0.9997715453339854
Gray-Scott reaction-diffusion,spirals,B,full,radial,50,3.9691686199515e-05,0.9998112370201848
Gray-Scott reaction-diffusion,spirals,B,full,radial,51,3.1267515299293365e-05,0.9998425045354841
Gray-Scott reaction-diffusion,spirals,B,full,radial,52,2.505990283516205e-05,0.9998675644383193
Gray-Scott reaction-diffusion,spirals,B,full,radial,53,2.2557623002958488e-05,0.9998901220613222
Gray-Scott reaction-diffusion,spirals,B,full,radial,54,1.78372927241987e-05,0.9999079593540464
Gray-Scott reaction-diffusion,spirals,B,full,radial,55,1.6959156288480612e-05,0.9999249185103349
Gray-Scott reaction-diffusion,spirals,B,full,radial,56,1.2928713562609783e-05,0.9999378472238976
Gray-Scott reaction-diffusion,spirals,B,full,radial,57,1.123266832667986e-05,0.9999490798922241
Gray-Scott reaction-diffusion,spirals,B,full,radial,58,9.584138258257118e-06,0.9999586640304825
Gray-Scott reaction-diffusion,spirals,B,full,radial,59,8.121379834930753e-06,0.9999667854103174
Gray-Scott reaction-diffusion,spirals,B,full,radial,60,7.068105432564543e-06,0.99997385351575
Gray-Scott reaction-diffusion,spirals,B,full,radial,61,6.09601184000923e-06,0.9999799495275901
Gray-Scott reaction-diffusion,spirals,B,full,radial,62,5.1095895362074345e-06,0.9999850591171262
Gray-Scott reaction-diffusion,spirals,B,full,radial,63,4.539406428697794e-06,0.999989598523555
Gray-Scott reaction-diffusion,spirals,B,full,radial,64,3.2810025454609827e-06,0.9999928795261004
Gray-Scott reaction-diffusion,spirals,B,full,radial,65,2.1439788598966502e-06,0.9999950235049603
Gray-Scott reaction-diffusion,spirals,B,full,radial,66,1.4303024452081435e-06,0.9999964538074055
Gray-Scott reaction-diffusion,spirals,B,full,radial,67,1.0972847107644776e-06,0.9999975510921163
Gray-Scott reaction-diffusion,spirals,B,full,radial,68,8.499733928386248e-07,0.9999984010655092
Gray-Scott reaction-diffusion,spirals,B,full,radial,69,5.425464792138904e-07,0.9999989436119885
Gray-Scott reaction-diffusion,spirals,B,full,radial,70,3.5003781389117785e-07,0.9999992936498023
Gray-Scott reaction-diffusion,spirals,B,full,radial,71,2.9272767665275095e-07,0.9999995863774789
Gray-Scott reaction-diffusion,spirals,B,full,radial,72,2.0408348198999277e-07,0.9999997904609609
Gray-Scott reaction-diffusion,spirals,B,full,radial,73,1.0947042691287554e-07,0.9999998999313878
Gray-Scott reaction-diffusion,spirals,B,full,radial,74,6.902202510445778e-08,0.999999968953413
Gray-Scott reaction-diffusion,spirals,B,full,radial,75,2.3532611924369135e-08,0.999999992486025
Gray-Scott reaction-diffusion,spirals,B,full,radial,76,7.513975279365372e-09,1.0000000000000002
Gray-Scott reaction-diffusion,spirals,B,full,radial,77,1.0161389656684096e-17,1.0000000000000002
Gray-Scott reaction-diffusion,spirals,B,full,radial,78,7.320845971763238e-18,1.0000000000000002
Gray-Scott reaction-diffusion,spirals,B,full,radial,79,7.956786630704798e-18,1.0000000000000002
Gray-Scott reaction-diffusion,spirals,B,full,radial,80,6.380516648395587e-18,1.0000000000000002
Gray-Scott reaction-diffusion,spirals,B,full,radial,81,4.904370906680807e-18,1.0000000000000002
Gray-Scott reaction-diffusion,spirals,B,full,radial,82,6.7398093485044625e-18,1.0000000000000002
Gray-Scott reaction-diffusion,spirals,B,full,radial,83,3.394146653957135e-18,1.0000000000000002
Gray-Scott reaction-diffusion,spirals,B,full,radial,84,4.8573039119748595e-18,1.0000000000000002
Gray-Scott reaction-diffusion,spirals,B,full,radial,85,2.4312841885413317e-18,1.0000000000000002
Gray-Scott reaction-diffusion,spirals,B,full,radial,86,2.45012128801565e-18,1.0000000000000002
Gray-Scott reaction-diffusion,spirals,B,full,radial,87,2.113412305619329e-18,1.0000000000000002
Gray-Scott reaction-diffusion,spirals,B,full,radial,88,9.148991597586129e-19,1.0000000000000002
Gray-Scott reaction-diffusion,spirals,B,full,radial,89,9.195381638201098e-19,1.0000000000000002
Gray-Scott reaction-diffusion,spirals,B,full,radial,90,7.283918857601461e-20,1.0000000000000002
Gray-Scott reaction-diffusion,spirals,B,full,box,1,0.03413208206291611,0.03413208206291611
Gray-Scott reaction-diffusion,spirals,B,full,box,2,0.053244441435322656,0.08737652349823877
Gray-Scott reaction-diffusion,spirals,B,full,box,3,0.06921558580292703,0.1565921093011658
Gray-Scott reaction-diffusion,spirals,B,full,box,4,0.07814062597380807,0.23473273527497385
Gray-Scott reaction-diffusion,spirals,B,full,box,5,0.08574741291965039,0.3204801481946243
Gray-Scott reaction-diffusion,spirals,B,full,box,6,0.08424428554963805,0.4047244337442623
Gray-Scott reaction-diffusion,spirals,B,full,box,7,0.07994402850080574,0.48466846224506804
Gray-Scott reaction-diffusion,spirals,B,full,box,8,0.07702685682867615,0.5616953190737443
Gray-Scott reaction-diffusion,spirals,B,full,box,9,0.0720881570685331,0.6337834761422774
Gray-Scott reaction-diffusion,spirals,B,full,box,10,0.06635040141700597,0.7001338775592834
Gray-Scott reaction-diffusion,spirals,B,full,box,11,0.058138456206174395,0.7582723337654579
Gray-Scott reaction-diffusion,spirals,B,full,box,12,0.04785438186223011,0.806126715627688
Gray-Scott reaction-diffusion,spirals,B,full,box,13,0.03913989117721874,0.8452666068049066
Gray-Scott reaction-diffusion,spirals,B,full,box,14,0.03134891090915721,0.8766155177140639
Gray-Scott reaction-diffusion,spirals,B,full,box,15,0.024845586208457053,0.9014611039225209
Gray-Scott reaction-diffusion,spirals,B,full,box,16,0.019514706666802533,0.9209758105893234
Gray-Scott reaction-diffusion,spirals,B,full,box,17,0.01540299444029796,0.9363788050296213
Gray-Scott reaction-diffusion,spirals,B,full,box,18,0.01212719107888772,0.9485059961085092
Gray-Scott reaction-diffusion,spirals,B,full,box,19,0.009727172722067523,0.9582331688305767
Gray-Scott reaction-diffusion,spirals,B,full,box,20,0.00790006100883456,0.9661332298394113
Gray-Scott reaction-diffusion,spirals,B,full,box,21,0.006298357240012858,0.9724315870794242
Gray-Scott reaction-diffusion,spirals,B,full,box,22,0.005089535992760804,0.977521123072185
Gray-Scott reaction-diffusion,spirals,B,full,box,23,0.004117457778125669,0.9816385808503107
Gray-Scott reaction-diffusion,spirals,B,full,box,24,0.003358855103734105,0.9849974359540448
Gray-Scott reaction-diffusion,spirals,B,full,box,25,0.002725291349185635,0.9877227273032305
Gray-Scott reaction-diffusion,spirals,B,full,box,26,0.0022213639661867127,0.9899440912694172
Gray-Scott reaction-diffusion,spirals,B,full,box,27,0.0018107554048239882,0.9917548466742411
Gray-Scott reaction-diffusion,spirals,B,full,box,28,0.001472567547106668,0.9932274142213476
Gray-Scott reaction-diffusion,spirals,B,full,box,29,0.0012107523580263796,0.9944381665793739
Gray-Scott reaction-diffusion,spirals,B,full,box,30,0.0009880324106914062,0.9954261989900652
Gray-Scott reaction-diffusion,spirals,B,full,box,31,0.0008053043272435805,0.9962315033173088
Gray-Scott reaction-diffusion,spirals,B,full,box,32,0.0006640381763056009,0.9968955414936146
Gray-Scott reaction-diffusion,spirals,B,full,box,33,0.000544507340973492,0.9974400488345879
Gray-Scott reaction-diffusion,spirals,B,full,box,34,0.0004470740517954,0.9978871228863834
Gray-Scott reaction-diffusion,spirals,B,full,box,35,0.00036703539461799023,0.9982541582810014
Gray-Scott reaction-diffusion,spirals,B,full,box,36,0.00030554921341991825,0.9985597074944212
Gray-Scott reaction-diffusion,spirals,B,full,box,37,0.00024955761051466055,0.9988092651049361
Gray-Scott reaction-diffusion,spirals,B,full,box,38,0.00020515177943584832,0.9990144168843719
Gray-Scott reaction-diffusion,spirals,B,full,box,39,0.00017052684685627776,0.9991849437312282
Gray-Scott reaction-diffusion,spirals,B,full,box,40,0.00013992471264587068,0.999324868443874
Gray-Scott reaction-diffusion,spirals,B,full,box,41,0.00011618951068242878,0.9994410579545564
Gray-Scott reaction-diffusion,spirals,B,full,box,42,9.675918730444374e-05,0.9995378171418609
Gray-Scott reaction-diffusion,spirals,B,full,box,43,7.93846139535396e-05,0.9996172017558145
Gray-Scott reaction-diffusion,spirals,B,full,box,44,6.567587492988088e-05,0.9996828776307444
Gray-Scott reaction-diffusion,spirals,B,full,box,45,5.3982203891890634e-05,0.9997368598346363
Gray-Scott reaction-diffusion,spirals,B,full,box,46,4.459322535277733e-05,0.9997814530599892
Gray-Scott reaction-diffusion,spirals,B,full,box,47,3.689851527325413e-05,0.9998183515752624
Gray-Scott reaction-diffusion,spirals,B,full,box,48,3.03419723460949e-05,0.9998486935476085
Gray-Scott reaction-diffusion,spirals,B,full,box,49,2.5639908419257646e-05,0.9998743334560278
Gray-Scott reaction-diffusion,spirals,B,full,box,50,2.1237810238502207e-05,0.9998955712662664
Gray-Scott reaction-diffusion,spirals,B,full,box,51,1.7745753609360903e-05,0.9999133170198758
Gray-Scott reaction-diffusion,spirals,B,full,box,52,1.4845889957216272e-05,0.999928162909833
Gray-Scott reaction-diffusion,spirals,B,full,box,53,1.2275818018725792e-05,0.9999404387278517
Gray-Scott reaction-diffusion,spirals,B,full,box,54,1.0440795712462647e-05,0.9999508795235641
Gray-Scott reaction-diffusion,spirals,B,full,box,55,8.813159976265101e-06,0.9999596926835405
Gray-Scott reaction-diffusion,spirals,B,full,box,56,7.3630455357027e-06,0.9999670557290763
Gray-Scott reaction-diffusion,spirals,B,full,box,57,6.4231692019524625e-06,0.9999734788982781
Gray-Scott reaction-diffusion,spirals,B,full,box,58,5.534509697665408e-06,0.9999790134079758
Gray-Scott reaction-diffusion,spirals,B,full,box,59,4.7759775627702725e-06,0.9999837893855386
Gray-Scott reaction-diffusion,spirals,B,full,box,60,4.279498871855141e-06,0.9999880688844104
Gray-Scott reaction-diffusion,spirals,B,full,box,61,3.786917276114158e-06,0.9999918558016865
Gray-Scott reaction-diffusion,spirals,B,full,box,62,3.487375961314854e-06,0.9999953431776477
Gray-Scott reaction-diffusion,spirals,B,full,box,63,3.167809248303981e-06,0.999998510986896
Gray-Scott reaction-diffusion,spirals,B,full,box,64,1.4890131041542652e-06,1.0
Gray-Scott reaction-diffusion,spirals,B,train,radial,1,0.03686434584000428,0.03686434584000428
Gray-Scott reaction-diffusion,spirals,B,train,radial,2,0.09886994059953844,0.13573428643954272
Gray-Scott reaction-diffusion,spirals,B,train,radial,3,0.09996583415679454,0.23570012059633727
Gray-Scott reaction-diffusion,spirals,B,train,radial,4,0.07612773237052804,0.3118278529668653
Gray-Scott reaction-diffusion,spirals,B,train,radial,5,0.11225283698248607,0.4240806899493514
Gray-Scott reaction-diffusion,spirals,B,train,radial,6,0.06908456231005633,0.4931652522594077
Gray-Scott reaction-diffusion,spirals,B,train,radial,7,0.07235112782431678,0.5655163800837245
Gray-Scott reaction-diffusion,spirals,B,train,radial,8,0.06908050997632492,0.6345968900600495
Gray-Scott reaction-diffusion,spirals,B,train,radial,9,0.05818623916677105,0.6927831292268205
Gray-Scott reaction-diffusion,spirals,B,train,radial,10,0.05288689278993323,0.7456700220167537
Gray-Scott reaction-diffusion,spirals,B,train,radial,11,0.03916020514540414,0.7848302271621578
Gray-Scott reaction-diffusion,spirals,B,train,radial,12,0.03597376980174842,0.8208039969639063
Gray-Scott reaction-diffusion,spirals,B,train,radial,13,0.03537500020275152,0.8561789971666578
Gray-Scott reaction-diffusion,spirals,B,train,radial,14,0.024156415472428486,0.8803354126390862
Gray-Scott reaction-diffusion,spirals,B,train,radial,15,0.019853178890150865,0.9001885915292371
Gray-Scott reaction-diffusion,spirals,B,train,radial,16,0.016631683308580444,0.9168202748378176
Gray-Scott reaction-diffusion,spirals,B,train,radial,17,0.015582845166483292,0.9324031200043008
Gray-Scott reaction-diffusion,spirals,B,train,radial,18,0.01159437876423564,0.9439974987685366
Gray-Scott reaction-diffusion,spirals,B,train,radial,19,0.009309451264484547,0.953306950033021
Gray-Scott reaction-diffusion,spirals,B,train,radial,20,0.007533411275229404,0.9608403613082505
Gray-Scott reaction-diffusion,spirals,B,train,radial,21,0.006332837773928482,0.9671731990821789
Gray-Scott reaction-diffusion,spirals,B,train,radial,22,0.0049651414272184275,0.9721383405093974
Gray-Scott reaction-diffusion,spirals,B,train,radial,23,0.004238111926975093,0.9763764524363726
Gray-Scott reaction-diffusion,spirals,B,train,radial,24,0.003768802611498509,0.9801452550478711
Gray-Scott reaction-diffusion,spirals,B,train,radial,25,0.003257241623511843,0.9834024966713828
Gray-Scott reaction-diffusion,spirals,B,train,radial,26,0.0027398822044770936,0.98614237887586
Gray-Scott reaction-diffusion,spirals,B,train,radial,27,0.002102049720292555,0.9882444285961526
Gray-Scott reaction-diffusion,spirals,B,train,radial,28,0.001706480079150547,0.989950908675303
Gray-Scott reaction-diffusion,spirals,B,train,radial,29,0.0016324192336310648,0.9915833279089341
Gray-Scott reaction-diffusion,spirals,B,train,radial,30,0.0012942533867571536,0.9928775812956911
Gray-Scott reaction-diffusion,spirals,B,train,radial,31,0.0011434078721845107,0.9940209891678757
Gray-Scott reaction-diffusion,spirals,B,train,radial,32,0.0008954527118678844,0.9949164418797436
Gray-Scott reaction-diffusion,spirals,B,train,radial,33,0.0008180810836235806,0.9957345229633672
Gray-Scott reaction-diffusion,spirals,B,train,radial,34,0.00070925789923768,0.9964437808626049
Gray-Scott reaction-diffusion,spirals,B,train,radial,35,0.0005079908215108231,0.9969517716841158
Gray-Scott reaction-diffusion,spirals,B,train,radial,36,0.00048823807353474405,0.9974400097576506
Gray-Scott reaction-diffusion,spirals,B,train,radial,37,0.0003867711532999191,0.9978267809109503
Gray-Scott reaction-diffusion,spirals,B,train,radial,38,0.00034695413847696336,0.9981737350494274
Gray-Scott reaction-diffusion,spirals,B,train,radial,39,0.00027405315488879413,0.9984477882043161
Gray-Scott reaction-diffusion,spirals,B,train,radial,40,0.00021284264844546508,0.9986606308527617
Gray-Scott reaction-diffusion,spirals,B,train,radial,41,0.00021992295680202547,0.9988805538095636
Gray-Scott reaction-diffusion,spirals,B,train,radial,42,0.00016424362596473857,0.9990447974355283
Gray-Scott reaction-diffusion,spirals,B,train,radial,43,0.00015339321098902065,0.9991981906465174
Gray-Scott reaction-diffusion,spirals,B,train,radial,44,0.00012460464530671993,0.9993227952918241
Gray-Scott reaction-diffusion,spirals,B,train,radial,45,9.906041914686636e-05,0.9994218557109709
Gray-Scott reaction-diffusion,spirals,B,train,radial,46,8.618791888609046e-05,0.9995080436298569
Gray-Scott reaction-diffusion,spirals,B,train,radial,47,7.165751712523889e-05,0.9995797011469821
Gray-Scott reaction-diffusion,spirals,B,train,radial,48,6.322633284243494e-05,0.9996429274798245
Gray-Scott reaction-diffusion,spirals,B,train,radial,49,5.1828181571385564e-05,0.9996947556613959
Gray-Scott reaction-diffusion,spirals,B,train,radial,50,4.914995079699305e-05,0.9997439056121928
Gray-Scott reaction-diffusion,spirals,B,train,radial,51,3.862482634441243e-05,0.9997825304385373
Gray-Scott reaction-diffusion,spirals,B,train,radial,52,3.1210840242237876e-05,0.9998137412787795
Gray-Scott reaction-diffusion,spirals,B,train,radial,53,2.9890794474843132e-05,0.9998436320732543
Gray-Scott reaction-diffusion,spirals,B,train,radial,54,2.404218488124938e-05,0.9998676742581355
Gray-Scott reaction-diffusion,spirals,B,train,radial,55,2.2799356419439274e-05,0.999890473614555
Gray-Scott reaction-diffusion,spirals,B,train,radial,56,1.749397510519564e-05,0.9999079675896602
Gray-Scott reaction-diffusion,spirals,B,train,radial,57,1.5177390357341736e-05,0.9999231449800176
Gray-Scott reaction-diffusion,spirals,B,train,radial,58,1.3457942807751288e-05,0.9999366029228254
Gray-Scott reaction-diffusion,spirals,B,train,radial,59,1.1468796778229464e-05,0.9999480717196035
Gray-Scott reaction-diffusion,spirals,B,train,radial,60,1.0534368557275688e-05,0.9999586060881609
Gray-Scott reaction-diffusion,spirals,B,train,radial,61,9.481584180260831e-06,0.9999680876723411
Gray-Scott reaction-diffusion,spirals,B,train,radial,62,7.908425359329e-06,0.9999759960977005
Gray-Scott reaction-diffusion,spirals,B,train,radial,63,6.906060330371816e-06,0.9999829021580309
Gray-Scott reaction-diffusion,spirals,B,train,radial,64,5.014216213264031e-06,0.9999879163742441
Gray-Scott reaction-diffusion,spirals,B,train,radial,65,3.4443429321468417e-06,0.9999913607171763
Gray-Scott reaction-diffusion,spirals,B,train,radial,66,2.4242270576015245e-06,0.999993784944234
Gray-Scott reaction-diffusion,spirals,B,train,radial,67,1.7646700682195677e-06,0.9999955496143023
Gray-Scott reaction-diffusion,spirals,B,train,radial,68,1.4874212612752098e-06,0.9999970370355635
Gray-Scott reaction-diffusion,spirals,B,train,radial,69,9.840062767645016e-07,0.9999980210418403
Gray-Scott reaction-diffusion,spirals,B,train,radial,70,6.282903660416127e-07,0.9999986493322064
Gray-Scott reaction-diffusion,spirals,B,train,radial,71,5.276008001441329e-07,0.9999991769330066
Gray-Scott reaction-diffusion,spirals,B,train,radial,72,4.38740226843756e-07,0.9999996156732334
Gray-Scott reaction-diffusion,spirals,B,train,radial,73,1.9325236436320758e-07,0.9999998089255977
Gray-Scott reaction-diffusion,spirals,B,train,radial,74,1.3149824218711546e-07,0.99999994042384
Gray-Scott reaction-diffusion,spirals,B,train,radial,75,4.859422202679898e-08,0.999999989018062
Gray-Scott reaction-diffusion,spirals,B,train,radial,76,1.098193833295638e-08,1.0000000000000002
Gray-Scott reaction-diffusion,spirals,B,train,radial,77,9.380089175634163e-18,1.0000000000000002
Gray-Scott reaction-diffusion,spirals,B,train,radial,78,6.479579235226858e-18,1.0000000000000002
Gray-Scott reaction-diffusion,spirals,B,train,radial,79,7.033681306865274e-18,1.0000000000000002
Gray-Scott reaction-diffusion,spirals,B,train,radial,80,5.481296206858954e-18,1.0000000000000002
Gray-Scott reaction-diffusion,spirals,B,train,radial,81,4.531000412839039e-18,1.0000000000000002
Gray-Scott reaction-diffusion,spirals,B,train,radial,82,5.7688567482285775e-18,1.0000000000000002
Gray-Scott reaction-diffusion,spirals,B,train,radial,83,3.0925844992913825e-18,1.0000000000000002
Gray-Scott reaction-diffusion,spirals,B,train,radial,84,4.2585036184808905e-18,1.0000000000000002
Gray-Scott reaction-diffusion,spirals,B,train,radial,85,2.2636145977031e-18,1.0000000000000002
Gray-Scott reaction-diffusion,spirals,B,train,radial,86,2.1453853779765557e-18,1.0000000000000002
Gray-Scott reaction-diffusion,spirals,B,train,radial,87,1.925344789573874e-18,1.0000000000000002
Gray-Scott reaction-diffusion,spirals,B,train,radial,88,6.662165577203565e-19,1.0000000000000002
Gray-Scott reaction-diffusion,spirals,B,train,radial,89,8.131308683061056e-19,1.0000000000000002
Gray-Scott reaction-diffusion,spirals,B,train,radial,90,6.091523356276412e-20,1.0000000000000002
Gray-Scott reaction-diffusion,spirals,B,train,box,1,0.03686434584000427,0.03686434584000427
Gray-Scott reaction-diffusion,spirals,B,train,box,2,0.0988699405995384,0.13573428643954266
Gray-Scott reaction-diffusion,spirals,B,train,box,3,0.11533861540781747,0.25107290184736014
Gray-Scott reaction-diffusion,spirals,B,train,box,4,0.0881129850595799,0.33918588690694007
Gray-Scott reaction-diffusion,spirals,B,train,box,5,0.10761866213448877,0.44680454904142886
Gray-Scott reaction-diffusion,spirals,B,train,box,6,0.07947260566426097,0.5262771547056898
Gray-Scott reaction-diffusion,spirals,B,train,box,7,0.0789299820107472,0.605207136716437
Gray-Scott reaction-diffusion,spirals,B,train,box,8,0.06510130381065324,0.6703084405270902
Gray-Scott reaction-diffusion,spirals,B,train,box,9,0.06219372377138062,0.7325021642984708
Gray-Scott reaction-diffusion,spirals,B,train,box,10,0.0471165676223303,0.7796187319208011
Gray-Scott reaction-diffusion,spirals,B,train,box,11,0.041680689501797936,0.821299421422599
Gray-Scott reaction-diffusion,spirals,B,train,box,12,0.030647613612363258,0.8519470350349623
Gray-Scott reaction-diffusion,spirals,B,train,box,13,0.029137092276942698,0.8810841273119049
Gray-Scott reaction-diffusion,spirals,B,train,box,14,0.02242069271619773,0.9035048200281025
Gray-Scott reaction-diffusion,spirals,B,train,box,15,0.017808223604327177,0.9213130436324296
Gray-Scott reaction-diffusion,spirals,B,train,box,16,0.014535934352443852,0.9358489779848734
Gray-Scott reaction-diffusion,spirals,B,train,box,17,0.011749482597810872,0.9475984605826844
Gray-Scott reaction-diffusion,spirals,B,train,box,18,0.009318153860494798,0.9569166144431792
Gray-Scott reaction-diffusion,spirals,B,train,box,19,0.007657197845046439,0.9645738122882256
Gray-Scott reaction-diffusion,spirals,B,train,box,20,0.00622415402086414,0.9707979663090897
Gray-Scott reaction-diffusion,spirals,B,train,box,21,0.004807782886954226,0.9756057491960439
Gray-Scott reaction-diffusion,spirals,B,train,box,22,0.0041563732293245234,0.9797621224253684
Gray-Scott reaction-diffusion,spirals,B,train,box,23,0.0033891273684380765,0.9831512497938066
Gray-Scott reaction-diffusion,spirals,B,train,box,24,0.002847905302062939,0.9859991550958694
Gray-Scott reaction-diffusion,spirals,B,train,box,25,0.0023600507084780495,0.9883592058043476
Gray-Scott reaction-diffusion,spirals,B,train,box,26,0.001913486545256398,0.9902726923496039
Gray-Scott reaction-diffusion,spirals,B,train,box,27,0.0016458089242205039,0.9919185012738245
Gray-Scott reaction-diffusion,spirals,B,train,box,28,0.0013104362628939717,0.9932289375367186
Gray-Scott reaction-diffusion,spirals,B,train,box,29,0.0011226890037195484,0.9943516265404381
Gray-Scott reaction-diffusion,spirals,B,train,box,30,0.0009439493351928919,0.995295575875631
Gray-Scott reaction-diffusion,spirals,B,train,box,31,0.0007820423643622372,0.9960776182399933
Gray-Scott reaction-diffusion,spirals,B,train,box,32,0.0006488601913635984,0.9967264784313569
Gray-Scott reaction-diffusion,spirals,B,train,box,33,0.0005336165058689365,0.9972600949372258
Gray-Scott reaction-diffusion,spirals,B,train,box,34,0.00045310992038014595,0.997713204857606
Gray-Scott reaction-diffusion,spirals,B,train,box,35,0.0003606695692523599,0.9980738744268584
Gray-Scott reaction-diffusion,spirals,B,train,box,36,0.000324718939954277,0.9983985933668126
Gray-Scott reaction-diffusion,spirals,B,train,box,37,0.0002573698770775852,0.9986559632438902
Gray-Scott reaction-diffusion,spirals,B,train,box,38,0.00020544275143529944,0.9988614059953255
Gray-Scott reaction-diffusion,spirals,B,train,box,39,0.00018486252907667092,0.999046268524402
Gray-Scott reaction-diffusion,spirals,B,train,box,40,0.00014635056169763725,0.9991926190860997
Gray-Scott reaction-diffusion,spirals,B,train,box,41,0.00013148802736764152,0.9993241071134673
Gray-Scott reaction-diffusion,spirals,B,train,box,42,0.00010893003537329686,0.9994330371488407
Gray-Scott reaction-diffusion,spirals,B,train,box,43,9.035567434577629e-05,0.9995233928231864
Gray-Scott reaction-diffusion,spirals,B,train,box,44,7.960576138411073e-05,0.9996029985845705
Gray-Scott reaction-diffusion,spirals,B,train,box,45,6.096809688756318e-05,0.999663966681458
Gray-Scott reaction-diffusion,spirals,B,train,box,46,4.935576951253619e-05,0.9997133224509706
Gray-Scott reaction-diffusion,spirals,B,train,box,47,4.427116424306645e-05,0.9997575936152137
Gray-Scott reaction-diffusion,spirals,B,train,box,48,3.708709099034907e-05,0.999794680706204
Gray-Scott reaction-diffusion,spirals,B,train,box,49,3.246152849501347e-05,0.999827142234699
Gray-Scott reaction-diffusion,spirals,B,train,box,50,2.6812315586246382e-05,0.9998539545502854
Gray-Scott reaction-diffusion,spirals,B,train,box,51,2.31417975508998e-05,0.9998770963478362
Gray-Scott reaction-diffusion,spirals,B,train,box,52,1.9652640486196056e-05,0.9998967489883224
Gray-Scott reaction-diffusion,spirals,B,train,box,53,1.641550882863685e-05,0.9999131644971511
Gray-Scott reaction-diffusion,spirals,B,train,box,54,1.4372893459001283e-05,0.9999275373906101
Gray-Scott reaction-diffusion,spirals,B,train,box,55,1.2752005610823715e-05,0.9999402893962209
Gray-Scott reaction-diffusion,spirals,B,train,box,56,1.019395637028591e-05,0.9999504833525912
Gray-Scott reaction-diffusion,spirals,B,train,box,57,9.129389918669945e-06,0.9999596127425098
Gray-Scott reaction-diffusion,spirals,B,train,box,58,8.161354162734516e-06,0.9999677740966725
Gray-Scott reaction-diffusion,spirals,B,train,box,59,6.834692985438754e-06,0.9999746087896579
Gray-Scott reaction-diffusion,spirals,B,train,box,60,6.890392210826882e-06,0.9999814991818688
Gray-Scott reaction-diffusion,spirals,B,train,box,61,5.969158229523661e-06,0.9999874683400984
Gray-Scott reaction-diffusion,spirals,B,train,box,62,5.432483638885216e-06,0.9999929008237373
Gray-Scott reaction-diffusion,spirals,B,train,box,63,4.7893092328918356e-06,0.9999976901329702
Gray-Scott reaction-diffusion,spirals,B,train,box,64,2.3098670295803957e-06,0.9999999999999998
Gray-Scott reaction-diffusion,spirals,B,settled,radial,1,0.03535943630935693,0.03535943630935693
Gray-Scott reaction-diffusion,spirals,B,settled,radial,2,0.05259292688467841,0.08795236319403535
Gray-Scott reaction-diffusion,spirals,B,settled,radial,3,0.053145362570979314,0.14109772576501467
Gray-Scott reaction-diffusion,spirals,B,settled,radial,4,0.060014435872230605,0.20111216163724527
Gray-Scott reaction-diffusion,spirals,B,settled,radial,5,0.08804424485137374,0.28915640648861907
Gray-Scott reaction-diffusion,spirals,B,settled,radial,6,0.07122929341806827,0.36038569990668734
Gray-Scott reaction-diffusion,spirals,B,settled,radial,7,0.07563544701681216,0.4360211469234995
Gray-Scott reaction-diffusion,spirals,B,settled,radial,8,0.07448607295223077,0.5105072198757303
Gray-Scott reaction-diffusion,spirals,B,settled,radial,9,0.06362822130625405,0.5741354411819843
Gray-Scott reaction-diffusion,spirals,B,settled,radial,10,0.06949074032639069,0.643626181508375
Gray-Scott reaction-diffusion,spirals,B,settled,radial,11,0.05644259317036951,0.7000687746787445
Gray-Scott reaction-diffusion,spirals,B,settled,radial,12,0.0562866622562939,0.7563554369350385
Gray-Scott reaction-diffusion,spirals,B,settled,radial,13,0.04983037618210102,0.8061858131171395
Gray-Scott reaction-diffusion,spirals,B,settled,radial,14,0.03568515103986555,0.8418709641570051
Gray-Scott reaction-diffusion,spirals,B,settled,radial,15,0.029844742719183196,0.8717157068761883
Gray-Scott reaction-diffusion,spirals,B,settled,radial,16,0.023100829430327756,0.894816536306516
Gray-Scott reaction-diffusion,spirals,B,settled,radial,17,0.020266115412844034,0.91508265171936
Gray-Scott reaction-diffusion,spirals,B,settled,radial,18,0.015684000615184695,0.9307666523345447
Gray-Scott reaction-diffusion,spirals,B,settled,radial,19,0.012223997445134527,0.9429906497796792
Gray-Scott reaction-diffusion,spirals,B,settled,radial,20,0.009846515895462133,0.9528371656751413
Gray-Scott reaction-diffusion,spirals,B,settled,radial,21,0.008824367469913169,0.9616615331450545
Gray-Scott reaction-diffusion,spirals,B,settled,radial,22,0.006599178284943125,0.9682607114299976
Gray-Scott reaction-diffusion,spirals,B,settled,radial,23,0.005201861227559423,0.973462572657557
Gray-Scott reaction-diffusion,spirals,B,settled,radial,24,0.004541979690333568,0.9780045523478906
Gray-Scott reaction-diffusion,spirals,B,settled,radial,25,0.003990229342586228,0.9819947816904768
Gray-Scott reaction-diffusion,spirals,B,settled,radial,26,0.003262913847622216,0.9852576955380989
Gray-Scott reaction-diffusion,spirals,B,settled,radial,27,0.0024088611259023406,0.9876665566640013
Gray-Scott reaction-diffusion,spirals,B,settled,radial,28,0.002006459269654384,0.9896730159336558
Gray-Scott reaction-diffusion,spirals,B,settled,radial,29,0.0018237050752411817,0.9914967210088969
Gray-Scott reaction-diffusion,spirals,B,settled,radial,30,0.001408950138118373,0.9929056711470152
Gray-Scott reaction-diffusion,spirals,B,settled,radial,31,0.0012552929258414813,0.9941609640728567
Gray-Scott reaction-diffusion,spirals,B,settled,radial,32,0.0009636706957671161,0.9951246347686238
Gray-Scott reaction-diffusion,spirals,B,settled,radial,33,0.0008054240056817704,0.9959300587743056
Gray-Scott reaction-diffusion,spirals,B,settled,radial,34,0.0007139421116895987,0.9966440008859951
Gray-Scott reaction-diffusion,spirals,B,settled,radial,35,0.0005260864121307772,0.997170087298126
Gray-Scott reaction-diffusion,spirals,B,settled,radial,36,0.0004768229061869039,0.9976469102043127
Gray-Scott reaction-diffusion,spirals,B,settled,radial,37,0.00037762216676191844,0.9980245323710746
Gray-Scott reaction-diffusion,spirals,B,settled,radial,38,0.00034627579014078695,0.9983708081612153
Gray-Scott reaction-diffusion,spirals,B,settled,radial,39,0.0002717653996589553,0.9986425735608742
Gray-Scott reaction-diffusion,spirals,B,settled,radial,40,0.00021021765380344892,0.9988527912146775
Gray-Scott reaction-diffusion,spirals,B,settled,radial,41,0.0001976466197668892,0.9990504378344445
Gray-Scott reaction-diffusion,spirals,B,settled,radial,42,0.0001560634838997965,0.9992065013183442
Gray-Scott reaction-diffusion,spirals,B,settled,radial,43,0.00013619359753488987,0.9993426949158791
Gray-Scott reaction-diffusion,spirals,B,settled,radial,44,0.00010771894440284683,0.999450413860282
Gray-Scott reaction-diffusion,spirals,B,settled,radial,45,8.679933658394325e-05,0.9995372131968661
Gray-Scott reaction-diffusion,spirals,B,settled,radial,46,7.765157631200987e-05,0.999614864773178
Gray-Scott reaction-diffusion,spirals,B,settled,radial,47,6.284329814717684e-05,0.999677708071325
Gray-Scott reaction-diffusion,spirals,B,settled,radial,48,5.4231914435936114e-05,0.9997319399857612
Gray-Scott reaction-diffusion,spirals,B,settled,radial,49,4.361768660144236e-05,0.9997755576723625
Gray-Scott reaction-diffusion,spirals,B,settled,radial,50,3.929567495870528e-05,0.9998148533473212
Gray-Scott reaction-diffusion,spirals,B,settled,radial,51,3.097191237585631e-05,0.9998458252596971
Gray-Scott reaction-diffusion,spirals,B,settled,radial,52,2.4779442111595713e-05,0.9998706047018088
Gray-Scott reaction-diffusion,spirals,B,settled,radial,53,2.2119041937789632e-05,0.9998927237437465
Gray-Scott reaction-diffusion,spirals,B,settled,radial,54,1.7547456580738146e-05,0.9999102712003273
Gray-Scott reaction-diffusion,spirals,B,settled,radial,55,1.660461190949066e-05,0.9999268758122367
Gray-Scott reaction-diffusion,spirals,B,settled,radial,56,1.2682973192995515e-05,0.9999395587854297
Gray-Scott reaction-diffusion,spirals,B,settled,radial,57,1.1040049259437716e-05,0.9999505988346893
Gray-Scott reaction-diffusion,spirals,B,settled,radial,58,9.39184103256384e-06,0.9999599906757219
Gray-Scott reaction-diffusion,spirals,B,settled,radial,59,7.949127448536208e-06,0.9999679398031704
Gray-Scott reaction-diffusion,spirals,B,settled,radial,60,6.8615940920265924e-06,0.9999748013972625
Gray-Scott reaction-diffusion,spirals,B,settled,radial,61,5.905348777246784e-06,0.9999807067460398
Gray-Scott reaction-diffusion,spirals,B,settled,radial,62,4.923508259810318e-06,0.9999856302542997
Gray-Scott reaction-diffusion,spirals,B,settled,radial,63,4.397016561043337e-06,0.9999900272708607
Gray-Scott reaction-diffusion,spirals,B,settled,radial,64,3.1754043774307436e-06,0.9999932026752383
Gray-Scott reaction-diffusion,spirals,B,settled,radial,65,2.054733953676228e-06,0.9999952574091918
Gray-Scott reaction-diffusion,spirals,B,settled,radial,66,1.3723907400968843e-06,0.999996629799932
Gray-Scott reaction-diffusion,spirals,B,settled,radial,67,1.0463725658925124e-06,0.9999976761724978
Gray-Scott reaction-diffusion,spirals,B,settled,radial,68,8.098213202104225e-07,0.9999984859938179
Gray-Scott reaction-diffusion,spirals,B,settled,radial,69,5.18025954230398e-07,0.999999004019772
Gray-Scott reaction-diffusion,spirals,B,settled,radial,70,3.316460897564016e-07,0.9999993356658619
Gray-Scott reaction-diffusion,spirals,B,settled,radial,71,2.7762421563769946e-07,0.9999996132900775
Gray-Scott reaction-diffusion,spirals,B,settled,radial,72,1.8810577096855847e-07,0.9999998013958484
Gray-Scott reaction-diffusion,spirals,B,settled,radial,73,1.0407847695360268e-07,0.9999999054743254
Gray-Scott reaction-diffusion,spirals,B,settled,radial,74,6.526171923889709e-08,0.9999999707360446
Gray-Scott reaction-diffusion,spirals,B,settled,radial,75,2.2025363529695326e-08,0.9999999927614082
Gray-Scott reaction-diffusion,spirals,B,settled,radial,76,7.238591589475622e-09,0.9999999999999998
Gray-Scott reaction-diffusion,spirals,B,settled,radial,77,1.0229667520052499e-17,0.9999999999999998
Gray-Scott reaction-diffusion,spirals,B,settled,radial,78,7.35985267236552e-18,0.9999999999999998
Gray-Scott reaction-diffusion,spirals,B,settled,radial,79,8.025374402881158e-18,0.9999999999999998
Gray-Scott reaction-diffusion,spirals,B,settled,radial,80,6.434233542645604e-18,0.9999999999999998
Gray-Scott reaction-diffusion,spirals,B,settled,radial,81,4.909615454771706e-18,0.9999999999999998
Gray-Scott reaction-diffusion,spirals,B,settled,radial,82,6.842427533128153e-18,0.9999999999999998
Gray-Scott reaction-diffusion,spirals,B,settled,radial,83,3.413898624481446e-18,0.9999999999999998
Gray-Scott reaction-diffusion,spirals,B,settled,radial,84,4.9474005309706954e-18,0.9999999999999998
Gray-Scott reaction-diffusion,spirals,B,settled,radial,85,2.4179677420425194e-18,0.9999999999999998
Gray-Scott reaction-diffusion,spirals,B,settled,radial,86,2.4571027252276957e-18,0.9999999999999998
Gray-Scott reaction-diffusion,spirals,B,settled,radial,87,2.1133942106421124e-18,0.9999999999999998
Gray-Scott reaction-diffusion,spirals,B,settled,radial,88,9.284531575015127e-19,0.9999999999999998
Gray-Scott reaction-diffusion,spirals,B,settled,radial,89,9.238540613603773e-19,0.9999999999999998
Gray-Scott reaction-diffusion,spirals,B,settled,radial,90,7.134294458947175e-20,0.9999999999999998
Gray-Scott reaction-diffusion,spirals,B,settled,box,1,0.03535943630935693,0.03535943630935693
Gray-Scott reaction-diffusion,spirals,B,settled,box,2,0.05259292688467841,0.08795236319403535
Gray-Scott reaction-diffusion,spirals,B,settled,box,3,0.06355424398336113,0.1515066071773965
Gray-Scott reaction-diffusion,spirals,B,settled,box,4,0.07601720361976705,0.22752381079716355
Gray-Scott reaction-diffusion,spirals,B,settled,box,5,0.08407823568335875,0.3116020464805223
Gray-Scott reaction-diffusion,spirals,B,settled,box,6,0.08466213023637575,0.39626417671689806
Gray-Scott reaction-diffusion,spirals,B,settled,box,7,0.07936129971895832,0.4756254764358564
Gray-Scott reaction-diffusion,spirals,B,settled,box,8,0.07692985518671933,0.5525553316225758
Gray-Scott reaction-diffusion,spirals,B,settled,box,9,0.07168521675131714,0.624240548373893
Gray-Scott reaction-diffusion,spirals,B,settled,box,10,0.06821136916800263,0.6924519175418956
Gray-Scott reaction-diffusion,spirals,B,settled,box,11,0.05999389956409343,0.752445817105989
Gray-Scott reaction-diffusion,spirals,B,settled,box,12,0.04956187681578682,0.8020076939217758
Gray-Scott reaction-diffusion,spirals,B,settled,box,13,0.03978474377023516,0.8417924376920111
Gray-Scott reaction-diffusion,spirals,B,settled,box,14,0.03244767985530066,0.8742401175473118
Gray-Scott reaction-diffusion,spirals,B,settled,box,15,0.025545340333217575,0.8997854578805293
Gray-Scott reaction-diffusion,spirals,B,settled,box,16,0.02004248545520844,0.9198279433357377
Gray-Scott reaction-diffusion,spirals,B,settled,box,17,0.015553201852250424,0.9353811451879881
Gray-Scott reaction-diffusion,spirals,B,settled,box,18,0.01229647159699017,0.9476776167849783
Gray-Scott reaction-diffusion,spirals,B,settled,box,19,0.009842581209406854,0.9575201979943851
Gray-Scott reaction-diffusion,spirals,B,settled,box,20,0.008102930631832891,0.965623128626218
Gray-Scott reaction-diffusion,spirals,B,settled,box,21,0.006456260257613419,0.9720793888838315
Gray-Scott reaction-diffusion,spirals,B,settled,box,22,0.005180911603095992,0.9772603004869275
Gray-Scott reaction-diffusion,spirals,B,settled,box,23,0.0041758285909574136,0.9814361290778848
Gray-Scott reaction-diffusion,spirals,B,settled,box,24,0.003409556958870418,0.9848456860367552
Gray-Scott reaction-diffusion,spirals,B,settled,box,25,0.0027783596773313214,0.9876240457140866
Gray-Scott reaction-diffusion,spirals,B,settled,box,26,0.002267760758236111,0.9898918064723227
Gray-Scott reaction-diffusion,spirals,B,settled,box,27,0.001808850954360228,0.9917006574266829
Gray-Scott reaction-diffusion,spirals,B,settled,box,28,0.0014968756423184896,0.9931975330690013
Gray-Scott reaction-diffusion,spirals,B,settled,box,29,0.001223376614533283,0.9944209096835345
Gray-Scott reaction-diffusion,spirals,B,settled,box,30,0.0009923112286011543,0.9954132209121358
Gray-Scott reaction-diffusion,spirals,B,settled,box,31,0.0008118377650453505,0.996225058677181
Gray-Scott reaction-diffusion,spirals,B,settled,box,32,0.0006659639261025074,0.9968910226032835
Gray-Scott reaction-diffusion,spirals,B,settled,box,33,0.0005483550585198389,0.9974393776618035
Gray-Scott reaction-diffusion,spirals,B,settled,box,34,0.00044980219703256373,0.9978891798588361
Gray-Scott reaction-diffusion,spirals,B,settled,box,35,0.00036846357111814537,0.9982576434299543
Gray-Scott reaction-diffusion,spirals,B,settled,box,36,0.0003064975696660562,0.9985641409996204
Gray-Scott reaction-diffusion,spirals,B,settled,box,37,0.00025021642773879327,0.9988143574273594
Gray-Scott reaction-diffusion,spirals,B,settled,box,38,0.00020627553569844848,0.9990206329630578
Gray-Scott reaction-diffusion,spirals,B,settled,box,39,0.00017020093499687687,0.9991908338980545
Gray-Scott reaction-diffusion,spirals,B,settled,box,40,0.00013985182398425846,0.9993306857220388
Gray-Scott reaction-diffusion,spirals,B,settled,box,41,0.00011599542290476794,0.9994466811449434
Gray-Scott reaction-diffusion,spirals,B,settled,box,42,9.594480276298123e-05,0.9995426259477065
Gray-Scott reaction-diffusion,spirals,B,settled,box,43,7.887891314649444e-05,0.999621504860853
Gray-Scott reaction-diffusion,spirals,B,settled,box,44,6.529238285013927e-05,0.9996867972437032
Gray-Scott reaction-diffusion,spirals,B,settled,box,45,5.3737089375846477e-05,0.999740534333079
Gray-Scott reaction-diffusion,spirals,B,settled,box,46,4.448091059776486e-05,0.9997850152436766
Gray-Scott reaction-diffusion,spirals,B,settled,box,47,3.64153564832428e-05,0.9998214306001598
Gray-Scott reaction-diffusion,spirals,B,settled,box,48,3.0013882741472816e-05,0.9998514444829014
Gray-Scott reaction-diffusion,spirals,B,settled,box,49,2.5432844281254365e-05,0.9998768773271827
Gray-Scott reaction-diffusion,spirals,B,settled,box,50,2.098456021201482e-05,0.9998978618873946
Gray-Scott reaction-diffusion,spirals,B,settled,box,51,1.7381470412673806e-05,0.9999152433578071
Gray-Scott reaction-diffusion,spirals,B,settled,box,52,1.4748449115466049e-05,0.9999299918069225
Gray-Scott reaction-diffusion,spirals,B,settled,box,53,1.2002860979615644e-05,0.999941994667902
Gray-Scott reaction-diffusion,spirals,B,settled,box,54,1.0230025889164072e-05,0.9999522246937912
Gray-Scott reaction-diffusion,spirals,B,settled,box,55,8.596642605193662e-06,0.9999608213363964
Gray-Scott reaction-diffusion,spirals,B,settled,box,56,7.216849831494911e-06,0.9999680381862279
Gray-Scott reaction-diffusion,spirals,B,settled,box,57,6.280727005890353e-06,0.9999743189132336
Gray-Scott reaction-diffusion,spirals,B,settled,box,58,5.380220203410959e-06,0.999979699133437
Gray-Scott reaction-diffusion,spirals,B,settled,box,59,4.673502601136568e-06,0.9999843726360381
Gray-Scott reaction-diffusion,spirals,B,settled,box,60,4.136124002161134e-06,0.9999885087600402
Gray-Scott reaction-diffusion,spirals,B,settled,box,61,3.6389325011391345e-06,0.9999921476925413
Gray-Scott reaction-diffusion,spirals,B,settled,box,62,3.351140791391173e-06,0.9999954988333327
Gray-Scott reaction-diffusion,spirals,B,settled,box,63,3.0687385550249415e-06,0.9999985675718878
Gray-Scott reaction-diffusion,spirals,B,settled,box,64,1.4324281117645578e-06,0.9999999999999996
Gray-Scott reaction-diffusion,spots,A,full,radial,1,0.022402218954824256,0.022402218954824256
Gray-Scott reaction-diffusion,spots,A,full,radial,2,0.028039817941055006,0.05044203689587927
Gray-Scott reaction-diffusion,spots,A,full,radial,3,0.016325529621342448,0.06676756651722172
Gray-Scott reaction-diffusion,spots,A,full,radial,4,0.01475959776636743,0.08152716428358915
Gray-Scott reaction-diffusion,spots,A,full,radial,5,0.015448718763788635,0.0969758830473778
Gray-Scott reaction-diffusion,spots,A,full,radial,6,0.012219709939395867,0.10919559298677367
Gray-Scott reaction-diffusion,spots,A,full,radial,7,0.014597502901262018,0.12379309588803568
Gray-Scott reaction-diffusion,spots,A,full,radial,8,0.018715820234475555,0.14250891612251124
Gray-Scott reaction-diffusion,spots,A,full,radial,9,0.017860466312272803,0.16036938243478402
Gray-Scott reaction-diffusion,spots,A,full,radial,10,0.02416372373083384,0.18453310616561786
Gray-Scott reaction-diffusion,spots,A,full,radial,11,0.028395706928177965,0.21292881309379585
Gray-Scott reaction-diffusion,spots,A,full,radial,12,0.05047372731989191,0.26340254041368777
Gray-Scott reaction-diffusion,spots,A,full,radial,13,0.13997534779607826,0.403377888209766
Gray-Scott reaction-diffusion,spots,A,full,radial,14,0.23982900648765537,0.6432068946974214
Gray-Scott reaction-diffusion,spots,A,full,radial,15,0.19579073176510936,0.8389976264625307
Gray-Scott reaction-diffusion,spots,A,full,radial,16,0.09483317381068371,0.9338308002732143
Gray-Scott reaction-diffusion,spots,A,full,radial,17,0.034707680295922486,0.9685384805691368
Gray-Scott reaction-diffusion,spots,A,full,radial,18,0.01190946284860984,0.9804479434177465
Gray-Scott reaction-diffusion,spots,A,full,radial,19,0.0057089343532668955,0.9861568777710135
Gray-Scott reaction-diffusion,spots,A,full,radial,20,0.0035964573876392744,0.9897533351586527
Gray-Scott reaction-diffusion,spots,A,full,radial,21,0.0024167881307736484,0.9921701232894263
Gray-Scott reaction-diffusion,spots,A,full,radial,22,0.0014183871647202558,0.9935885104541466
Gray-Scott reaction-diffusion,spots,A,full,radial,23,0.001142174210407173,0.9947306846645538
Gray-Scott reaction-diffusion,spots,A,full,radial,24,0.0008680941377729146,0.9955987788023268
Gray-Scott reaction-diffusion,spots,A,full,radial,25,0.0009019829080377694,0.9965007617103646
Gray-Scott reaction-diffusion,spots,A,full,radial,26,0.0006699868422142049,0.9971707485525788
Gray-Scott reaction-diffusion,spots,A,full,radial,27,0.0003738573115000175,0.9975446058640789
Gray-Scott reaction-diffusion,spots,A,full,radial,28,0.00021231674792847847,0.9977569226120073
Gray-Scott reaction-diffusion,spots,A,full,radial,29,0.00014543990257842682,0.9979023625145858
Gray-Scott reaction-diffusion,spots,A,full,radial,30,0.00010212452464092368,0.9980044870392267
Gray-Scott reaction-diffusion,spots,A,full,radial,31,0.0001085698074499247,0.9981130568466767
Gray-Scott reaction-diffusion,spots,A,full,radial,32,0.00010759085283841093,0.9982206476995151
Gray-Scott reaction-diffusion,spots,A,full,radial,33,0.00011300489347938243,0.9983336525929944
Gray-Scott reaction-diffusion,spots,A,full,radial,34,0.00012840201015518418,0.9984620546031496
Gray-Scott reaction-diffusion,spots,A,full,radial,35,0.00011484351110733408,0.9985768981142571
Gray-Scott reaction-diffusion,spots,A,full,radial,36,0.00014207637754449468,0.9987189744918015
Gray-Scott reaction-diffusion,spots,A,full,radial,37,0.00014058813419315935,0.9988595626259946
Gray-Scott reaction-diffusion,spots,A,full,radial,38,0.00016753909453145048,0.999027101720526
Gray-Scott reaction-diffusion,spots,A,full,radial,39,0.00017967450637877404,0.9992067762269048
Gray-Scott reaction-diffusion,spots,A,full,radial,40,0.00016372104455965417,0.9993704972714644
Gray-Scott reaction-diffusion,spots,A,full,radial,41,0.00015543381097896325,0.9995259310824434
Gray-Scott reaction-diffusion,spots,A,full,radial,42,0.0001176460231091371,0.9996435771055525
Gray-Scott reaction-diffusion,spots,A,full,radial,43,0.00010378490807318037,0.9997473620136257
Gray-Scott reaction-diffusion,spots,A,full,radial,44,7.22168450493131e-05,0.9998195788586749
Gray-Scott reaction-diffusion,spots,A,full,radial,45,5.0253125174583374e-05,0.9998698319838496
Gray-Scott reaction-diffusion,spots,A,full,radial,46,3.816769365831564e-05,0.999907999677508
Gray-Scott reaction-diffusion,spots,A,full,radial,47,2.5840449020798187e-05,0.9999338401265288
Gray-Scott reaction-diffusion,spots,A,full,radial,48,1.7656985554142706e-05,0.9999514971120829
Gray-Scott reaction-diffusion,spots,A,full,radial,49,1.1297758114905e-05,0.9999627948701979
Gray-Scott reaction-diffusion,spots,A,full,radial,50,9.430900047395496e-06,0.9999722257702452
Gray-Scott reaction-diffusion,spots,A,full,radial,51,6.057834678241529e-06,0.9999782836049235
Gray-Scott reaction-diffusion,spots,A,full,radial,52,4.514493626963958e-06,0.9999827980985504
Gray-Scott reaction-diffusion,spots,A,full,radial,53,3.64185609170256e-06,0.9999864399546421
Gray-Scott reaction-diffusion,spots,A,full,radial,54,2.531053079984692e-06,0.9999889710077221
Gray-Scott reaction-diffusion,spots,A,full,radial,55,1.9803968854674637e-06,0.9999909514046075
Gray-Scott reaction-diffusion,spots,A,full,radial,56,1.4191117345733008e-06,0.999992370516342
Gray-Scott reaction-diffusion,spots,A,full,radial,57,1.0736041591173805e-06,0.9999934441205011
Gray-Scott reaction-diffusion,spots,A,full,radial,58,8.842890568416623e-07,0.9999943284095579
Gray-Scott reaction-diffusion,spots,A,full,radial,59,7.795846060820215e-07,0.9999951079941639
Gray-Scott reaction-diffusion,spots,A,full,radial,60,7.346005751134736e-07,0.9999958425947392
Gray-Scott reaction-diffusion,spots,A,full,radial,61,7.5699333918401e-07,0.9999965995880783
Gray-Scott reaction-diffusion,spots,A,full,radial,62,7.021395886157849e-07,0.999997301727667
Gray-Scott reaction-diffusion,spots,A,full,radial,63,7.128494136191276e-07,0.9999980145770806
Gray-Scott reaction-diffusion,spots,A,full,radial,64,5.346364372835618e-07,0.9999985492135178
Gray-Scott reaction-diffusion,spots,A,full,radial,65,4.0640607600611103e-07,0.9999989556195937
Gray-Scott reaction-diffusion,spots,A,full,radial,66,2.862675464046604e-07,0.9999992418871402
Gray-Scott reaction-diffusion,spots,A,full,radial,67,2.2656811258194838e-07,0.9999994684552528
Gray-Scott reaction-diffusion,spots,A,full,radial,68,1.9156068876965989e-07,0.9999996600159416
Gray-Scott reaction-diffusion,spots,A,full,radial,69,1.249796165043413e-07,0.9999997849955582
Gray-Scott reaction-diffusion,spots,A,full,radial,70,7.957601993559281e-08,0.9999998645715782
Gray-Scott reaction-diffusion,spots,A,full,radial,71,5.8156811447690104e-08,0.9999999227283896
Gray-Scott reaction-diffusion,spots,A,full,radial,72,3.9058902825878446e-08,0.9999999617872923
Gray-Scott reaction-diffusion,spots,A,full,radial,73,2.0387582730663438e-08,0.9999999821748751
Gray-Scott reaction-diffusion,spots,A,full,radial,74,1.2324106912406562e-08,0.9999999944989819
Gray-Scott reaction-diffusion,spots,A,full,radial,75,4.37455794782515e-09,0.9999999988735399
Gray-Scott reaction-diffusion,spots,A,full,radial,76,1.126459599110127e-09,0.9999999999999994
Gray-Scott reaction-diffusion,spots,A,full,radial,77,6.543261456751965e-17,0.9999999999999994
Gray-Scott reaction-diffusion,spots,A,full,radial,78,4.7433199193140486e-17,0.9999999999999994
Gray-Scott reaction-diffusion,spots,A,full,radial,79,5.1147914325759884e-17,0.9999999999999994
Gray-Scott reaction-diffusion,spots,A,full,radial,80,4.107826800631919e-17,0.9999999999999994
Gray-Scott reaction-diffusion,spots,A,full,radial,81,3.1641574206614116e-17,0.9999999999999994
Gray-Scott reaction-diffusion,spots,A,full,radial,82,4.353631199203503e-17,0.9999999999999994
Gray-Scott reaction-diffusion,spots,A,full,radial,83,2.1378964163172827e-17,0.9999999999999994
Gray-Scott reaction-diffusion,spots,A,full,radial,84,3.1542646771766384e-17,0.9999999999999994
Gray-Scott reaction-diffusion,spots,A,full,radial,85,1.574631213816164e-17,0.9999999999999994
Gray-Scott reaction-diffusion,spots,A,full,radial,86,1.5598775355377714e-17,0.9999999999999994
Gray-Scott reaction-diffusion,spots,A,full,radial,87,1.3799886400756383e-17,0.9999999999999994
Gray-Scott reaction-diffusion,spots,A,full,radial,88,6.077053529177997e-18,0.9999999999999994
Gray-Scott reaction-diffusion,spots,A,full,radial,89,5.754963462470488e-18,0.9999999999999994
Gray-Scott reaction-diffusion,spots,A,full,radial,90,4.770323325195214e-19,0.9999999999999994
Gray-Scott reaction-diffusion,spots,A,full,box,1,0.022402218954824252,0.022402218954824252
Gray-Scott reaction-diffusion,spots,A,full,box,2,0.028039817941055003,0.05044203689587926
Gray-Scott reaction-diffusion,spots,A,full,box,3,0.019135980008945442,0.06957801690482471
Gray-Scott reaction-diffusion,spots,A,full,box,4,0.017230408690458904,0.08680842559528361
Gray-Scott reaction-diffusion,spots,A,full,box,5,0.01368319538562251,0.10049162098090612
Gray-Scott reaction-diffusion,spots,A,full,box,6,0.01648586681864474,0.11697748779955086
Gray-Scott reaction-diffusion,spots,A,full,box,7,0.01798234575980457,0.13495983355935542
Gray-Scott reaction-diffusion,spots,A,full,box,8,0.022165720612245175,0.15712555417160062
Gray-Scott reaction-diffusion,spots,A,full,box,9,0.030925908348995463,0.18805146252059607
Gray-Scott reaction-diffusion,spots,A,full,box,10,0.05512689695360483,0.2431783594742009
Gray-Scott reaction-diffusion,spots,A,full,box,11,0.09866920087249606,0.341847560346697
Gray-Scott reaction-diffusion,spots,A,full,box,12,0.12794975124894134,0.4697973115956383
Gray-Scott reaction-diffusion,spots,A,full,box,13,0.1488150552427883,0.6186123668384267
Gray-Scott reaction-diffusion,spots,A,full,box,14,0.1690652889752631,0.7876776558136898
Gray-Scott reaction-diffusion,spots,A,full,box,15,0.11793307818378335,0.9056107339974732
Gray-Scott reaction-diffusion,spots,A,full,box,16,0.056212781468216996,0.9618235154656902
Gray-Scott reaction-diffusion,spots,A,full,box,17,0.016779835061019304,0.9786033505267095
Gray-Scott reaction-diffusion,spots,A,full,box,18,0.007659987387073611,0.9862633379137832
Gray-Scott reaction-diffusion,spots,A,full,box,19,0.003929202929118545,0.9901925408429018
Gray-Scott reaction-diffusion,spots,A,full,box,20,0.0026164547285853217,0.9928089955714872
Gray-Scott reaction-diffusion,spots,A,full,box,21,0.0015673644473127653,0.9943763600187999
Gray-Scott reaction-diffusion,spots,A,full,box,22,0.001041996797299343,0.9954183568160994
Gray-Scott reaction-diffusion,spots,A,full,box,23,0.000777577031637683,0.9961959338477371
Gray-Scott reaction-diffusion,spots,A,full,box,24,0.0006170927094097681,0.9968130265571468
Gray-Scott reaction-diffusion,spots,A,full,box,25,0.0005246939765253299,0.9973377205336721
Gray-Scott reaction-diffusion,spots,A,full,box,26,0.00035203255771738877,0.9976897530913895
Gray-Scott reaction-diffusion,spots,A,full,box,27,0.00025918849042572557,0.9979489415818152
Gray-Scott reaction-diffusion,spots,A,full,box,28,0.000177229366940721,0.998126170948756
Gray-Scott reaction-diffusion,spots,A,full,box,29,0.00014679324496864995,0.9982729641937247
Gray-Scott reaction-diffusion,spots,A,full,box,30,0.0001414090814477521,0.9984143732751724
Gray-Scott reaction-diffusion,spots,A,full,box,31,0.00014069793414434262,0.9985550712093167
Gray-Scott reaction-diffusion,spots,A,full,box,32,0.0001454472855293776,0.9987005184948461
Gray-Scott reaction-diffusion,spots,A,full,box,33,0.00013988308228872045,0.9988404015771348
Gray-Scott reaction-diffusion,spots,A,full,box,34,0.00013130708208747163,0.9989717086592222
Gray-Scott reaction-diffusion,spots,A,full,box,35,0.00013270699947483337,0.9991044156586971
Gray-Scott reaction-diffusion,spots,A,full,box,36,0.00012756985851214325,0.9992319855172093
Gray-Scott reaction-diffusion,spots,A,full,box,37,0.00012838873842081335,0.9993603742556301
Gray-Scott reaction-diffusion,spots,A,full,box,38,0.00011857049878355013,0.9994789447544137
Gray-Scott reaction-diffusion,spots,A,full,box,39,0.00010809073820169979,0.9995870354926154
Gray-Scott reaction-diffusion,spots,A,full,box,40,0.00010244029018951119,0.999689475782805
Gray-Scott reaction-diffusion,spots,A,full,box,41,8.031498583180796e-05,0.9997697907686368
Gray-Scott reaction-diffusion,spots,A,full,box,42,6.336433737286977e-05,0.9998331551060097
Gray-Scott reaction-diffusion,spots,A,full,box,43,4.510819118104022e-05,0.9998782632971907
Gray-Scott reaction-diffusion,spots,A,full,box,44,3.4921564817897e-05,0.9999131848620085
Gray-Scott reaction-diffusion,spots,A,full,box,45,2.5169760295838398e-05,0.9999383546223043
Gray-Scott reaction-diffusion,spots,A,full,box,46,1.6406901137689044e-05,0.9999547615234419
Gray-Scott reaction-diffusion,spots,A,full,box,47,1.2009222272806917e-05,0.9999667707457146
Gray-Scott reaction-diffusion,spots,A,full,box,48,8.175501410479186e-06,0.9999749462471251
Gray-Scott reaction-diffusion,spots,A,full,box,49,5.299216576475125e-06,0.9999802454637016
Gray-Scott reaction-diffusion,spots,A,full,box,50,4.269087634467416e-06,0.9999845145513361
Gray-Scott reaction-diffusion,spots,A,full,box,51,3.0963932886018033e-06,0.9999876109446246
Gray-Scott reaction-diffusion,spots,A,full,box,52,2.2172495069790675e-06,0.9999898281941315
Gray-Scott reaction-diffusion,spots,A,full,box,53,1.7329558372488064e-06,0.9999915611499688
Gray-Scott reaction-diffusion,spots,A,full,box,54,1.3777880227325606e-06,0.9999929389379916
Gray-Scott reaction-diffusion,spots,A,full,box,55,1.0912513690787363e-06,0.9999940301893607
Gray-Scott reaction-diffusion,spots,A,full,box,56,9.39045451409905e-07,0.9999949692348122
Gray-Scott reaction-diffusion,spots,A,full,box,57,7.810451279144601e-07,0.9999957502799401
Gray-Scott reaction-diffusion,spots,A,full,box,58,7.273241001605733e-07,0.9999964776040403
Gray-Scott reaction-diffusion,spots,A,full,box,59,7.059362936287932e-07,0.999997183540334
Gray-Scott reaction-diffusion,spots,A,full,box,60,6.71974742419142e-07,0.9999978555150764
Gray-Scott reaction-diffusion,spots,A,full,box,61,6.443182720698935e-07,0.9999984998333483
Gray-Scott reaction-diffusion,spots,A,full,box,62,6.234929805510709e-07,0.9999991233263289
Gray-Scott reaction-diffusion,spots,A,full,box,63,6.023282728955231e-07,0.9999997256546018
Gray-Scott reaction-diffusion,spots,A,full,box,64,2.7434539851724215e-07,1.0000000000000002
Gray-Scott reaction-diffusion,spots,A,train,radial,1,0.0648180549279796,0.0648180549279796
Gray-Scott reaction-diffusion,spots,A,train,radial,2,0.12351297753143113,0.18833103245941074
Gray-Scott reaction-diffusion,spots,A,train,radial,3,0.09705949421531666,0.2853905266747274
Gray-Scott reaction-diffusion,spots,A,train,radial,4,0.10443592425236305,0.38982645092709045
Gray-Scott reaction-diffusion,spots,A,train,radial,5,0.12061876239345463,0.510445213320545
Gray-Scott reaction-diffusion,spots,A,train,radial,6,0.08156313409505206,0.5920083474155972
Gray-Scott reaction-diffusion,spots,A,train,radial,7,0.0760349545128844,0.6680433019284816
Gray-Scott reaction-diffusion,spots,A,train,radial,8,0.06815511866299376,0.7361984205914752
Gray-Scott reaction-diffusion,spots,A,train,radial,9,0.05322720796799097,0.7894256285594662
Gray-Scott reaction-diffusion,spots,A,train,radial,10,0.050048624103996776,0.839474252663463
Gray-Scott reaction-diffusion,spots,A,train,radial,11,0.039264290074452514,0.8787385427379154
Gray-Scott reaction-diffusion,spots,A,train,radial,12,0.03202522961285385,0.9107637723507693
Gray-Scott reaction-diffusion,spots,A,train,radial,13,0.030128674488244668,0.940892446839014
Gray-Scott reaction-diffusion,spots,A,train,radial,14,0.01691044191835566,0.9578028887573696
Gray-Scott reaction-diffusion,spots,A,train,radial,15,0.010924670908326896,0.9687275596656966
Gray-Scott reaction-diffusion,spots,A,train,radial,16,0.007868308670458464,0.9765958683361551
Gray-Scott reaction-diffusion,spots,A,train,radial,17,0.005983422893117689,0.9825792912292728
Gray-Scott reaction-diffusion,spots,A,train,radial,18,0.004297797973236714,0.9868770892025095
Gray-Scott reaction-diffusion,spots,A,train,radial,19,0.0028033859062629703,0.9896804751087724
Gray-Scott reaction-diffusion,spots,A,train,radial,20,0.002057370752548693,0.9917378458613211
Gray-Scott reaction-diffusion,spots,A,train,radial,21,0.0018049874787074822,0.9935428333400286
Gray-Scott reaction-diffusion,spots,A,train,radial,22,0.001245506128286024,0.9947883394683146
Gray-Scott reaction-diffusion,spots,A,train,radial,23,0.0009519960177652403,0.9957403354860799
Gray-Scott reaction-diffusion,spots,A,train,radial,24,0.000773720742365125,0.996514056228445
Gray-Scott reaction-diffusion,spots,A,train,radial,25,0.0006885475915106667,0.9972026038199556
Gray-Scott reaction-diffusion,spots,A,train,radial,26,0.0005174951448231195,0.9977200989647788
Gray-Scott reaction-diffusion,spots,A,train,radial,27,0.0003825317409037188,0.9981026307056824
Gray-Scott reaction-diffusion,spots,A,train,radial,28,0.00031795820415698767,0.9984205889098394
Gray-Scott reaction-diffusion,spots,A,train,radial,29,0.0002946847260422718,0.9987152736358816
Gray-Scott reaction-diffusion,spots,A,train,radial,30,0.00022148531247506126,0.9989367589483568
Gray-Scott reaction-diffusion,spots,A,train,radial,31,0.0002054845039488955,0.9991422434523057
Gray-Scott reaction-diffusion,spots,A,train,radial,32,0.00015649005469149776,0.9992987335069972
Gray-Scott reaction-diffusion,spots,A,train,radial,33,0.00012754400543688754,0.9994262775124341
Gray-Scott reaction-diffusion,spots,A,train,radial,34,0.00011660867204407335,0.9995428861844781
Gray-Scott reaction-diffusion,spots,A,train,radial,35,8.136460595949859e-05,0.9996242507904375
Gray-Scott reaction-diffusion,spots,A,train,radial,36,7.63920620848436e-05,0.9997006428525224
Gray-Scott reaction-diffusion,spots,A,train,radial,37,5.615338751954496e-05,0.999756796240042
Gray-Scott reaction-diffusion,spots,A,train,radial,38,4.921722068689277e-05,0.999806013460729
Gray-Scott reaction-diffusion,spots,A,train,radial,39,3.761139035246464e-05,0.9998436248510815
Gray-Scott reaction-diffusion,spots,A,train,radial,40,2.8284130765294374e-05,0.9998719089818467
Gray-Scott reaction-diffusion,spots,A,train,radial,41,2.4770298759179486e-05,0.999896679280606
Gray-Scott reaction-diffusion,spots,A,train,radial,42,1.9555290593751107e-05,0.9999162345711997
Gray-Scott reaction-diffusion,spots,A,train,radial,43,1.6411017195726064e-05,0.9999326455883955
Gray-Scott reaction-diffusion,spots,A,train,radial,44,1.2319112824328027e-05,0.9999449647012197
Gray-Scott reaction-diffusion,spots,A,train,radial,45,9.647236995610788e-06,0.9999546119382154
Gray-Scott reaction-diffusion,spots,A,train,radial,46,8.372258028405285e-06,0.9999629841962439
Gray-Scott reaction-diffusion,spots,A,train,radial,47,6.3398616255107355e-06,0.9999693240578693
Gray-Scott reaction-diffusion,spots,A,train,radial,48,5.247466002318731e-06,0.9999745715238716
Gray-Scott reaction-diffusion,spots,A,train,radial,49,4.087076159020466e-06,0.9999786586000307
Gray-Scott reaction-diffusion,spots,A,train,radial,50,3.613786547515969e-06,0.9999822723865781
Gray-Scott reaction-diffusion,spots,A,train,radial,51,2.9504090561010976e-06,0.9999852227956343
Gray-Scott reaction-diffusion,spots,A,train,radial,52,2.261490871523561e-06,0.9999874842865059
Gray-Scott reaction-diffusion,spots,A,train,radial,53,2.2032504261638383e-06,0.9999896875369321
Gray-Scott reaction-diffusion,spots,A,train,radial,54,1.695718918081235e-06,0.9999913832558501
Gray-Scott reaction-diffusion,spots,A,train,radial,55,1.5881665342541802e-06,0.9999929714223844
Gray-Scott reaction-diffusion,spots,A,train,radial,56,1.2151725005195065e-06,0.9999941865948849
Gray-Scott reaction-diffusion,spots,A,train,radial,57,1.0484373197809575e-06,0.9999952350322048
Gray-Scott reaction-diffusion,spots,A,train,radial,58,9.081947007918316e-07,0.9999961432269056
Gray-Scott reaction-diffusion,spots,A,train,radial,59,7.550125551497825e-07,0.9999968982394606
Gray-Scott reaction-diffusion,spots,A,train,radial,60,6.684040127585486e-07,0.9999975666434734
Gray-Scott reaction-diffusion,spots,A,train,radial,61,5.714398613170654e-07,0.9999981380833347
Gray-Scott reaction-diffusion,spots,A,train,radial,62,4.916075350253193e-07,0.9999986296908697
Gray-Scott reaction-diffusion,spots,A,train,radial,63,4.317225231188535e-07,0.9999990614133928
Gray-Scott reaction-diffusion,spots,A,train,radial,64,3.0986583262838783e-07,0.9999993712792254
Gray-Scott reaction-diffusion,spots,A,train,radial,65,1.9207580624361506e-07,0.9999995633550317
Gray-Scott reaction-diffusion,spots,A,train,radial,66,1.2962382856330646e-07,0.9999996929788603
Gray-Scott reaction-diffusion,spots,A,train,radial,67,9.452578232321647e-08,0.9999997875046425
Gray-Scott reaction-diffusion,spots,A,train,radial,68,7.617283641145015e-08,0.9999998636774788
Gray-Scott reaction-diffusion,spots,A,train,radial,69,4.468938348940999e-08,0.9999999083668624
Gray-Scott reaction-diffusion,spots,A,train,radial,70,3.121966297904562e-08,0.9999999395865253
Gray-Scott reaction-diffusion,spots,A,train,radial,71,2.521463496221797e-08,0.9999999648011602
Gray-Scott reaction-diffusion,spots,A,train,radial,72,1.687517082743941e-08,0.999999981676331
Gray-Scott reaction-diffusion,spots,A,train,radial,73,9.861827470416261e-09,0.9999999915381586
Gray-Scott reaction-diffusion,spots,A,train,radial,74,6.225438797610222e-09,0.9999999977635974
Gray-Scott reaction-diffusion,spots,A,train,radial,75,1.5231795524259745e-09,0.9999999992867771
Gray-Scott reaction-diffusion,spots,A,train,radial,76,7.132225915322436e-10,0.9999999999999997
Gray-Scott reaction-diffusion,spots,A,train,radial,77,7.66707109775931e-17,0.9999999999999997
Gray-Scott reaction-diffusion,spots,A,train,radial,78,5.413896861192208e-17,0.9999999999999997
Gray-Scott reaction-diffusion,spots,A,train,radial,79,5.921878928403778e-17,0.9999999999999997
Gray-Scott reaction-diffusion,spots,A,train,radial,80,4.616058051879792e-17,0.9999999999999997
Gray-Scott reaction-diffusion,spots,A,train,radial,81,3.4219689466072616e-17,0.9999999999999997
Gray-Scott reaction-diffusion,spots,A,train,radial,82,4.820742911357305e-17,0.9999999999999997
Gray-Scott reaction-diffusion,spots,A,train,radial,83,2.2906616811596723e-17,0.9999999999999997
Gray-Scott reaction-diffusion,spots,A,train,radial,84,3.7034242438555176e-17,0.9999999999999997
Gray-Scott reaction-diffusion,spots,A,train,radial,85,1.7499634807234352e-17,0.9999999999999997
Gray-Scott reaction-diffusion,spots,A,train,radial,86,1.7702490544987735e-17,0.9999999999999997
Gray-Scott reaction-diffusion,spots,A,train,radial,87,1.5070256710903198e-17,0.9999999999999997
Gray-Scott reaction-diffusion,spots,A,train,radial,88,7.72909744092806e-18,0.9999999999999997
Gray-Scott reaction-diffusion,spots,A,train,radial,89,6.252743446916698e-18,0.9999999999999997
Gray-Scott reaction-diffusion,spots,A,train,radial,90,4.978236760222454e-19,0.9999999999999997
Gray-Scott reaction-diffusion,spots,A,train,box,1,0.0648180549279796,0.0648180549279796
Gray-Scott reaction-diffusion,spots,A,train,box,2,0.1235129775314311,0.18833103245941069
Gray-Scott reaction-diffusion,spots,A,train,box,3,0.1135450996441476,0.3018761321035583
Gray-Scott reaction-diffusion,spots,A,train,box,4,0.13140186272073404,0.4332779948242923
Gray-Scott reaction-diffusion,spots,A,train,box,5,0.0977372118749095,0.5310152066992018
Gray-Scott reaction-diffusion,spots,A,train,box,6,0.09496736339479524,0.625982570093997
Gray-Scott reaction-diffusion,spots,A,train,box,7,0.07564998236837799,0.701632552462375
Gray-Scott reaction-diffusion,spots,A,train,box,8,0.06520158969903012,0.7668341421614051
Gray-Scott reaction-diffusion,spots,A,train,box,9,0.052657846857106276,0.8194919890185114
Gray-Scott reaction-diffusion,spots,A,train,box,10,0.048592580557095026,0.8680845695756063
Gray-Scott reaction-diffusion,spots,A,train,box,11,0.03865176216235275,0.9067363317379591
Gray-Scott reaction-diffusion,spots,A,train,box,12,0.02956335636298951,0.9362996881009485
Gray-Scott reaction-diffusion,spots,A,train,box,13,0.01907910798947535,0.9553787960904239
Gray-Scott reaction-diffusion,spots,A,train,box,14,0.013512648240561989,0.9688914443309858
Gray-Scott reaction-diffusion,spots,A,train,box,15,0.008436265649998208,0.9773277099809842
Gray-Scott reaction-diffusion,spots,A,train,box,16,0.00609963171266505,0.9834273416936492
Gray-Scott reaction-diffusion,spots,A,train,box,17,0.004039318138602283,0.9874666598322515
Gray-Scott reaction-diffusion,spots,A,train,box,18,0.0030244113595442363,0.9904910711917957
Gray-Scott reaction-diffusion,spots,A,train,box,19,0.002027710090347934,0.9925187812821437
Gray-Scott reaction-diffusion,spots,A,train,box,20,0.00161779165697284,0.9941365729391165
Gray-Scott reaction-diffusion,spots,A,train,box,21,0.0012552668142456979,0.9953918397533622
Gray-Scott reaction-diffusion,spots,A,train,box,22,0.0009364581666728069,0.9963282979200351
Gray-Scott reaction-diffusion,spots,A,train,box,23,0.0007122270273141936,0.9970405249473493
Gray-Scott reaction-diffusion,spots,A,train,box,24,0.0005786133600984723,0.9976191383074478
Gray-Scott reaction-diffusion,spots,A,train,box,25,0.00047208650992003776,0.9980912248173678
Gray-Scott reaction-diffusion,spots,A,train,box,26,0.00035630703658852284,0.9984475318539564
Gray-Scott reaction-diffusion,spots,A,train,box,27,0.00030289117830507964,0.9987504230322614
Gray-Scott reaction-diffusion,spots,A,train,box,28,0.00024007937663373237,0.9989905024088952
Gray-Scott reaction-diffusion,spots,A,train,box,29,0.00019410139501135082,0.9991846038039065
Gray-Scott reaction-diffusion,spots,A,train,box,30,0.00015342568344174,0.9993380294873483
Gray-Scott reaction-diffusion,spots,A,train,box,31,0.00013097333476874538,0.999469002822117
Gray-Scott reaction-diffusion,spots,A,train,box,32,0.00010249693139050627,0.9995714997535077
Gray-Scott reaction-diffusion,spots,A,train,box,33,8.302713908083604e-05,0.9996545268925886
Gray-Scott reaction-diffusion,spots,A,train,box,34,6.826815277810167e-05,0.9997227950453668
Gray-Scott reaction-diffusion,spots,A,train,box,35,5.669212828870931e-05,0.9997794871736554
Gray-Scott reaction-diffusion,spots,A,train,box,36,4.517768032343685e-05,0.9998246648539788
Gray-Scott reaction-diffusion,spots,A,train,box,37,3.518377779964236e-05,0.9998598486317783
Gray-Scott reaction-diffusion,spots,A,train,box,38,2.890525829082287e-05,0.9998887538900693
Gray-Scott reaction-diffusion,spots,A,train,box,39,2.1814143508847633e-05,0.999910568033578
Gray-Scott reaction-diffusion,spots,A,train,box,40,1.7417250261192713e-05,0.9999279852838392
Gray-Scott reaction-diffusion,spots,A,train,box,41,1.3587315936418004e-05,0.9999415725997757
Gray-Scott reaction-diffusion,spots,A,train,box,42,1.11001101199254e-05,0.9999526727098956
Gray-Scott reaction-diffusion,spots,A,train,box,43,9.066934252067263e-06,0.9999617396441477
Gray-Scott reaction-diffusion,spots,A,train,box,44,7.196683809108435e-06,0.9999689363279568
Gray-Scott reaction-diffusion,spots,A,train,box,45,5.745066269072674e-06,0.9999746813942259
Gray-Scott reaction-diffusion,spots,A,train,box,46,4.396685422789067e-06,0.9999790780796487
Gray-Scott reaction-diffusion,spots,A,train,box,47,3.7187986774113925e-06,0.9999827968783261
Gray-Scott reaction-diffusion,spots,A,train,box,48,2.912093347149435e-06,0.9999857089716733
Gray-Scott reaction-diffusion,spots,A,train,box,49,2.3659207130664876e-06,0.9999880748923864
Gray-Scott reaction-diffusion,spots,A,train,box,50,2.040609661031722e-06,0.9999901155020475
Gray-Scott reaction-diffusion,spots,A,train,box,51,1.7107592412002865e-06,0.9999918262612888
Gray-Scott reaction-diffusion,spots,A,train,box,52,1.341665423778212e-06,0.9999931679267126
Gray-Scott reaction-diffusion,spots,A,train,box,53,1.2062369977458373e-06,0.9999943741637104
Gray-Scott reaction-diffusion,spots,A,train,box,54,9.91429421569181e-07,0.9999953655931321
Gray-Scott reaction-diffusion,spots,A,train,box,55,8.245950818440521e-07,0.9999961901882138
Gray-Scott reaction-diffusion,spots,A,train,box,56,7.010146178382093e-07,0.9999968912028316
Gray-Scott reaction-diffusion,spots,A,train,box,57,6.032273607824674e-07,0.9999974944301925
Gray-Scott reaction-diffusion,spots,A,train,box,58,5.189396914087396e-07,0.9999980133698838
Gray-Scott reaction-diffusion,spots,A,train,box,59,4.5018348014252155e-07,0.999998463553364
Gray-Scott reaction-diffusion,spots,A,train,box,60,3.9953246350124675e-07,0.9999988630858275
Gray-Scott reaction-diffusion,spots,A,train,box,61,3.6897695330012873e-07,0.9999992320627809
Gray-Scott reaction-diffusion,spots,A,train,box,62,3.240303060969697e-07,0.999999556093087
Gray-Scott reaction-diffusion,spots,A,train,box,63,3.01740232157381e-07,0.9999998578333191
Gray-Scott reaction-diffusion,spots,A,train,box,64,1.4216668137348566e-07,1.0000000000000004
Gray-Scott reaction-diffusion,spots,A,settled,radial,1,0.0002793990964575667,0.0002793990964575667
Gray-Scott reaction-diffusion,spots,A,settled,radial,2,0.00017973408085259935,0.00045913317731016603
Gray-Scott reaction-diffusion,spots,A,settled,radial,3,0.00016640836442405302,0.0006255415417342191
Gray-Scott reaction-diffusion,spots,A,settled,radial,4,0.00030293862901734103,0.00092848017075156
Gray-Scott reaction-diffusion,spots,A,settled,radial,5,0.0006408262507081122,0.001569306421459672
Gray-Scott reaction-diffusion,spots,A,settled,radial,6,0.0006530806686785665,0.0022223870901382386
Gray-Scott reaction-diffusion,spots,A,settled,radial,7,0.000883393226890844,0.0031057803170290825
Gray-Scott reaction-diffusion,spots,A,settled,radial,8,0.0012296169080777883,0.004335397225106871
Gray-Scott reaction-diffusion,spots,A,settled,radial,9,0.0016887748009302517,0.0060241720260371225
Gray-Scott reaction-diffusion,spots,A,settled,radial,10,0.003987375533938798,0.01001154755997592
Gray-Scott reaction-diffusion,spots,A,settled,radial,11,0.007067789929014231,0.01707933748899015
Gray-Scott reaction-diffusion,spots,A,settled,radial,12,0.021086231102198066,0.03816556859118821
Gray-Scott reaction-diffusion,spots,A,settled,radial,13,0.12497721882190779,0.163142787413096
Gray-Scott reaction-diffusion,spots,A,settled,radial,14,0.3413468484945188,0.5044896359076149
Gray-Scott reaction-diffusion,spots,A,settled,radial,15,0.296433897904318,0.8009235338119328
Gray-Scott reaction-diffusion,spots,A,settled,radial,16,0.1304442947500365,0.9313678285619693
Gray-Scott reaction-diffusion,spots,A,settled,radial,17,0.03986292105512944,0.9712307496170988
Gray-Scott reaction-diffusion,spots,A,settled,radial,18,0.01121449733129439,0.9824452469483932
Gray-Scott reaction-diffusion,spots,A,settled,radial,19,0.0047774522261238685,0.9872226991745171
Gray-Scott reaction-diffusion,spots,A,settled,radial,20,0.003119701009051227,0.9903424001835683
Gray-Scott reaction-diffusion,spots,A,settled,radial,21,0.0019668542688171253,0.9923092544523855
Gray-Scott reaction-diffusion,spots,A,settled,radial,22,0.001146959368504471,0.9934562138208899
Gray-Scott reaction-diffusion,spots,A,settled,radial,23,0.0010491598061037632,0.9945053736269936
Gray-Scott reaction-diffusion,spots,A,settled,radial,24,0.0008513475684048832,0.9953567211953986
Gray-Scott reaction-diffusion,spots,A,settled,radial,25,0.0010261654809494765,0.9963828866763481
Gray-Scott reaction-diffusion,spots,A,settled,radial,26,0.0007857676770210931,0.9971686543533692
Gray-Scott reaction-diffusion,spots,A,settled,radial,27,0.00040062328344678944,0.9975692776368161
Gray-Scott reaction-diffusion,spots,A,settled,radial,28,0.00016124930133180044,0.9977305269381479
Gray-Scott reaction-diffusion,spots,A,settled,radial,29,7.111719337169084e-05,0.9978016441315195
Gray-Scott reaction-diffusion,spots,A,settled,radial,30,3.36849028386586e-05,0.9978353290343582
Gray-Scott reaction-diffusion,spots,A,settled,radial,31,4.7664599765547376e-05,0.9978829936341237
Gray-Scott reaction-diffusion,spots,A,settled,radial,32,6.233083347945202e-05,0.9979453244676032
Gray-Scott reaction-diffusion,spots,A,settled,radial,33,7.441221267929291e-05,0.9980197366802825
Gray-Scott reaction-diffusion,spots,A,settled,radial,34,9.84709508183455e-05,0.9981182076311008
Gray-Scott reaction-diffusion,spots,A,settled,radial,35,9.615859751899741e-05,0.9982143662286199
Gray-Scott reaction-diffusion,spots,A,settled,radial,36,0.00014381544374069023,0.9983581816723606
Gray-Scott reaction-diffusion,spots,A,settled,radial,37,0.00014827289667361076,0.9985064545690342
Gray-Scott reaction-diffusion,spots,A,settled,radial,38,0.00019812564294508794,0.9987045802119793
Gray-Scott reaction-diffusion,spots,A,settled,radial,39,0.0002382058419339199,0.9989427860539132
Gray-Scott reaction-diffusion,spots,A,settled,radial,40,0.0002294446334091792,0.9991722306873224
Gray-Scott reaction-diffusion,spots,A,settled,radial,41,0.00020945772905692786,0.9993816884163794
Gray-Scott reaction-diffusion,spots,A,settled,radial,42,0.00015829669540371518,0.9995399851117831
Gray-Scott reaction-diffusion,spots,A,settled,radial,43,0.00014241932188380595,0.999682404433667
Gray-Scott reaction-diffusion,spots,A,settled,radial,44,9.462508192660731e-05,0.9997770295155936
Gray-Scott reaction-diffusion,spots,A,settled,radial,45,6.518108939995017e-05,0.9998422106049936
Gray-Scott reaction-diffusion,spots,A,settled,radial,46,4.9032278594088575e-05,0.9998912428835875
Gray-Scott reaction-diffusion,spots,A,settled,radial,47,3.272826606736014e-05,0.9999239711496549
Gray-Scott reaction-diffusion,spots,A,settled,radial,48,2.123246546730163e-05,0.9999452036151222
Gray-Scott reaction-diffusion,spots,A,settled,radial,49,1.2883540711150091e-05,0.9999580871558333
Gray-Scott reaction-diffusion,spots,A,settled,radial,50,1.1200163269289913e-05,0.9999692873191027
Gray-Scott reaction-diffusion,spots,A,settled,radial,51,6.990008977227052e-06,0.9999762773280799
Gray-Scott reaction-diffusion,spots,A,settled,radial,52,5.3113516272338044e-06,0.9999815886797072
Gray-Scott reaction-diffusion,spots,A,settled,radial,53,4.2553072892973274e-06,0.9999858439869966
Gray-Scott reaction-diffusion,spots,A,settled,radial,54,2.919593041835233e-06,0.9999887635800384
Gray-Scott reaction-diffusion,spots,A,settled,radial,55,2.030762010455839e-06,0.9999907943420488
Gray-Scott reaction-diffusion,spots,A,settled,radial,56,1.4368135101782539e-06,0.999992231155559
Gray-Scott reaction-diffusion,spots,A,settled,radial,57,9.546026212182908e-07,0.9999931857581802
Gray-Scott reaction-diffusion,spots,A,settled,radial,58,7.621831081351955e-07,0.9999939479412883
Gray-Scott reaction-diffusion,spots,A,settled,radial,59,6.867350759596819e-07,0.9999946346763642
Gray-Scott reaction-diffusion,spots,A,settled,radial,60,6.805564783694422e-07,0.9999953152328425
Gray-Scott reaction-diffusion,spots,A,settled,radial,61,7.605629704623667e-07,0.9999960757958128
Gray-Scott reaction-diffusion,spots,A,settled,radial,62,7.448728238598611e-07,0.9999968206686368
Gray-Scott reaction-diffusion,spots,A,settled,radial,63,7.813017687786911e-07,0.9999976019704054
Gray-Scott reaction-diffusion,spots,A,settled,radial,64,5.876545663700332e-07,0.9999981896249719
Gray-Scott reaction-diffusion,spots,A,settled,radial,65,4.920896469618779e-07,0.9999986817146189
Gray-Scott reaction-diffusion,spots,A,settled,radial,66,3.4825619065406764e-07,0.9999990299708096
Gray-Scott reaction-diffusion,spots,A,settled,radial,67,2.8269386475891435e-07,0.9999993126646743
Gray-Scott reaction-diffusion,spots,A,settled,radial,68,2.497996836967627e-07,0.9999995624643582
Gray-Scott reaction-diffusion,spots,A,settled,radial,69,1.6357455022530252e-07,0.9999997260389083
Gray-Scott reaction-diffusion,spots,A,settled,radial,70,1.0464912350606839e-07,0.9999998306880318
Gray-Scott reaction-diffusion,spots,A,settled,radial,71,7.455469265569623e-08,0.9999999052427244
Gray-Scott reaction-diffusion,spots,A,settled,radial,72,4.83497865991069e-08,0.9999999535925111
Gray-Scott reaction-diffusion,spots,A,settled,radial,73,2.4654441478725934e-08,0.9999999782469526
Gray-Scott reaction-diffusion,spots,A,settled,radial,74,1.4792688365131932e-08,0.999999993039641
Gray-Scott reaction-diffusion,spots,A,settled,radial,75,5.77023843470953e-09,0.9999999988098794
Gray-Scott reaction-diffusion,spots,A,settled,radial,76,1.1901206687091662e-09,1.0000000000000002
Gray-Scott reaction-diffusion,spots,A,settled,radial,77,6.962650136883603e-17,1.0000000000000002
Gray-Scott reaction-diffusion,spots,A,settled,radial,78,5.0353698556812433e-17,1.0000000000000002
Gray-Scott reaction-diffusion,spots,A,settled,radial,79,5.429121045578642e-17,1.0000000000000002
Gray-Scott reaction-diffusion,spots,A,settled,radial,80,4.379918843152398e-17,1.0000000000000002
Gray-Scott reaction-diffusion,spots,A,settled,radial,81,3.351589568025165e-17,1.0000000000000002
Gray-Scott reaction-diffusion,spots,A,settled,radial,82,4.5886338287184944e-17,1.0000000000000002
Gray-Scott reaction-diffusion,spots,A,settled,radial,83,2.27107692551162e-17,1.0000000000000002
Gray-Scott reaction-diffusion,spots,A,settled,radial,84,3.3254971525684937e-17,1.0000000000000002
Gray-Scott reaction-diffusion,spots,A,settled,radial,85,1.677044812841165e-17,1.0000000000000002
Gray-Scott reaction-diffusion,spots,A,settled,radial,86,1.635954424752215e-17,1.0000000000000002
Gray-Scott reaction-diffusion,spots,A,settled,radial,87,1.4783749874422942e-17,1.0000000000000002
Gray-Scott reaction-diffusion,spots,A,settled,radial,88,6.4048043620253266e-18,1.0000000000000002
Gray-Scott reaction-diffusion,spots,A,settled,radial,89,6.007239319445611e-18,1.0000000000000002
Gray-Scott reaction-diffusion,spots,A,settled,radial,90,5.571955970240842e-19,1.0000000000000002
Gray-Scott reaction-diffusion,spots,A,settled,box,1,0.0002793990964575666,0.0002793990964575666
Gray-Scott reaction-diffusion,spots,A,settled,box,2,0.0001797340808525993,0.00045913317731016587
Gray-Scott reaction-diffusion,spots,A,settled,box,3,0.00020491845161620532,0.0006640516289263712
Gray-Scott reaction-diffusion,spots,A,settled,box,4,0.0004449424073078269,0.001108994036234198
Gray-Scott reaction-diffusion,spots,A,settled,box,5,0.0007331426697736118,0.0018421367060078098
Gray-Scott reaction-diffusion,spots,A,settled,box,6,0.0007347710458881643,0.002576907751895974
Gray-Scott reaction-diffusion,spots,A,settled,box,7,0.001227480128451829,0.003804387880347803
Gray-Scott reaction-diffusion,spots,A,settled,box,8,0.0022430314479853154,0.006047419328333118
Gray-Scott reaction-diffusion,spots,A,settled,box,9,0.006639358322542206,0.012686777650875324
Gray-Scott reaction-diffusion,spots,A,settled,box,10,0.03583458262941443,0.048521360280289756
Gray-Scott reaction-diffusion,spots,A,settled,box,11,0.10869259358314491,0.15721395386343467
Gray-Scott reaction-diffusion,spots,A,settled,box,12,0.1378102256059887,0.2950241794694234
Gray-Scott reaction-diffusion,spots,A,settled,box,13,0.17931326273380316,0.4743374422032265
Gray-Scott reaction-diffusion,spots,A,settled,box,14,0.2418376368534093,0.7161750790566358
Gray-Scott reaction-diffusion,spots,A,settled,box,15,0.17050071272188363,0.8866757917785194
Gray-Scott reaction-diffusion,spots,A,settled,box,16,0.07492126896665117,0.9615970607451706
Gray-Scott reaction-diffusion,spots,A,settled,box,17,0.018583345654820366,0.9801804063999909
Gray-Scott reaction-diffusion,spots,A,settled,box,18,0.00710591119799561,0.9872863175979866
Gray-Scott reaction-diffusion,spots,A,settled,box,19,0.0033827308118118166,0.9906690484097983
Gray-Scott reaction-diffusion,spots,A,settled,box,20,0.0023624188815689873,0.9930314672913673
Gray-Scott reaction-diffusion,spots,A,settled,box,21,0.0013313914219757997,0.9943628587133431
Gray-Scott reaction-diffusion,spots,A,settled,box,22,0.0009148464836670436,0.9952777051970101
Gray-Scott reaction-diffusion,spots,A,settled,box,23,0.000739336410279444,0.9960170416072895
Gray-Scott reaction-diffusion,spots,A,settled,box,24,0.000653017516045845,0.9966700591233354
Gray-Scott reaction-diffusion,spots,A,settled,box,25,0.0005575147251956612,0.9972275738485312
Gray-Scott reaction-diffusion,spots,A,settled,box,26,0.00035340035506796193,0.9975809742035991
Gray-Scott reaction-diffusion,spots,A,settled,box,27,0.0002459564809854,0.9978269306845845
Gray-Scott reaction-diffusion,spots,A,settled,box,28,0.00012646584704174073,0.9979533965316263
Gray-Scott reaction-diffusion,spots,A,settled,box,29,0.0001043005997898913,0.9980576971314161
Gray-Scott reaction-diffusion,spots,A,settled,box,30,0.00011082671730575596,0.9981685238487218
Gray-Scott reaction-diffusion,spots,A,settled,box,31,0.0001224413651680745,0.9982909652138898
Gray-Scott reaction-diffusion,spots,A,settled,box,32,0.00013777112277846743,0.9984287363366683
Gray-Scott reaction-diffusion,spots,A,settled,box,33,0.0001402381780040449,0.9985689745146723
Gray-Scott reaction-diffusion,spots,A,settled,box,34,0.00013643482221143278,0.9987054093368837
Gray-Scott reaction-diffusion,spots,A,settled,box,35,0.00014722878230160607,0.9988526381191855
Gray-Scott reaction-diffusion,spots,A,settled,box,36,0.00014742800596048803,0.9990000661251458
Gray-Scott reaction-diffusion,spots,A,settled,box,37,0.0001581577769426002,0.9991582239020884
Gray-Scott reaction-diffusion,spots,A,settled,box,38,0.00015205386292084652,0.9993102777650094
Gray-Scott reaction-diffusion,spots,A,settled,box,39,0.00014532665839606253,0.9994556044234053
Gray-Scott reaction-diffusion,spots,A,settled,box,40,0.0001455735256100039,0.9996011779490154
Gray-Scott reaction-diffusion,spots,A,settled,box,41,0.00010588480311691163,0.9997070627521323
Gray-Scott reaction-diffusion,spots,A,settled,box,42,8.490218399084674e-05,0.999791964936123
Gray-Scott reaction-diffusion,spots,A,settled,box,43,5.8531931496058055e-05,0.9998504968676191
Gray-Scott reaction-diffusion,spots,A,settled,box,44,4.346528220595012e-05,0.999893962149825
Gray-Scott reaction-diffusion,spots,A,settled,box,45,3.273544112174274e-05,0.9999266975909468
Gray-Scott reaction-diffusion,spots,A,settled,box,46,2.0360444388207617e-05,0.9999470580353349
Gray-Scott reaction-diffusion,spots,A,settled,box,47,1.4899856898030769e-05,0.999961957892233
Gray-Scott reaction-diffusion,spots,A,settled,box,48,9.852405183859908e-06,0.9999718102974168
Gray-Scott reaction-diffusion,spots,A,settled,box,49,5.999361255853009e-06,0.9999778096586727
Gray-Scott reaction-diffusion,spots,A,settled,box,50,4.901716654409011e-06,0.999982711375327
Gray-Scott reaction-diffusion,spots,A,settled,box,51,3.6488264175954207e-06,0.9999863602017446
Gray-Scott reaction-diffusion,spots,A,settled,box,52,2.4705410679774306e-06,0.9999888307428125
Gray-Scott reaction-diffusion,spots,A,settled,box,53,1.9333918535664562e-06,0.9999907641346661
Gray-Scott reaction-diffusion,spots,A,settled,box,54,1.5039751952450486e-06,0.9999922681098614
Gray-Scott reaction-diffusion,spots,A,settled,box,55,1.1578342949271797e-06,0.9999934259441564
Gray-Scott reaction-diffusion,spots,A,settled,box,56,1.0011023081078522e-06,0.9999944270464646
Gray-Scott reaction-diffusion,spots,A,settled,box,57,7.817002067442547e-07,0.9999952087466712
Gray-Scott reaction-diffusion,spots,A,settled,box,58,7.589656110154407e-07,0.9999959677122823
Gray-Scott reaction-diffusion,spots,A,settled,box,59,7.752602600344244e-07,0.9999967429725424
Gray-Scott reaction-diffusion,spots,A,settled,box,60,7.623663173059731e-07,0.9999975053388597
Gray-Scott reaction-diffusion,spots,A,settled,box,61,7.198832376375575e-07,0.9999982252220972
Gray-Scott reaction-diffusion,spots,A,settled,box,62,7.43035057650722e-07,0.999998968257155
Gray-Scott reaction-diffusion,spots,A,settled,box,63,7.133795260443938e-07,0.999999681636681
Gray-Scott reaction-diffusion,spots,A,settled,box,64,3.1836331854456555e-07,0.9999999999999996
Gray-Scott reaction-diffusion,spots,B,full,radial,1,0.006676027723394678,0.006676027723394678
Gray-Scott reaction-diffusion,spots,B,full,radial,2,0.008811727983517136,0.015487755706911811
Gray-Scott reaction-diffusion,spots,B,full,radial,3,0.005598779336249181,0.021086535043160992
Gray-Scott reaction-diffusion,spots,B,full,radial,4,0.005568127846101708,0.0266546628892627
Gray-Scott reaction-diffusion,spots,B,full,radial,5,0.006550357091542681,0.03320501998080538
Gray-Scott reaction-diffusion,spots,B,full,radial,6,0.005438179244310834,0.03864319922511621
Gray-Scott reaction-diffusion,spots,B,full,radial,7,0.007200325433299068,0.04584352465841528
Gray-Scott reaction-diffusion,spots,B,full,radial,8,0.01016962998476803,0.056013154643183315
Gray-Scott reaction-diffusion,spots,B,full,radial,9,0.010748818821658923,0.06676197346484224
Gray-Scott reaction-diffusion,spots,B,full,radial,10,0.01630318481241382,0.08306515827725607
Gray-Scott reaction-diffusion,spots,B,full,radial,11,0.021250632088350766,0.10431579036560681
Gray-Scott reaction-diffusion,spots,B,full,radial,12,0.04237104091292814,0.14668683127853496
Gray-Scott reaction-diffusion,spots,B,full,radial,13,0.1334215998157543,0.28010843109428923
Gray-Scott reaction-diffusion,spots,B,full,radial,14,0.25494132996870156,0.5350497610629908
Gray-Scott reaction-diffusion,spots,B,full,radial,15,0.2285789113185682,0.7636286723815591
Gray-Scott reaction-diffusion,spots,B,full,radial,16,0.12199543033781346,0.8856241027193725
Gray-Scott reaction-diffusion,spots,B,full,radial,17,0.049334546557649864,0.9349586492770223
Gray-Scott reaction-diffusion,spots,B,full,radial,18,0.018734743694911772,0.9536933929719341
Gray-Scott reaction-diffusion,spots,B,full,radial,19,0.009851503490512501,0.9635448964624467
Gray-Scott reaction-diffusion,spots,B,full,radial,20,0.006743066991141497,0.9702879634535881
Gray-Scott reaction-diffusion,spots,B,full,radial,21,0.0049219262469904455,0.9752098897005786
Gray-Scott reaction-diffusion,spots,B,full,radial,22,0.0031257292519238106,0.9783356189525024
Gray-Scott reaction-diffusion,spots,B,full,radial,23,0.002700287985151539,0.981035906937654
Gray-Scott reaction-diffusion,spots,B,full,radial,24,0.0021945428049352897,0.9832304497425892
Gray-Scott reaction-diffusion,spots,B,full,radial,25,0.002436458259302168,0.9856669080018914
Gray-Scott reaction-diffusion,spots,B,full,radial,26,0.0019299264308928667,0.9875968344327842
Gray-Scott reaction-diffusion,spots,B,full,radial,27,0.0011394944416943864,0.9887363288744787
Gray-Scott reaction-diffusion,spots,B,full,radial,28,0.000682390640679144,0.9894187195151578
Gray-Scott reaction-diffusion,spots,B,full,radial,29,0.0004920710683776388,0.9899107905835355
Gray-Scott reaction-diffusion,spots,B,full,radial,30,0.00036330910413991867,0.9902740996876753
Gray-Scott reaction-diffusion,spots,B,full,radial,31,0.00040519601494023376,0.9906792957026155
Gray-Scott reaction-diffusion,spots,B,full,radial,32,0.00041976602923727164,0.9910990617318529
Gray-Scott reaction-diffusion,spots,B,full,radial,33,0.00045950348292387694,0.9915585652147768
Gray-Scott reaction-diffusion,spots,B,full,radial,34,0.0005429047330338288,0.9921014699478106
Gray-Scott reaction-diffusion,spots,B,full,radial,35,0.0005038651146942808,0.9926053350625049
Gray-Scott reaction-diffusion,spots,B,full,radial,36,0.0006449626239426992,0.9932502976864477
Gray-Scott reaction-diffusion,spots,B,full,radial,37,0.0006593786271635137,0.9939096763136113
Gray-Scott reaction-diffusion,spots,B,full,radial,38,0.0008113844329145396,0.9947210607465258
Gray-Scott reaction-diffusion,spots,B,full,radial,39,0.0008973289613237291,0.9956183897078494
Gray-Scott reaction-diffusion,spots,B,full,radial,40,0.0008402479034154507,0.9964586376112649
Gray-Scott reaction-diffusion,spots,B,full,radial,41,0.0008183815246753173,0.9972770191359401
Gray-Scott reaction-diffusion,spots,B,full,radial,42,0.0006359141795700855,0.9979129333155103
Gray-Scott reaction-diffusion,spots,B,full,radial,43,0.0005749535827121771,0.9984878868982225
Gray-Scott reaction-diffusion,spots,B,full,radial,44,0.00040960682505964595,0.9988974937232822
Gray-Scott reaction-diffusion,spots,B,full,radial,45,0.0002911471170719891,0.9991886408403542
Gray-Scott reaction-diffusion,spots,B,full,radial,46,0.00022572277717537826,0.9994143636175296
Gray-Scott reaction-diffusion,spots,B,full,radial,47,0.0001559007080956302,0.9995702643256252
Gray-Scott reaction-diffusion,spots,B,full,radial,48,0.00010858023868195986,0.9996788445643073
Gray-Scott reaction-diffusion,spots,B,full,radial,49,7.071061222117663e-05,0.9997495551765284
Gray-Scott reaction-diffusion,spots,B,full,radial,50,6.0099580850567977e-05,0.999809654757379
Gray-Scott reaction-diffusion,spots,B,full,radial,51,3.9247436378218186e-05,0.9998489021937572
Gray-Scott reaction-diffusion,spots,B,full,radial,52,2.9708192657739992e-05,0.999878610386415
Gray-Scott reaction-diffusion,spots,B,full,radial,53,2.432612241862037e-05,0.9999029365088337
Gray-Scott reaction-diffusion,spots,B,full,radial,54,1.71476703459749e-05,0.9999200841791797
Gray-Scott reaction-diffusion,spots,B,full,radial,55,1.3606354392785649e-05,0.9999336905335725
Gray-Scott reaction-diffusion,spots,B,full,radial,56,9.882103757176927e-06,0.9999435726373297
Gray-Scott reaction-diffusion,spots,B,full,radial,57,7.566300287535807e-06,0.9999511389376172
Gray-Scott reaction-diffusion,spots,B,full,radial,58,6.3084139666349415e-06,0.9999574473515838
Gray-Scott reaction-diffusion,spots,B,full,radial,59,5.625057721215899e-06,0.9999630724093049
Gray-Scott reaction-diffusion,spots,B,full,radial,60,5.359645071679934e-06,0.9999684320543766
Gray-Scott reaction-diffusion,spots,B,full,radial,61,5.582759732136555e-06,0.9999740148141087
Gray-Scott reaction-diffusion,spots,B,full,radial,62,5.23291255375817e-06,0.9999792477266626
Gray-Scott reaction-diffusion,spots,B,full,radial,63,5.3656484322220195e-06,0.9999846133750948
Gray-Scott reaction-diffusion,spots,B,full,radial,64,4.062172295537918e-06,0.9999886755473903
Gray-Scott reaction-diffusion,spots,B,full,radial,65,3.1163754097543574e-06,0.9999917919228001
Gray-Scott reaction-diffusion,spots,B,full,radial,66,2.214026275463771e-06,0.9999940059490755
Gray-Scott reaction-diffusion,spots,B,full,radial,67,1.7664199908083856e-06,0.9999957723690663
Gray-Scott reaction-diffusion,spots,B,full,radial,68,1.505939337509222e-06,0.9999972783084039
Gray-Scott reaction-diffusion,spots,B,full,radial,69,9.904419516822619e-07,0.9999982687503556
Gray-Scott reaction-diffusion,spots,B,full,radial,70,6.35152050264078e-07,0.9999989039024058
Gray-Scott reaction-diffusion,spots,B,full,radial,71,4.6728820558651076e-07,0.9999993711906113
Gray-Scott reaction-diffusion,spots,B,full,radial,72,3.161754917581483e-07,0.999999687366103
Gray-Scott reaction-diffusion,spots,B,full,radial,73,1.6611825028819956e-07,0.9999998534843534
Gray-Scott reaction-diffusion,spots,B,full,radial,74,1.0110260148349068e-07,0.9999999545869549
Gray-Scott reaction-diffusion,spots,B,full,radial,75,3.6066930757910634e-08,0.9999999906538856
Gray-Scott reaction-diffusion,spots,B,full,radial,76,9.346114625553482e-09,1.0000000000000002
Gray-Scott reaction-diffusion,spots,B,full,radial,77,1.0206408242216461e-17,1.0000000000000002
Gray-Scott reaction-diffusion,spots,B,full,radial,78,7.405720244533125e-18,1.0000000000000002
Gray-Scott reaction-diffusion,spots,B,full,radial,79,8.008953174212995e-18,1.0000000000000002
Gray-Scott reaction-diffusion,spots,B,full,radial,80,6.506618204363656e-18,1.0000000000000002
Gray-Scott reaction-diffusion,spots,B,full,radial,81,4.939279727098158e-18,1.0000000000000002
Gray-Scott reaction-diffusion,spots,B,full,radial,82,6.8327541743075466e-18,1.0000000000000002
Gray-Scott reaction-diffusion,spots,B,full,radial,83,3.358407178638848e-18,1.0000000000000002
Gray-Scott reaction-diffusion,spots,B,full,radial,84,4.893952019146745e-18,1.0000000000000002
Gray-Scott reaction-diffusion,spots,B,full,radial,85,2.4706371005074265e-18,1.0000000000000002
Gray-Scott reaction-diffusion,spots,B,full,radial,86,2.456492848177372e-18,1.0000000000000002
Gray-Scott reaction-diffusion,spots,B,full,radial,87,2.165719037760343e-18,1.0000000000000002
Gray-Scott reaction-diffusion,spots,B,full,radial,88,9.340237165182743e-19,1.0000000000000002
Gray-Scott reaction-diffusion,spots,B,full,radial,89,9.248016954422363e-19,1.0000000000000002
Gray-Scott reaction-diffusion,spots,B,full,radial,90,7.870099695658499e-20,1.0000000000000002
Gray-Scott reaction-diffusion,spots,B,full,box,1,0.0066760277233946785,0.0066760277233946785
Gray-Scott reaction-diffusion,spots,B,full,box,2,0.008811727983517138,0.015487755706911814
Gray-Scott reaction-diffusion,spots,B,full,box,3,0.006649764883194438,0.02213752059010625
Gray-Scott reaction-diffusion,spots,B,full,box,4,0.006788681437683409,0.028926202027789658
Gray-Scott reaction-diffusion,spots,B,full,box,5,0.005869574941053719,0.03479577696884338
Gray-Scott reaction-diffusion,spots,B,full,box,6,0.007761946869736042,0.04255772383857942
Gray-Scott reaction-diffusion,spots,B,full,box,7,0.009581633400291126,0.052139357238870546
Gray-Scott reaction-diffusion,spots,B,full,box,8,0.013377641475337909,0.06551699871420845
Gray-Scott reaction-diffusion,spots,B,full,box,9,0.02184966459674556,0.08736666331095402
Gray-Scott reaction-diffusion,spots,B,full,box,10,0.04775617049867082,0.13512283380962484
Gray-Scott reaction-diffusion,spots,B,full,box,11,0.09737689517725713,0.23249972898688198
Gray-Scott reaction-diffusion,spots,B,full,box,12,0.13188674499498423,0.36438647398186624
Gray-Scott reaction-diffusion,spots,B,full,box,13,0.15902257011512066,0.523409044096987
Gray-Scott reaction-diffusion,spots,B,full,box,14,0.18902759494333476,0.7124366390403217
Gray-Scott reaction-diffusion,spots,B,full,box,15,0.14087574325553606,0.8533123822958578
Gray-Scott reaction-diffusion,spots,B,full,box,16,0.07382454848167194,0.9271369307775298
Gray-Scott reaction-diffusion,spots,B,full,box,17,0.02474572667649698,0.9518826574540267
Gray-Scott reaction-diffusion,spots,B,full,box,18,0.012680523493656157,0.9645631809476828
Gray-Scott reaction-diffusion,spots,B,full,box,19,0.0072728607416971515,0.97183604168938
Gray-Scott reaction-diffusion,spots,B,full,box,20,0.005302951814397408,0.9771389935037774
Gray-Scott reaction-diffusion,spots,B,full,box,21,0.0034463097096057963,0.9805853032133832
Gray-Scott reaction-diffusion,spots,B,full,box,22,0.0024938946534288392,0.9830791978668121
Gray-Scott reaction-diffusion,spots,B,full,box,23,0.0019782210921222027,0.9850574189589343
Gray-Scott reaction-diffusion,spots,B,full,box,24,0.0016756698024981893,0.9867330887614325
Gray-Scott reaction-diffusion,spots,B,full,box,25,0.0015096297952179242,0.9882427185566505
Gray-Scott reaction-diffusion,spots,B,full,box,26,0.0010869026111104136,0.9893296211677609
Gray-Scott reaction-diffusion,spots,B,full,box,27,0.0008706194140636794,0.9902002405818245
Gray-Scott reaction-diffusion,spots,B,full,box,28,0.0006461426616914923,0.990846383243516
Gray-Scott reaction-diffusion,spots,B,full,box,29,0.000588763235648887,0.9914351464791651
Gray-Scott reaction-diffusion,spots,B,full,box,30,0.000600912899027583,0.9920360593781927
Gray-Scott reaction-diffusion,spots,B,full,box,31,0.0006185046368590638,0.9926545640150518
Gray-Scott reaction-diffusion,spots,B,full,box,32,0.0006577598039821638,0.993312323819034
Gray-Scott reaction-diffusion,spots,B,full,box,33,0.0006495472792471397,0.9939618710982812
Gray-Scott reaction-diffusion,spots,B,full,box,34,0.0006199011724746991,0.9945817722707558
Gray-Scott reaction-diffusion,spots,B,full,box,35,0.0006428507203081299,0.995224622991064
Gray-Scott reaction-diffusion,spots,B,full,box,36,0.0006290531885750863,0.995853676179639
Gray-Scott reaction-diffusion,spots,B,full,box,37,0.0006429966905469834,0.9964966728701862
Gray-Scott reaction-diffusion,spots,B,full,box,38,0.0006072993510244849,0.9971039722212106
Gray-Scott reaction-diffusion,spots,B,full,box,39,0.0005629518487407743,0.9976669240699515
Gray-Scott reaction-diffusion,spots,B,full,box,40,0.0005450698275357223,0.9982119938974872
Gray-Scott reaction-diffusion,spots,B,full,box,41,0.00043653632389054173,0.9986485302213777
Gray-Scott reaction-diffusion,spots,B,full,box,42,0.00035139393525432497,0.998999924156632
Gray-Scott reaction-diffusion,spots,B,full,box,43,0.00025554378729887985,0.9992554679439309
Gray-Scott reaction-diffusion,spots,B,full,box,44,0.00020212394653698645,0.9994575918904679
Gray-Scott reaction-diffusion,spots,B,full,box,45,0.00014857752253074708,0.9996061694129987
Gray-Scott reaction-diffusion,spots,B,full,box,46,9.889472156880101e-05,0.9997050641345676
Gray-Scott reaction-diffusion,spots,B,full,box,47,7.378769787888392e-05,0.9997788518324465
Gray-Scott reaction-diffusion,spots,B,full,box,48,5.116820162760795e-05,0.9998300200340742
Gray-Scott reaction-diffusion,spots,B,full,box,49,3.379606471975419e-05,0.9998638160987939
Gray-Scott reaction-diffusion,spots,B,full,box,50,2.769785742723359e-05,0.9998915139562211
Gray-Scott reaction-diffusion,spots,B,full,box,51,2.0427659112938334e-05,0.9999119416153341
Gray-Scott reaction-diffusion,spots,B,full,box,52,1.4869625557546826e-05,0.9999268112408917
Gray-Scott reaction-diffusion,spots,B,full,box,53,1.1798488235934547e-05,0.9999386097291275
Gray-Scott reaction-diffusion,spots,B,full,box,54,9.524073323004133e-06,0.9999481338024506
Gray-Scott reaction-diffusion,spots,B,full,box,55,7.661505868481427e-06,0.9999557953083191
Gray-Scott reaction-diffusion,spots,B,full,box,56,6.691857875271139e-06,0.9999624871661945
Gray-Scott reaction-diffusion,spots,B,full,box,57,5.642865085510088e-06,0.99996813003128
Gray-Scott reaction-diffusion,spots,B,full,box,58,5.3140326442346016e-06,0.9999734440639244
Gray-Scott reaction-diffusion,spots,B,full,box,59,5.213037600144974e-06,0.9999786571015246
Gray-Scott reaction-diffusion,spots,B,full,box,60,5.0118452389455615e-06,0.9999836689467635
Gray-Scott reaction-diffusion,spots,B,full,box,61,4.8519853497948985e-06,0.9999885209321132
Gray-Scott reaction-diffusion,spots,B,full,box,62,4.739586225268135e-06,0.9999932605183385
Gray-Scott reaction-diffusion,spots,B,full,box,63,4.619876549994093e-06,0.9999978803948885
Gray-Scott reaction-diffusion,spots,B,full,box,64,2.11960511268423e-06,1.000000000000001
Gray-Scott reaction-diffusion,spots,B,train,radial,1,0.04004636859149009,0.04004636859149009
Gray-Scott reaction-diffusion,spots,B,train,radial,2,0.07736088385427996,0.11740725244577005
Gray-Scott reaction-diffusion,spots,B,train,radial,3,0.06582293007167025,0.1832301825174403
Gray-Scott reaction-diffusion,spots,B,train,radial,4,0.07759597381122081,0.2608261563286611
Gray-Scott reaction-diffusion,spots,B,train,radial,5,0.09948050216791053,0.3603066584965716
Gray-Scott reaction-diffusion,spots,B,train,radial,6,0.0689836656395886,0.4292903241361602
Gray-Scott reaction-diffusion,spots,B,train,radial,7,0.07262895484549994,0.5019192789816601
Gray-Scott reaction-diffusion,spots,B,train,radial,8,0.07195855870683339,0.5738778376884935
Gray-Scott reaction-diffusion,spots,B,train,radial,9,0.059816516274629625,0.6336943539631231
Gray-Scott reaction-diffusion,spots,B,train,radial,10,0.06326325136280297,0.6969576053259261
Gray-Scott reaction-diffusion,spots,B,train,radial,11,0.053263327648652714,0.7502209329745788
Gray-Scott reaction-diffusion,spots,B,train,radial,12,0.04867189914324742,0.7988928321178262
Gray-Scott reaction-diffusion,spots,B,train,radial,13,0.05042415196336881,0.8493169840811952
Gray-Scott reaction-diffusion,spots,B,train,radial,14,0.031417635378472863,0.8807346194596681
Gray-Scott reaction-diffusion,spots,B,train,radial,15,0.022255390005839655,0.9029900094655077
Gray-Scott reaction-diffusion,spots,B,train,radial,16,0.017501785763016465,0.9204917952285242
Gray-Scott reaction-diffusion,spots,B,train,radial,17,0.014638446981574599,0.9351302422100988
Gray-Scott reaction-diffusion,spots,B,train,radial,18,0.011577761391362136,0.946708003601461
Gray-Scott reaction-diffusion,spots,B,train,radial,19,0.008241808682862724,0.9549498122843237
Gray-Scott reaction-diffusion,spots,B,train,radial,20,0.006583694189391138,0.9615335064737149
Gray-Scott reaction-diffusion,spots,B,train,radial,21,0.0062877753920253755,0.9678212818657403
Gray-Scott reaction-diffusion,spots,B,train,radial,22,0.00467514171620729,0.9724964235819475
Gray-Scott reaction-diffusion,spots,B,train,radial,23,0.003828484454307509,0.976324908036255
Gray-Scott reaction-diffusion,spots,B,train,radial,24,0.0033183853121055294,0.9796432933483606
Gray-Scott reaction-diffusion,spots,B,train,radial,25,0.0031561573424571817,0.9827994506908179
Gray-Scott reaction-diffusion,spots,B,train,radial,26,0.0025327014237750646,0.9853321521145929
Gray-Scott reaction-diffusion,spots,B,train,radial,27,0.001981677581083546,0.9873138296956765
Gray-Scott reaction-diffusion,spots,B,train,radial,28,0.0017379219934407354,0.9890517516891173
Gray-Scott reaction-diffusion,spots,B,train,radial,29,0.0016930371784094206,0.9907447888675267
Gray-Scott reaction-diffusion,spots,B,train,radial,30,0.0013352545673078718,0.9920800434348347
Gray-Scott reaction-diffusion,spots,B,train,radial,31,0.0012995379463380187,0.9933795813811727
Gray-Scott reaction-diffusion,spots,B,train,radial,32,0.0010336944541696179,0.9944132758353423
Gray-Scott reaction-diffusion,spots,B,train,radial,33,0.0008776842473923368,0.9952909600827347
Gray-Scott reaction-diffusion,spots,B,train,radial,34,0.0008338052953627734,0.9961247653780975
Gray-Scott reaction-diffusion,spots,B,train,radial,35,0.0006036680096415524,0.996728433387739
Gray-Scott reaction-diffusion,spots,B,train,radial,36,0.00058863845985682,0.9973170718475957
Gray-Scott reaction-diffusion,spots,B,train,radial,37,0.0004471306497984579,0.9977642024973942
Gray-Scott reaction-diffusion,spots,B,train,radial,38,0.00040534821224518885,0.9981695507096395
Gray-Scott reaction-diffusion,spots,B,train,radial,39,0.00031943314099423114,0.9984889838506338
Gray-Scott reaction-diffusion,spots,B,train,radial,40,0.00024584928358490596,0.9987348331342186
Gray-Scott reaction-diffusion,spots,B,train,radial,41,0.0002209701304542813,0.9989558032646729
Gray-Scott reaction-diffusion,spots,B,train,radial,42,0.00017921536647829737,0.9991350186311514
Gray-Scott reaction-diffusion,spots,B,train,radial,43,0.000154079075902659,0.9992890977070541
Gray-Scott reaction-diffusion,spots,B,train,radial,44,0.0001191017731105249,0.9994081994801645
Gray-Scott reaction-diffusion,spots,B,train,radial,45,9.513390833762891e-05,0.9995033333885022
Gray-Scott reaction-diffusion,spots,B,train,radial,46,8.485371833595357e-05,0.999588187106838
Gray-Scott reaction-diffusion,spots,B,train,radial,47,6.558223433861231e-05,0.9996537693411766
Gray-Scott reaction-diffusion,spots,B,train,radial,48,5.50461502852711e-05,0.999708815491462
Gray-Scott reaction-diffusion,spots,B,train,radial,49,4.346916163796128e-05,0.9997522846531
Gray-Scott reaction-diffusion,spots,B,train,radial,50,3.9163399825799955e-05,0.9997914480529257
Gray-Scott reaction-diffusion,spots,B,train,radial,51,3.2426254306888865e-05,0.9998238743072326
Gray-Scott reaction-diffusion,spots,B,train,radial,52,2.5346455358016384e-05,0.9998492207625905
Gray-Scott reaction-diffusion,spots,B,train,radial,53,2.5130596649446444e-05,0.9998743513592401
Gray-Scott reaction-diffusion,spots,B,train,radial,54,1.9634443497790845e-05,0.9998939858027378
Gray-Scott reaction-diffusion,spots,B,train,radial,55,1.871511813335903e-05,0.9999127009208713
Gray-Scott reaction-diffusion,spots,B,train,radial,56,1.4560516774545487e-05,0.9999272614376458
Gray-Scott reaction-diffusion,spots,B,train,radial,57,1.2583133461789912e-05,0.9999398445711074
Gray-Scott reaction-diffusion,spots,B,train,radial,58,1.1057344081721773e-05,0.9999509019151892
Gray-Scott reaction-diffusion,spots,B,train,radial,59,9.302080517193261e-06,0.9999602039957064
Gray-Scott reaction-diffusion,spots,B,train,radial,60,8.324434290487792e-06,0.9999685284299968
Gray-Scott reaction-diffusion,spots,B,train,radial,61,7.17149425157305e-06,0.9999756999242485
Gray-Scott reaction-diffusion,spots,B,train,radial,62,6.260360461198416e-06,0.9999819602847096
Gray-Scott reaction-diffusion,spots,B,train,radial,63,5.583807981096018e-06,0.9999875440926906
Gray-Scott reaction-diffusion,spots,B,train,radial,64,4.045037633695665e-06,0.9999915891303244
Gray-Scott reaction-diffusion,spots,B,train,radial,65,2.534636204419907e-06,0.9999941237665289
Gray-Scott reaction-diffusion,spots,B,train,radial,66,1.7186243306684874e-06,0.9999958423908596
Gray-Scott reaction-diffusion,spots,B,train,radial,67,1.2573857414648179e-06,0.999997099776601
Gray-Scott reaction-diffusion,spots,B,train,radial,68,1.0250209494722317e-06,0.9999981247975505
Gray-Scott reaction-diffusion,spots,B,train,radial,69,6.050330354674549e-07,0.9999987298305859
Gray-Scott reaction-diffusion,spots,B,train,radial,70,4.2828410017900333e-07,0.999999158114686
Gray-Scott reaction-diffusion,spots,B,train,radial,71,3.4605172791699535e-07,0.9999995041664139
Gray-Scott reaction-diffusion,spots,B,train,radial,72,2.363410011465517e-07,0.9999997405074151
Gray-Scott reaction-diffusion,spots,B,train,radial,73,1.384087248180415e-07,0.9999998789161401
Gray-Scott reaction-diffusion,spots,B,train,radial,74,8.90384786229002e-08,0.9999999679546185
Gray-Scott reaction-diffusion,spots,B,train,radial,75,2.150325451336341e-08,0.999999989457873
Gray-Scott reaction-diffusion,spots,B,train,radial,76,1.0542127254809466e-08,1.0000000000000004
Gray-Scott reaction-diffusion,spots,B,train,radial,77,7.04054539512381e-18,1.0000000000000004
Gray-Scott reaction-diffusion,spots,B,train,radial,78,5.065536552983424e-18,1.0000000000000004
Gray-Scott reaction-diffusion,spots,B,train,radial,79,5.440213841899024e-18,1.0000000000000004
Gray-Scott reaction-diffusion,spots,B,train,radial,80,4.368961500202555e-18,1.0000000000000004
Gray-Scott reaction-diffusion,spots,B,train,radial,81,3.3386344400197598e-18,1.0000000000000004
Gray-Scott reaction-diffusion,spots,B,train,radial,82,4.508053847797859e-18,1.0000000000000004
Gray-Scott reaction-diffusion,spots,B,train,radial,83,2.1714677133398113e-18,1.0000000000000004
Gray-Scott reaction-diffusion,spots,B,train,radial,84,3.2906096979809626e-18,1.0000000000000004
Gray-Scott reaction-diffusion,spots,B,train,radial,85,1.7122236370681977e-18,1.0000000000000004
Gray-Scott reaction-diffusion,spots,B,train,radial,86,1.644823958787502e-18,1.0000000000000004
Gray-Scott reaction-diffusion,spots,B,train,radial,87,1.4823078723156225e-18,1.0000000000000004
Gray-Scott reaction-diffusion,spots,B,train,radial,88,5.881254316357935e-19,1.0000000000000004
Gray-Scott reaction-diffusion,spots,B,train,radial,89,5.67750415854605e-19,1.0000000000000004
Gray-Scott reaction-diffusion,spots,B,train,radial,90,5.621204121108514e-20,1.0000000000000004
Gray-Scott reaction-diffusion,spots,B,train,box,1,0.04004636859149009,0.04004636859149009
Gray-Scott reaction-diffusion,spots,B,train,box,2,0.07736088385427996,0.11740725244577005
Gray-Scott reaction-diffusion,spots,B,train,box,3,0.07838408092713045,0.1957913333729005
Gray-Scott reaction-diffusion,spots,B,train,box,4,0.10168557053587109,0.29747690390877163
Gray-Scott reaction-diffusion,spots,B,train,box,5,0.08056322178982393,0.3780401256985955
Gray-Scott reaction-diffusion,spots,B,train,box,6,0.08450209094871268,0.46254221664730827
Gray-Scott reaction-diffusion,spots,B,train,box,7,0.07555136703933216,0.5380935836866404
Gray-Scott reaction-diffusion,spots,B,train,box,8,0.0725706611310729,0.6106642448177133
Gray-Scott reaction-diffusion,spots,B,train,box,9,0.06201869625325179,0.6726829410709652
Gray-Scott reaction-diffusion,spots,B,train,box,10,0.06652833699221088,0.739211278063176
Gray-Scott reaction-diffusion,spots,B,train,box,11,0.05621064111798117,0.7954219191811571
Gray-Scott reaction-diffusion,spots,B,train,box,12,0.04840723075360726,0.8438291499347644
Gray-Scott reaction-diffusion,spots,B,train,box,13,0.034365246461658124,0.8781943963964225
Gray-Scott reaction-diffusion,spots,B,train,box,14,0.027061062152324213,0.9052554585487468
Gray-Scott reaction-diffusion,spots,B,train,box,15,0.018601537409609084,0.9238569959583559
Gray-Scott reaction-diffusion,spots,B,train,box,16,0.014847903463353079,0.938704899421709
Gray-Scott reaction-diffusion,spots,B,train,box,17,0.010786041483963168,0.9494909409056723
Gray-Scott reaction-diffusion,spots,B,train,box,18,0.008928002899366759,0.958418943805039
Gray-Scott reaction-diffusion,spots,B,train,box,19,0.006576292347619116,0.964995236152658
Gray-Scott reaction-diffusion,spots,B,train,box,20,0.005726763135234381,0.9707219992878925
Gray-Scott reaction-diffusion,spots,B,train,box,21,0.004761258263970459,0.9754832575518629
Gray-Scott reaction-diffusion,spots,B,train,box,22,0.0038524764248528474,0.9793357339767157
Gray-Scott reaction-diffusion,spots,B,train,box,23,0.003140394285410174,0.9824761282621259
Gray-Scott reaction-diffusion,spots,B,train,box,24,0.002740711501268111,0.985216839763394
Gray-Scott reaction-diffusion,spots,B,train,box,25,0.0023666386314180974,0.9875834783948122
Gray-Scott reaction-diffusion,spots,B,train,box,26,0.0019046760960253096,0.9894881544908374
Gray-Scott reaction-diffusion,spots,B,train,box,27,0.0017088032524217294,0.9911969577432591
Gray-Scott reaction-diffusion,spots,B,train,box,28,0.0014180078378959015,0.992614965581155
Gray-Scott reaction-diffusion,spots,B,train,box,29,0.0012057885722592829,0.9938207541534143
Gray-Scott reaction-diffusion,spots,B,train,box,30,0.0010001662226438968,0.9948209203760583
Gray-Scott reaction-diffusion,spots,B,train,box,31,0.0008877057479046423,0.9957086261239628
Gray-Scott reaction-diffusion,spots,B,train,box,32,0.0007251517547199024,0.9964337778786828
Gray-Scott reaction-diffusion,spots,B,train,box,33,0.0006071410975639815,0.9970409189762468
Gray-Scott reaction-diffusion,spots,B,train,box,34,0.0005162067913449895,0.9975571257675917
Gray-Scott reaction-diffusion,spots,B,train,box,35,0.0004452380458057043,0.9980023638133974
Gray-Scott reaction-diffusion,spots,B,train,box,36,0.0003655271605299791,0.9983678909739274
Gray-Scott reaction-diffusion,spots,B,train,box,37,0.00029447442878841637,0.9986623654027159
Gray-Scott reaction-diffusion,spots,B,train,box,38,0.00024880621827018493,0.9989111716209861
Gray-Scott reaction-diffusion,spots,B,train,box,39,0.00019370757416925028,0.9991048791951553
Gray-Scott reaction-diffusion,spots,B,train,box,40,0.00015858812932445987,0.9992634673244798
Gray-Scott reaction-diffusion,spots,B,train,box,41,0.00012647432642353394,0.9993899416509034
Gray-Scott reaction-diffusion,spots,B,train,box,42,0.00010573828329139498,0.9994956799341947
Gray-Scott reaction-diffusion,spots,B,train,box,43,8.873939901535483e-05,0.9995844193332102
Gray-Scott reaction-diffusion,spots,B,train,box,44,7.218610280512797e-05,0.9996566054360152
Gray-Scott reaction-diffusion,spots,B,train,box,45,5.8942801379263376e-05,0.9997155482373945
Gray-Scott reaction-diffusion,spots,B,train,box,46,4.604556053982688e-05,0.9997615937979343
Gray-Scott reaction-diffusion,spots,B,train,box,47,3.9707990993497865e-05,0.9998013017889278
Gray-Scott reaction-diffusion,spots,B,train,box,48,3.139776430530893e-05,0.9998326995532331
Gray-Scott reaction-diffusion,spots,B,train,box,49,2.6058226750552085e-05,0.9998587577799836
Gray-Scott reaction-diffusion,spots,B,train,box,50,2.2786796171177677e-05,0.9998815445761549
Gray-Scott reaction-diffusion,spots,B,train,box,51,1.9422266393532313e-05,0.9999009668425484
Gray-Scott reaction-diffusion,spots,B,train,box,52,1.5461390064329286e-05,0.9999164282326127
Gray-Scott reaction-diffusion,spots,B,train,box,53,1.4069400686813573e-05,0.9999304976332996
Gray-Scott reaction-diffusion,spots,B,train,box,54,1.1767329003861338e-05,0.9999422649623034
Gray-Scott reaction-diffusion,spots,B,train,box,55,9.932729343882583e-06,0.9999521976916472
Gray-Scott reaction-diffusion,spots,B,train,box,56,8.53788929741126e-06,0.9999607355809447
Gray-Scott reaction-diffusion,spots,B,train,box,57,7.39025375096397e-06,0.9999681258346956
Gray-Scott reaction-diffusion,spots,B,train,box,58,6.417672384476108e-06,0.99997454350708
Gray-Scott reaction-diffusion,spots,B,train,box,59,5.632096450582212e-06,0.9999801756035306
Gray-Scott reaction-diffusion,spots,B,train,box,60,5.067989109775467e-06,0.9999852435926403
Gray-Scott reaction-diffusion,spots,B,train,box,61,4.729561647301873e-06,0.9999899731542876
Gray-Scott reaction-diffusion,spots,B,train,box,62,4.1807602876558825e-06,0.9999941539145752
Gray-Scott reaction-diffusion,spots,B,train,box,63,3.960715972171903e-06,0.9999981146305474
Gray-Scott reaction-diffusion,spots,B,train,box,64,1.885369452558776e-06,1.0
Gray-Scott reaction-diffusion,spots,B,settled,radial,1,6.978999841026002e-05,6.978999841026002e-05
Gray-Scott reaction-diffusion,spots,B,settled,radial,2,4.690920465474e-05,0.00011669920306500001
Gray-Scott reaction-diffusion,spots,B,settled,radial,3,4.623413089820668e-05,0.0001629333339632067
Gray-Scott reaction-diffusion,spots,B,settled,radial,4,8.99649735462031e-05,0.0002528983075094098
Gray-Scott reaction-diffusion,spots,B,settled,radial,5,0.0002097851444193967,0.0004626834519288065
Gray-Scott reaction-diffusion,spots,B,settled,radial,6,0.00023712079348146926,0.0006998042454102758
Gray-Scott reaction-diffusion,spots,B,settled,radial,7,0.0003556260573817,0.0010554303027919757
Gray-Scott reaction-diffusion,spots,B,settled,radial,8,0.000561111800742266,0.0016165421035342416
Gray-Scott reaction-diffusion,spots,B,settled,radial,9,0.0008681862134603429,0.0024847283169945845
Gray-Scott reaction-diffusion,spots,B,settled,radial,10,0.002317852003198489,0.004802580320193073
Gray-Scott reaction-diffusion,spots,B,settled,radial,11,0.004601331600243077,0.00940391192043615
Gray-Scott reaction-diffusion,spots,B,settled,radial,12,0.015530115175990738,0.02493402709642689
Gray-Scott reaction-diffusion,spots,B,settled,radial,13,0.10489543219376225,0.12982945929018913
Gray-Scott reaction-diffusion,spots,B,settled,radial,14,0.3180023477563801,0.4478318070465692
Gray-Scott reaction-diffusion,spots,B,settled,radial,15,0.30274891720658037,0.7505807242531496
Gray-Scott reaction-diffusion,spots,B,settled,radial,16,0.1466259691716944,0.897206693424844
Gray-Scott reaction-diffusion,spots,B,settled,radial,17,0.04949385335865202,0.946700546783496
Gray-Scott reaction-diffusion,spots,B,settled,radial,18,0.015412807356973911,0.96211335414047
Gray-Scott reaction-diffusion,spots,B,settled,radial,19,0.00721834520748978,0.9693316993479598
Gray-Scott reaction-diffusion,spots,B,settled,radial,20,0.005117771260943652,0.9744494706089035
Gray-Scott reaction-diffusion,spots,B,settled,radial,21,0.0035073599882919546,0.9779568305971956
Gray-Scott reaction-diffusion,spots,B,settled,radial,22,0.00221102110691865,0.9801678517041142
Gray-Scott reaction-diffusion,spots,B,settled,radial,23,0.0021731347044194106,0.9823409864085336
Gray-Scott reaction-diffusion,spots,B,settled,radial,24,0.0018842824760243338,0.984225268884558
Gray-Scott reaction-diffusion,spots,B,settled,radial,25,0.002426853073994119,0.986652121958552
Gray-Scott reaction-diffusion,spots,B,settled,radial,26,0.001981701320678666,0.9886338232792307
Gray-Scott reaction-diffusion,spots,B,settled,radial,27,0.0010681952126165859,0.9897020184918472
Gray-Scott reaction-diffusion,spots,B,settled,radial,28,0.000453250701034084,0.9901552691928813
Gray-Scott reaction-diffusion,spots,B,settled,radial,29,0.0002101899294276124,0.990365459122309
Gray-Scott reaction-diffusion,spots,B,settled,radial,30,0.00010502388943119883,0.9904704830117402
Gray-Scott reaction-diffusion,spots,B,settled,radial,31,0.0001560747016962429,0.9906265577134364
Gray-Scott reaction-diffusion,spots,B,settled,radial,32,0.00021314114687174531,0.9908396988603083
Gray-Scott reaction-diffusion,spots,B,settled,radial,33,0.00026527791221136576,0.9911049767725196
Gray-Scott reaction-diffusion,spots,B,settled,radial,34,0.0003650561302882261,0.9914700329028078
Gray-Scott reaction-diffusion,spots,B,settled,radial,35,0.00036983708556924394,0.9918398699883771
Gray-Scott reaction-diffusion,spots,B,settled,radial,36,0.000572025292947958,0.992411895281325
Gray-Scott reaction-diffusion,spots,B,settled,radial,37,0.0006090966367082472,0.9930209919180334
Gray-Scott reaction-diffusion,spots,B,settled,radial,38,0.0008404894759169863,0.9938614813939505
Gray-Scott reaction-diffusion,spots,B,settled,radial,39,0.0010421828678181296,0.9949036642617686
Gray-Scott reaction-diffusion,spots,B,settled,radial,40,0.0010312989948124858,0.995934963256581
Gray-Scott reaction-diffusion,spots,B,settled,radial,41,0.0009658316470362401,0.9969007949036174
Gray-Scott reaction-diffusion,spots,B,settled,radial,42,0.0007493517581838012,0.9976501466618012
Gray-Scott reaction-diffusion,spots,B,settled,radial,43,0.0006908498109169688,0.9983409964727181
Gray-Scott reaction-diffusion,spots,B,settled,radial,44,0.0004700209225295882,0.9988110173952476
Gray-Scott reaction-diffusion,spots,B,settled,radial,45,0.00033069814878810964,0.9991417155440359
Gray-Scott reaction-diffusion,spots,B,settled,radial,46,0.00025391853011818606,0.9993956340741541
Gray-Scott reaction-diffusion,spots,B,settled,radial,47,0.0001728936791772856,0.9995685277533314
Gray-Scott reaction-diffusion,spots,B,settled,radial,48,0.00011434738011113229,0.9996828751334425
Gray-Scott reaction-diffusion,spots,B,settled,radial,49,7.061598939316068e-05,0.9997534911228356
Gray-Scott reaction-diffusion,spots,B,settled,radial,50,6.251293895065826e-05,0.9998160040617863
Gray-Scott reaction-diffusion,spots,B,settled,radial,51,3.9661932926906434e-05,0.9998556659947132
Gray-Scott reaction-diffusion,spots,B,settled,radial,52,3.0608275148386065e-05,0.9998862742698617
Gray-Scott reaction-diffusion,spots,B,settled,radial,53,2.4891205091634034e-05,0.9999111654749533
Gray-Scott reaction-diffusion,spots,B,settled,radial,54,1.731904068588368e-05,0.9999284845156392
Gray-Scott reaction-diffusion,spots,B,settled,radial,55,1.2213208343990285e-05,0.9999406977239831
Gray-Scott reaction-diffusion,spots,B,settled,radial,56,8.755711477854459e-06,0.9999494534354609
Gray-Scott reaction-diffusion,spots,B,settled,radial,57,5.890996310740418e-06,0.9999553444317717
Gray-Scott reaction-diffusion,spots,B,settled,radial,58,4.7608204396707505e-06,0.9999601052522114
Gray-Scott reaction-diffusion,spots,B,settled,radial,59,4.3382143517340806e-06,0.9999644434665631
Gray-Scott reaction-diffusion,spots,B,settled,radial,60,4.3472120399376526e-06,0.999968790678603
Gray-Scott reaction-diffusion,spots,B,settled,radial,61,4.912545785695145e-06,0.9999737032243886
Gray-Scott reaction-diffusion,spots,B,settled,radial,62,4.860994058955382e-06,0.9999785642184476
Gray-Scott reaction-diffusion,spots,B,settled,radial,63,5.148765698887436e-06,0.9999837129841465
Gray-Scott reaction-diffusion,spots,B,settled,radial,64,3.909205712779094e-06,0.9999876221898591
Gray-Scott reaction-diffusion,spots,B,settled,radial,65,3.3035071525932055e-06,0.9999909256970118
Gray-Scott reaction-diffusion,spots,B,settled,radial,66,2.3586166164786934e-06,0.9999932843136282
Gray-Scott reaction-diffusion,spots,B,settled,radial,67,1.930213107666211e-06,0.9999952145267359
Gray-Scott reaction-diffusion,spots,B,settled,radial,68,1.7194854589551666e-06,0.9999969340121949
Gray-Scott reaction-diffusion,spots,B,settled,radial,69,1.1352100051350689e-06,0.9999980692222
Gray-Scott reaction-diffusion,spots,B,settled,radial,70,7.313157292270521e-07,0.9999988005379292
Gray-Scott reaction-diffusion,spots,B,settled,radial,71,5.245640882524021e-07,0.9999993251020174
Gray-Scott reaction-diffusion,spots,B,settled,radial,72,3.425750097796671e-07,0.9999996676770272
Gray-Scott reaction-diffusion,spots,B,settled,radial,73,1.7585629423248984e-07,0.9999998435333215
Gray-Scott reaction-diffusion,spots,B,settled,radial,74,1.0618058009354063e-07,0.9999999497139015
Gray-Scott reaction-diffusion,spots,B,settled,radial,75,4.1654032655419715e-08,0.9999999913679343
Gray-Scott reaction-diffusion,spots,B,settled,radial,76,8.632066028517284e-09,1.0000000000000004
Gray-Scott reaction-diffusion,spots,B,settled,radial,77,1.064520262694569e-17,1.0000000000000004
Gray-Scott reaction-diffusion,spots,B,settled,radial,78,7.698915774855514e-18,1.0000000000000004
Gray-Scott reaction-diffusion,spots,B,settled,radial,79,8.399599728964845e-18,1.0000000000000004
Gray-Scott reaction-diffusion,spots,B,settled,radial,80,6.8459280040446764e-18,1.0000000000000004
Gray-Scott reaction-diffusion,spots,B,settled,radial,81,5.203576437907855e-18,1.0000000000000004
Gray-Scott reaction-diffusion,spots,B,settled,radial,82,7.13633024838379e-18,1.0000000000000004
Gray-Scott reaction-diffusion,spots,B,settled,radial,83,3.490562634133387e-18,1.0000000000000004
Gray-Scott reaction-diffusion,spots,B,settled,radial,84,5.066004560042058e-18,1.0000000000000004
Gray-Scott reaction-diffusion,spots,B,settled,radial,85,2.5977244349011632e-18,1.0000000000000004
Gray-Scott reaction-diffusion,spots,B,settled,radial,86,2.5581504648991363e-18,1.0000000000000004
Gray-Scott reaction-diffusion,spots,B,settled,radial,87,2.2894197662151845e-18,1.0000000000000004
Gray-Scott reaction-diffusion,spots,B,settled,radial,88,9.842317641893322e-19,1.0000000000000004
Gray-Scott reaction-diffusion,spots,B,settled,radial,89,9.702758968503816e-19,1.0000000000000004
Gray-Scott reaction-diffusion,spots,B,settled,radial,90,7.866454079435308e-20,1.0000000000000004
Gray-Scott reaction-diffusion,spots,B,settled,box,1,6.978999841026003e-05,6.978999841026003e-05
Gray-Scott reaction-diffusion,spots,B,settled,box,2,4.6909204654740014e-05,0.00011669920306500004
Gray-Scott reaction-diffusion,spots,B,settled,box,3,5.7692369167052534e-05,0.00017439157223205257
Gray-Scott reaction-diffusion,spots,B,settled,box,4,0.00013662998220842027,0.0003110215544404729
Gray-Scott reaction-diffusion,spots,B,settled,box,5,0.00025316809139041337,0.0005641896458308863
Gray-Scott reaction-diffusion,spots,B,settled,box,6,0.000281766114883947,0.0008459557607148332
Gray-Scott reaction-diffusion,spots,B,settled,box,7,0.0005466518943364157,0.0013926076550512488
Gray-Scott reaction-diffusion,spots,B,settled,box,8,0.0012116416436771657,0.0026042492987284147
Gray-Scott reaction-diffusion,spots,B,settled,box,9,0.004394622853130511,0.006998872151858926
Gray-Scott reaction-diffusion,spots,B,settled,box,10,0.029841297910205577,0.036840170062064505
Gray-Scott reaction-diffusion,spots,B,settled,box,11,0.09978754749782369,0.1366277175598882
Gray-Scott reaction-diffusion,spots,B,settled,box,12,0.12937530810548642,0.2660030256653746
Gray-Scott reaction-diffusion,spots,B,settled,box,13,0.17181895670392042,0.43782198236929504
Gray-Scott reaction-diffusion,spots,B,settled,box,14,0.23605607720145266,0.6738780595707476
Gray-Scott reaction-diffusion,spots,B,settled,box,15,0.17683971778959884,0.8507177773603466
Gray-Scott reaction-diffusion,spots,B,settled,box,16,0.0853771965890502,0.9360949739493967
Gray-Scott reaction-diffusion,spots,B,settled,box,17,0.023732312330483785,0.9598272862798803
Gray-Scott reaction-diffusion,spots,B,settled,box,18,0.010226855016018962,0.9700541412958994
Gray-Scott reaction-diffusion,spots,B,settled,box,19,0.005512619716952982,0.9755667610128524
Gray-Scott reaction-diffusion,spots,B,settled,box,20,0.004225615726818813,0.9797923767396711
Gray-Scott reaction-diffusion,spots,B,settled,box,21,0.0025907221210944645,0.9823830988607656
Gray-Scott reaction-diffusion,spots,B,settled,box,22,0.0019358352299370864,0.9843189340907026
Gray-Scott reaction-diffusion,spots,B,settled,box,23,0.001641625981037215,0.9859605600717398
Gray-Scott reaction-diffusion,spots,B,settled,box,24,0.0015377847367890253,0.9874983448085288
Gray-Scott reaction-diffusion,spots,B,settled,box,25,0.0013819070183314463,0.9888802518268603
Gray-Scott reaction-diffusion,spots,B,settled,box,26,0.0009321106859489585,0.9898123625128092
Gray-Scott reaction-diffusion,spots,B,settled,box,27,0.0007152968156987426,0.9905276593285081
Gray-Scott reaction-diffusion,spots,B,settled,box,28,0.0004145688356021744,0.9909422281641102
Gray-Scott reaction-diffusion,spots,B,settled,box,29,0.00039154769299907404,0.9913337758571092
Gray-Scott reaction-diffusion,spots,B,settled,box,30,0.0004408182945884778,0.9917745941516976
Gray-Scott reaction-diffusion,spots,B,settled,box,31,0.0004955787192134725,0.992270172870911
Gray-Scott reaction-diffusion,spots,B,settled,box,32,0.0005656762188944841,0.9928358490898055
Gray-Scott reaction-diffusion,spots,B,settled,box,33,0.0005867890438439057,0.9934226381336494
Gray-Scott reaction-diffusion,spots,B,settled,box,34,0.0005762603385948147,0.9939988984722442
Gray-Scott reaction-diffusion,spots,B,settled,box,35,0.0006355078853474935,0.9946344063575917
Gray-Scott reaction-diffusion,spots,B,settled,box,36,0.0006423266819468217,0.9952767330395386
Gray-Scott reaction-diffusion,spots,B,settled,box,37,0.0006971100586859306,0.9959738430982245
Gray-Scott reaction-diffusion,spots,B,settled,box,38,0.0006839968946911443,0.9966578399929156
Gray-Scott reaction-diffusion,spots,B,settled,box,39,0.0006621590218758677,0.9973199990147915
Gray-Scott reaction-diffusion,spots,B,settled,box,40,0.0006775086697557886,0.9979975076845473
Gray-Scott reaction-diffusion,spots,B,settled,box,41,0.0005035453558075991,0.998501053040355
Gray-Scott reaction-diffusion,spots,B,settled,box,42,0.00041182626464358294,0.9989128793049986
Gray-Scott reaction-diffusion,spots,B,settled,box,43,0.0002897953196547175,0.9992026746246534
Gray-Scott reaction-diffusion,spots,B,settled,box,44,0.00022014084411955498,0.999422815468773
Gray-Scott reaction-diffusion,spots,B,settled,box,45,0.0001688309778398731,0.9995916464466128
Gray-Scott reaction-diffusion,spots,B,settled,box,46,0.00010728584652402116,0.9996989322931369
Gray-Scott reaction-diffusion,spots,B,settled,box,47,7.998551262753845e-05,0.9997789178057644
Gray-Scott reaction-diffusion,spots,B,settled,box,48,5.3914365862138504e-05,0.9998328321716267
Gray-Scott reaction-diffusion,spots,B,settled,box,49,3.3434138651832087e-05,0.9998662663102785
Gray-Scott reaction-diffusion,spots,B,settled,box,50,2.779900552174551e-05,0.9998940653158003
Gray-Scott reaction-diffusion,spots,B,settled,box,51,2.1033615680757963e-05,0.999915098931481
Gray-Scott reaction-diffusion,spots,B,settled,box,52,1.4472788652749427e-05,0.9999295717201336
Gray-Scott reaction-diffusion,spots,B,settled,box,53,1.1498740257244369e-05,0.9999410704603908
Gray-Scott reaction-diffusion,spots,B,settled,box,54,9.078832783289016e-06,0.9999501492931742
Gray-Scott reaction-diffusion,spots,B,settled,box,55,7.109118293973693e-06,0.9999572584114681
Gray-Scott reaction-diffusion,spots,B,settled,box,56,6.2509910095047705e-06,0.9999635094024775
Gray-Scott reaction-diffusion,spots,B,settled,box,57,4.95795769638011e-06,0.999968467360174
Gray-Scott reaction-diffusion,spots,B,settled,box,58,4.86349281515327e-06,0.999973330852989
Gray-Scott reaction-diffusion,spots,B,settled,box,59,5.022429152761174e-06,0.9999783532821419
Gray-Scott reaction-diffusion,spots,B,settled,box,60,4.984521773321679e-06,0.9999833378039152
Gray-Scott reaction-diffusion,spots,B,settled,box,61,4.754038770695121e-06,0.9999880918426859
Gray-Scott reaction-diffusion,spots,B,settled,box,62,4.954717003860586e-06,0.9999930465596898
Gray-Scott reaction-diffusion,spots,B,settled,box,63,4.797518760706585e-06,0.9999978440784505
Gray-Scott reaction-diffusion,spots,B,settled,box,64,2.1559215493828027e-06,0.9999999999999998
Gray-Scott reaction-diffusion,worms,A,full,radial,1,0.01420560367960388,0.01420560367960388
Gray-Scott reaction-diffusion,worms,A,full,radial,2,0.035753791099060024,0.0499593947786639
Gray-Scott reaction-diffusion,worms,A,full,radial,3,0.03440738063964538,0.08436677541830928
Gray-Scott reaction-diffusion,worms,A,full,radial,4,0.04207298352006048,0.12643975893836976
Gray-Scott reaction-diffusion,worms,A,full,radial,5,0.04617434218506196,0.17261410112343173
Gray-Scott reaction-diffusion,worms,A,full,radial,6,0.050796792820310785,0.22341089394374253
Gray-Scott reaction-diffusion,worms,A,full,radial,7,0.05454855442722799,0.27795944837097053
Gray-Scott reaction-diffusion,worms,A,full,radial,8,0.07234748204725443,0.3503069304182249
Gray-Scott reaction-diffusion,worms,A,full,radial,9,0.07068249847827217,0.42098942889649715
Gray-Scott reaction-diffusion,worms,A,full,radial,10,0.08692509538012093,0.5079145242766181
Gray-Scott reaction-diffusion,worms,A,full,radial,11,0.09039927215945963,0.5983137964360776
Gray-Scott reaction-diffusion,worms,A,full,radial,12,0.10932982631176245,0.7076436227478402
Gray-Scott reaction-diffusion,worms,A,full,radial,13,0.09097717979366657,0.7986208025415067
Gray-Scott reaction-diffusion,worms,A,full,radial,14,0.05546323914709122,0.854084041688598
Gray-Scott reaction-diffusion,worms,A,full,radial,15,0.04049306216176045,0.8945771038503584
Gray-Scott reaction-diffusion,worms,A,full,radial,16,0.02736367339282266,0.921940777243181
Gray-Scott reaction-diffusion,worms,A,full,radial,17,0.02063634404381743,0.9425771212869986
Gray-Scott reaction-diffusion,worms,A,full,radial,18,0.014810766044371178,0.9573878873313697
Gray-Scott reaction-diffusion,worms,A,full,radial,19,0.010304691158885602,0.9676925784902553
Gray-Scott reaction-diffusion,worms,A,full,radial,20,0.006631549195016756,0.9743241276852721
Gray-Scott reaction-diffusion,worms,A,full,radial,21,0.0061897997729407515,0.9805139274582128
Gray-Scott reaction-diffusion,worms,A,full,radial,22,0.004111335809264853,0.9846252632674775
Gray-Scott reaction-diffusion,worms,A,full,radial,23,0.0036412377692478116,0.9882665010367252
Gray-Scott reaction-diffusion,worms,A,full,radial,24,0.002999039203801498,0.9912655402405267
Gray-Scott reaction-diffusion,worms,A,full,radial,25,0.0022928320158816843,0.9935583722564085
Gray-Scott reaction-diffusion,worms,A,full,radial,26,0.001689887413682421,0.995248259670091
Gray-Scott reaction-diffusion,worms,A,full,radial,27,0.0010421559893634255,0.9962904156594543
Gray-Scott reaction-diffusion,worms,A,full,radial,28,0.0007784428966504997,0.9970688585561047
Gray-Scott reaction-diffusion,worms,A,full,radial,29,0.0006255171715264876,0.9976943757276313
Gray-Scott reaction-diffusion,worms,A,full,radial,30,0.0004234171321312395,0.9981177928597625
Gray-Scott reaction-diffusion,worms,A,full,radial,31,0.0003538974647005565,0.998471690324463
Gray-Scott reaction-diffusion,worms,A,full,radial,32,0.00023327142021466646,0.9987049617446777
Gray-Scott reaction-diffusion,worms,A,full,radial,33,0.00018832778698095614,0.9988932895316587
Gray-Scott reaction-diffusion,worms,A,full,radial,34,0.00015802923172268294,0.9990513187633813
Gray-Scott reaction-diffusion,worms,A,full,radial,35,0.00011373345228808448,0.9991650522156693
Gray-Scott reaction-diffusion,worms,A,full,radial,36,0.00010059594867662652,0.9992656481643459
Gray-Scott reaction-diffusion,worms,A,full,radial,37,8.743152361212187e-05,0.9993530796879581
Gray-Scott reaction-diffusion,worms,A,full,radial,38,8.009088810492222e-05,0.999433170576063
Gray-Scott reaction-diffusion,worms,A,full,radial,39,6.876486671578961e-05,0.9995019354427788
Gray-Scott reaction-diffusion,worms,A,full,radial,40,5.993886766182079e-05,0.9995618743104405
Gray-Scott reaction-diffusion,worms,A,full,radial,41,6.0890773546981815e-05,0.9996227650839876
Gray-Scott reaction-diffusion,worms,A,full,radial,42,5.090878449694321e-05,0.9996736738684845
Gray-Scott reaction-diffusion,worms,A,full,radial,43,4.9493353812115045e-05,0.9997231672222967
Gray-Scott reaction-diffusion,worms,A,full,radial,44,4.157401319075057e-05,0.9997647412354874
Gray-Scott reaction-diffusion,worms,A,full,radial,45,3.4775298372648594e-05,0.9997995165338601
Gray-Scott reaction-diffusion,worms,A,full,radial,46,3.2030514485998594e-05,0.9998315470483461
Gray-Scott reaction-diffusion,worms,A,full,radial,47,2.65283813475761e-05,0.9998580754296937
Gray-Scott reaction-diffusion,worms,A,full,radial,48,2.3206994622938306e-05,0.9998812824243167
Gray-Scott reaction-diffusion,worms,A,full,radial,49,1.8665989007097804e-05,0.9998999484133239
Gray-Scott reaction-diffusion,worms,A,full,radial,50,1.7010004283546897e-05,0.9999169584176073
Gray-Scott reaction-diffusion,worms,A,full,radial,51,1.3642560335375553e-05,0.9999306009779426
Gray-Scott reaction-diffusion,worms,A,full,radial,52,1.0533155187543796e-05,0.9999411341331301
Gray-Scott reaction-diffusion,worms,A,full,radial,53,9.566993851110128e-06,0.9999507011269813
Gray-Scott reaction-diffusion,worms,A,full,radial,54,7.706834438388694e-06,0.9999584079614195
Gray-Scott reaction-diffusion,worms,A,full,radial,55,7.449691097533056e-06,0.999965857652517
Gray-Scott reaction-diffusion,worms,A,full,radial,56,5.9320152664164355e-06,0.9999717896677834
Gray-Scott reaction-diffusion,worms,A,full,radial,57,5.219951835895998e-06,0.9999770096196194
Gray-Scott reaction-diffusion,worms,A,full,radial,58,4.433193304480128e-06,0.999981442812924
Gray-Scott reaction-diffusion,worms,A,full,radial,59,3.879147474675389e-06,0.9999853219603986
Gray-Scott reaction-diffusion,worms,A,full,radial,60,3.4121870896957226e-06,0.9999887341474882
Gray-Scott reaction-diffusion,worms,A,full,radial,61,2.927603997312986e-06,0.9999916617514856
Gray-Scott reaction-diffusion,worms,A,full,radial,62,2.3787198217845575e-06,0.9999940404713074
Gray-Scott reaction-diffusion,worms,A,full,radial,63,2.1505939080992677e-06,0.9999961910652154
Gray-Scott reaction-diffusion,worms,A,full,radial,64,1.426757957314324e-06,0.9999976178231726
Gray-Scott reaction-diffusion,worms,A,full,radial,65,8.415098453740689e-07,0.999998459333018
Gray-Scott reaction-diffusion,worms,A,full,radial,66,5.080228527718544e-07,0.9999989673558708
Gray-Scott reaction-diffusion,worms,A,full,radial,67,3.6259430594812275e-07,0.9999993299501767
Gray-Scott reaction-diffusion,worms,A,full,radial,68,2.6178314377870065e-07,0.9999995917333204
Gray-Scott reaction-diffusion,worms,A,full,radial,69,1.528524606357077e-07,0.9999997445857811
Gray-Scott reaction-diffusion,worms,A,full,radial,70,9.219145656516286e-08,0.9999998367772376
Gray-Scott reaction-diffusion,worms,A,full,radial,71,6.989031701945011e-08,0.9999999066675545
Gray-Scott reaction-diffusion,worms,A,full,radial,72,4.64496942072933e-08,0.9999999531172487
Gray-Scott reaction-diffusion,worms,A,full,radial,73,2.4878134373495147e-08,0.999999977995383
Gray-Scott reaction-diffusion,worms,A,full,radial,74,1.5225407970658316e-08,0.9999999932207908
Gray-Scott reaction-diffusion,worms,A,full,radial,75,4.994115609511972e-09,0.9999999982149065
Gray-Scott reaction-diffusion,worms,A,full,radial,76,1.7850923853606115e-09,0.9999999999999989
Gray-Scott reaction-diffusion,worms,A,full,radial,77,4.9365410529803873e-17,0.9999999999999989
Gray-Scott reaction-diffusion,worms,A,full,radial,78,3.568027266531366e-17,0.9999999999999989
Gray-Scott reaction-diffusion,worms,A,full,radial,79,3.860079602804413e-17,0.9999999999999989
Gray-Scott reaction-diffusion,worms,A,full,radial,80,3.119583540936454e-17,0.9999999999999989
Gray-Scott reaction-diffusion,worms,A,full,radial,81,2.3762472284400005e-17,0.9999999999999989
Gray-Scott reaction-diffusion,worms,A,full,radial,82,3.2974612292581706e-17,0.9999999999999989
Gray-Scott reaction-diffusion,worms,A,full,radial,83,1.651496606993925e-17,0.9999999999999989
Gray-Scott reaction-diffusion,worms,A,full,radial,84,2.3942775624040095e-17,0.9999999999999989
Gray-Scott reaction-diffusion,worms,A,full,radial,85,1.195065113799672e-17,0.9999999999999989
Gray-Scott reaction-diffusion,worms,A,full,radial,86,1.1840372303628867e-17,0.9999999999999989
Gray-Scott reaction-diffusion,worms,A,full,radial,87,1.0362871767071787e-17,0.9999999999999989
Gray-Scott reaction-diffusion,worms,A,full,radial,88,4.5153016820287366e-18,0.9999999999999989
Gray-Scott reaction-diffusion,worms,A,full,radial,89,4.488791566821298e-18,0.9999999999999989
Gray-Scott reaction-diffusion,worms,A,full,radial,90,3.90986135762932e-19,0.9999999999999989
Gray-Scott reaction-diffusion,worms,A,full,box,1,0.014205603679603877,0.014205603679603877
Gray-Scott reaction-diffusion,worms,A,full,box,2,0.03575379109906001,0.04995939477866389
Gray-Scott reaction-diffusion,worms,A,full,box,3,0.04294340637822761,0.0929028011568915
Gray-Scott reaction-diffusion,worms,A,full,box,4,0.047143492585573106,0.1400462937424646
Gray-Scott reaction-diffusion,worms,A,full,box,5,0.04338387247495161,0.18343016621741623
Gray-Scott reaction-diffusion,worms,A,full,box,6,0.062233110326945895,0.24566327654436212
Gray-Scott reaction-diffusion,worms,A,full,box,7,0.07627284805679085,0.321936124601153
Gray-Scott reaction-diffusion,worms,A,full,box,8,0.08273560603973393,0.4046717306408869
Gray-Scott reaction-diffusion,worms,A,full,box,9,0.09875280840818972,0.5034245390490766
Gray-Scott reaction-diffusion,worms,A,full,box,10,0.09975239472489654,0.6031769337739731
Gray-Scott reaction-diffusion,worms,A,full,box,11,0.09354103911338998,0.6967179728873631
Gray-Scott reaction-diffusion,worms,A,full,box,12,0.08653485762271729,0.7832528305100804
Gray-Scott reaction-diffusion,worms,A,full,box,13,0.06754603782757425,0.8507988683376546
Gray-Scott reaction-diffusion,worms,A,full,box,14,0.04455240986140571,0.8953512781990604
Gray-Scott reaction-diffusion,worms,A,full,box,15,0.02993590376407966,0.92528718196314
Gray-Scott reaction-diffusion,worms,A,full,box,16,0.02079012635151516,0.9460773083146551
Gray-Scott reaction-diffusion,worms,A,full,box,17,0.013812252984316773,0.9598895612989718
Gray-Scott reaction-diffusion,worms,A,full,box,18,0.010666679140297348,0.9705562404392691
Gray-Scott reaction-diffusion,worms,A,full,box,19,0.007667504717843818,0.978223745157113
Gray-Scott reaction-diffusion,worms,A,full,box,20,0.004854853460013656,0.9830785986171265
Gray-Scott reaction-diffusion,worms,A,full,box,21,0.003946775548904772,0.9870253741660314
Gray-Scott reaction-diffusion,worms,A,full,box,22,0.0030845766406000477,0.9901099508066314
Gray-Scott reaction-diffusion,worms,A,full,box,23,0.0025936596270433646,0.9927036104336748
Gray-Scott reaction-diffusion,worms,A,full,box,24,0.0019250783427372743,0.9946286887764122
Gray-Scott reaction-diffusion,worms,A,full,box,25,0.001340787006536383,0.9959694757829485
Gray-Scott reaction-diffusion,worms,A,full,box,26,0.0009788467542203214,0.9969483225371688
Gray-Scott reaction-diffusion,worms,A,full,box,27,0.0006667682397262741,0.9976150907768953
Gray-Scott reaction-diffusion,worms,A,full,box,28,0.0004928749350082445,0.9981079657119034
Gray-Scott reaction-diffusion,worms,A,full,box,29,0.00035370250705535626,0.9984616682189588
Gray-Scott reaction-diffusion,worms,A,full,box,30,0.00026791178731435647,0.9987295800062731
Gray-Scott reaction-diffusion,worms,A,full,box,31,0.00021083879675483377,0.998940418803028
Gray-Scott reaction-diffusion,worms,A,full,box,32,0.0001636361825276186,0.9991040549855555
Gray-Scott reaction-diffusion,worms,A,full,box,33,0.0001303736439006502,0.9992344286294561
Gray-Scott reaction-diffusion,worms,A,full,box,34,0.0001054784910522536,0.9993399071205085
Gray-Scott reaction-diffusion,worms,A,full,box,35,8.906861897173768e-05,0.9994289757394801
Gray-Scott reaction-diffusion,worms,A,full,box,36,7.708423583141524e-05,0.9995060599753116
Gray-Scott reaction-diffusion,worms,A,full,box,37,6.659636281909547e-05,0.9995726563381307
Gray-Scott reaction-diffusion,worms,A,full,box,38,5.7954198160270203e-05,0.9996306105362911
Gray-Scott reaction-diffusion,worms,A,full,box,39,5.125170005837902e-05,0.9996818622363495
Gray-Scott reaction-diffusion,worms,A,full,box,40,4.474050170444402e-05,0.9997266027380538
Gray-Scott reaction-diffusion,worms,A,full,box,41,4.179045782811027e-05,0.999768393195882
Gray-Scott reaction-diffusion,worms,A,full,box,42,3.429994117138006e-05,0.9998026931370533
Gray-Scott reaction-diffusion,worms,A,full,box,43,3.083169725663642e-05,0.9998335248343099
Gray-Scott reaction-diffusion,worms,A,full,box,44,2.6322579530083888e-05,0.9998598474138399
Gray-Scott reaction-diffusion,worms,A,full,box,45,2.295111160749817e-05,0.9998827985254475
Gray-Scott reaction-diffusion,worms,A,full,box,46,1.9346624589441237e-05,0.9999021451500368
Gray-Scott reaction-diffusion,worms,A,full,box,47,1.61893572725728e-05,0.9999183345073095
Gray-Scott reaction-diffusion,worms,A,full,box,48,1.3362292436301327e-05,0.9999316967997457
Gray-Scott reaction-diffusion,worms,A,full,box,49,1.1109479079041364e-05,0.9999428062788247
Gray-Scott reaction-diffusion,worms,A,full,box,50,9.090377806701627e-06,0.9999518966566314
Gray-Scott reaction-diffusion,worms,A,full,box,51,7.917555230155266e-06,0.9999598142118615
Gray-Scott reaction-diffusion,worms,A,full,box,52,6.4346613356150345e-06,0.9999662488731972
Gray-Scott reaction-diffusion,worms,A,full,box,53,5.308307649385235e-06,0.9999715571808465
Gray-Scott reaction-diffusion,worms,A,full,box,54,4.655401721378563e-06,0.9999762125825679
Gray-Scott reaction-diffusion,worms,A,full,box,55,4.080853486569419e-06,0.9999802934360544
Gray-Scott reaction-diffusion,worms,A,full,box,56,3.5699870094710193e-06,0.999983863423064
Gray-Scott reaction-diffusion,worms,A,full,box,57,3.0593593588397947e-06,0.9999869227824228
Gray-Scott reaction-diffusion,worms,A,full,box,58,2.673652997575996e-06,0.9999895964354205
Gray-Scott reaction-diffusion,worms,A,full,box,59,2.409287971556483e-06,0.9999920057233921
Gray-Scott reaction-diffusion,worms,A,full,box,60,2.1680918026609933e-06,0.9999941738151948
Gray-Scott reaction-diffusion,worms,A,full,box,61,1.9181043137443922e-06,0.9999960919195086
Gray-Scott reaction-diffusion,worms,A,full,box,62,1.691509266477719e-06,0.9999977834287751
Gray-Scott reaction-diffusion,worms,A,full,box,63,1.5161200471689724e-06,0.9999992995488222
Gray-Scott reaction-diffusion,worms,A,full,box,64,7.004511775963317e-07,0.9999999999999998
Gray-Scott reaction-diffusion,worms,A,train,radial,1,0.02121562007178001,0.02121562007178001
Gray-Scott reaction-diffusion,worms,A,train,radial,2,0.05120466353057558,0.07242028360235558
Gray-Scott reaction-diffusion,worms,A,train,radial,3,0.06551421780561914,0.13793450140797475
Gray-Scott reaction-diffusion,worms,A,train,radial,4,0.1114678693319637,0.24940237073993846
Gray-Scott reaction-diffusion,worms,A,train,radial,5,0.09726028123149434,0.3466626519714328
Gray-Scott reaction-diffusion,worms,A,train,radial,6,0.10321771015008956,0.4498803621215224
Gray-Scott reaction-diffusion,worms,A,train,radial,7,0.08423796315173573,0.5341183252732581
Gray-Scott reaction-diffusion,worms,A,train,radial,8,0.07882903050836822,0.6129473557816263
Gray-Scott reaction-diffusion,worms,A,train,radial,9,0.06636767283888562,0.679315028620512
Gray-Scott reaction-diffusion,worms,A,train,radial,10,0.05989681710335659,0.7392118457238684
Gray-Scott reaction-diffusion,worms,A,train,radial,11,0.041565081100106205,0.7807769268239747
Gray-Scott reaction-diffusion,worms,A,train,radial,12,0.04723223157749122,0.8280091584014659
Gray-Scott reaction-diffusion,worms,A,train,radial,13,0.037183570838249844,0.8651927292397158
Gray-Scott reaction-diffusion,worms,A,train,radial,14,0.029833675487595534,0.8950264047273114
Gray-Scott reaction-diffusion,worms,A,train,radial,15,0.02593999749711761,0.9209664022244292
Gray-Scott reaction-diffusion,worms,A,train,radial,16,0.016883591166632954,0.937849993391062
Gray-Scott reaction-diffusion,worms,A,train,radial,17,0.017010796091967147,0.9548607894830292
Gray-Scott reaction-diffusion,worms,A,train,radial,18,0.012396198972425974,0.9672569884554553
Gray-Scott reaction-diffusion,worms,A,train,radial,19,0.008334528120324093,0.9755915165757794
Gray-Scott reaction-diffusion,worms,A,train,radial,20,0.0054422677264253675,0.9810337843022048
Gray-Scott reaction-diffusion,worms,A,train,radial,21,0.004738428501857273,0.9857722128040621
Gray-Scott reaction-diffusion,worms,A,train,radial,22,0.0028719910463699838,0.9886442038504321
Gray-Scott reaction-diffusion,worms,A,train,radial,23,0.0024427260346860484,0.9910869298851182
Gray-Scott reaction-diffusion,worms,A,train,radial,24,0.0017870851683125827,0.9928740150534308
Gray-Scott reaction-diffusion,worms,A,train,radial,25,0.001522237015533185,0.9943962520689639
Gray-Scott reaction-diffusion,worms,A,train,radial,26,0.0010702510505349691,0.9954665031194989
Gray-Scott reaction-diffusion,worms,A,train,radial,27,0.0007884377784984994,0.9962549408979974
Gray-Scott reaction-diffusion,worms,A,train,radial,28,0.0006524323674172465,0.9969073732654146
Gray-Scott reaction-diffusion,worms,A,train,radial,29,0.0005746893167317628,0.9974820625821463
Gray-Scott reaction-diffusion,worms,A,train,radial,30,0.0003898144621202414,0.9978718770442666
Gray-Scott reaction-diffusion,worms,A,train,radial,31,0.00035039499283484967,0.9982222720371015
Gray-Scott reaction-diffusion,worms,A,train,radial,32,0.000264105719244223,0.9984863777563457
Gray-Scott reaction-diffusion,worms,A,train,radial,33,0.0002236272245846645,0.9987100049809303
Gray-Scott reaction-diffusion,worms,A,train,radial,34,0.0001851170381198909,0.9988951220190503
Gray-Scott reaction-diffusion,worms,A,train,radial,35,0.00015213141893009928,0.9990472534379804
Gray-Scott reaction-diffusion,worms,A,train,radial,36,0.0001480523512319025,0.9991953057892123
Gray-Scott reaction-diffusion,worms,A,train,radial,37,0.00012518106279317377,0.9993204868520055
Gray-Scott reaction-diffusion,worms,A,train,radial,38,0.00010647088123176387,0.9994269577332373
Gray-Scott reaction-diffusion,worms,A,train,radial,39,9.409109572535278e-05,0.9995210488289626
Gray-Scott reaction-diffusion,worms,A,train,radial,40,7.33629263575665e-05,0.9995944117553202
Gray-Scott reaction-diffusion,worms,A,train,radial,41,6.748251355763997e-05,0.9996618942688777
Gray-Scott reaction-diffusion,worms,A,train,radial,42,5.423675740949439e-05,0.9997161310262872
Gray-Scott reaction-diffusion,worms,A,train,radial,43,4.9972861368086906e-05,0.9997661038876553
Gray-Scott reaction-diffusion,worms,A,train,radial,44,4.281068785523669e-05,0.9998089145755106
Gray-Scott reaction-diffusion,worms,A,train,radial,45,3.141509887111998e-05,0.9998403296743816
Gray-Scott reaction-diffusion,worms,A,train,radial,46,3.015467977125542e-05,0.9998704843541529
Gray-Scott reaction-diffusion,worms,A,train,radial,47,2.3463211064707052e-05,0.9998939475652178
Gray-Scott reaction-diffusion,worms,A,train,radial,48,1.9590262263706954e-05,0.9999135378274814
Gray-Scott reaction-diffusion,worms,A,train,radial,49,1.4493512799611652e-05,0.9999280313402811
Gray-Scott reaction-diffusion,worms,A,train,radial,50,1.2538732478166392e-05,0.9999405700727593
Gray-Scott reaction-diffusion,worms,A,train,radial,51,9.94493178429185e-06,0.9999505150045436
Gray-Scott reaction-diffusion,worms,A,train,radial,52,7.816898575308334e-06,0.9999583319031189
Gray-Scott reaction-diffusion,worms,A,train,radial,53,6.764626237095525e-06,0.9999650965293561
Gray-Scott reaction-diffusion,worms,A,train,radial,54,5.252653205440583e-06,0.9999703491825616
Gray-Scott reaction-diffusion,worms,A,train,radial,55,5.177933297248593e-06,0.9999755271158588
Gray-Scott reaction-diffusion,worms,A,train,radial,56,4.214851080343758e-06,0.9999797419669392
Gray-Scott reaction-diffusion,worms,A,train,radial,57,3.6549810681683682e-06,0.9999833969480072
Gray-Scott reaction-diffusion,worms,A,train,radial,58,3.0360409373839596e-06,0.9999864329889446
Gray-Scott reaction-diffusion,worms,A,train,radial,59,2.653748721898941e-06,0.9999890867376666
Gray-Scott reaction-diffusion,worms,A,train,radial,60,2.397394468786733e-06,0.9999914841321355
Gray-Scott reaction-diffusion,worms,A,train,radial,61,2.0389391432474343e-06,0.9999935230712786
Gray-Scott reaction-diffusion,worms,A,train,radial,62,1.7081609463035508e-06,0.999995231232225
Gray-Scott reaction-diffusion,worms,A,train,radial,63,1.5381184974336885e-06,0.9999967693507225
Gray-Scott reaction-diffusion,worms,A,train,radial,64,1.042195772641683e-06,0.9999978115464951
Gray-Scott reaction-diffusion,worms,A,train,radial,65,6.942598477744167e-07,0.9999985058063429
Gray-Scott reaction-diffusion,worms,A,train,radial,66,4.319639487865636e-07,0.9999989377702917
Gray-Scott reaction-diffusion,worms,A,train,radial,67,3.3222149038928956e-07,0.9999992699917821
Gray-Scott reaction-diffusion,worms,A,train,radial,68,2.656974809073322e-07,0.999999535689263
Gray-Scott reaction-diffusion,worms,A,train,radial,69,1.7323821952557442e-07,0.9999997089274826
Gray-Scott reaction-diffusion,worms,A,train,radial,70,1.018302804119438e-07,0.999999810757763
Gray-Scott reaction-diffusion,worms,A,train,radial,71,8.141996709467319e-08,0.9999998921777301
Gray-Scott reaction-diffusion,worms,A,train,radial,72,5.099472378124378e-08,0.9999999431724538
Gray-Scott reaction-diffusion,worms,A,train,radial,73,3.102442410655177e-08,0.9999999741968778
Gray-Scott reaction-diffusion,worms,A,train,radial,74,1.8652508777492257e-08,0.9999999928493866
Gray-Scott reaction-diffusion,worms,A,train,radial,75,5.085958753900676e-09,0.9999999979353452
Gray-Scott reaction-diffusion,worms,A,train,radial,76,2.064654953768173e-09,1.0000000000000002
Gray-Scott reaction-diffusion,worms,A,train,radial,77,7.261903609463849e-17,1.0000000000000002
Gray-Scott reaction-diffusion,worms,A,train,radial,78,5.312240565412948e-17,1.0000000000000002
Gray-Scott reaction-diffusion,worms,A,train,radial,79,5.568673210498363e-17,1.0000000000000002
Gray-Scott reaction-diffusion,worms,A,train,radial,80,4.5422584905621104e-17,1.0000000000000002
Gray-Scott reaction-diffusion,worms,A,train,radial,81,3.4371279946144265e-17,1.0000000000000002
Gray-Scott reaction-diffusion,worms,A,train,radial,82,4.772896303890439e-17,1.0000000000000002
Gray-Scott reaction-diffusion,worms,A,train,radial,83,2.4873859401687256e-17,1.0000000000000002
Gray-Scott reaction-diffusion,worms,A,train,radial,84,3.4572786037299475e-17,1.0000000000000002
Gray-Scott reaction-diffusion,worms,A,train,radial,85,1.692695992493837e-17,1.0000000000000002
Gray-Scott reaction-diffusion,worms,A,train,radial,86,1.6476947944087727e-17,1.0000000000000002
Gray-Scott reaction-diffusion,worms,A,train,radial,87,1.580090150785782e-17,1.0000000000000002
Gray-Scott reaction-diffusion,worms,A,train,radial,88,6.721663122744878e-18,1.0000000000000002
Gray-Scott reaction-diffusion,worms,A,train,radial,89,6.506357139695009e-18,1.0000000000000002
Gray-Scott reaction-diffusion,worms,A,train,radial,90,5.960848694893606e-19,1.0000000000000002
Gray-Scott reaction-diffusion,worms,A,train,box,1,0.02121562007178001,0.02121562007178001
Gray-Scott reaction-diffusion,worms,A,train,box,2,0.05120466353057558,0.07242028360235558
Gray-Scott reaction-diffusion,worms,A,train,box,3,0.0933019082854599,0.16572219188781548
Gray-Scott reaction-diffusion,worms,A,train,box,4,0.11022924945045746,0.27595144133827293
Gray-Scott reaction-diffusion,worms,A,train,box,5,0.08961101615089175,0.36556245748916466
Gray-Scott reaction-diffusion,worms,A,train,box,6,0.1202199837735743,0.48578244126273895
Gray-Scott reaction-diffusion,worms,A,train,box,7,0.09215512299196882,0.5779375642547078
Gray-Scott reaction-diffusion,worms,A,train,box,8,0.07477574315475206,0.6527133074094599
Gray-Scott reaction-diffusion,worms,A,train,box,9,0.0687920880947757,0.7215053955042355
Gray-Scott reaction-diffusion,worms,A,train,box,10,0.056153012353228185,0.7776584078574637
Gray-Scott reaction-diffusion,worms,A,train,box,11,0.04653378062387515,0.8241921884813389
Gray-Scott reaction-diffusion,worms,A,train,box,12,0.036964396662831606,0.8611565851441706
Gray-Scott reaction-diffusion,worms,A,train,box,13,0.03211576670802772,0.8932723518521983
Gray-Scott reaction-diffusion,worms,A,train,box,14,0.028763768777866072,0.9220361206300645
Gray-Scott reaction-diffusion,worms,A,train,box,15,0.020590442536706062,0.9426265631667705
Gray-Scott reaction-diffusion,worms,A,train,box,16,0.01483613302718526,0.9574626961939559
Gray-Scott reaction-diffusion,worms,A,train,box,17,0.010792219109134683,0.9682549153030905
Gray-Scott reaction-diffusion,worms,A,train,box,18,0.008719360191296497,0.9769742754943871
Gray-Scott reaction-diffusion,worms,A,train,box,19,0.005967761725800625,0.9829420372201877
Gray-Scott reaction-diffusion,worms,A,train,box,20,0.004124079075029952,0.9870661162952178
Gray-Scott reaction-diffusion,worms,A,train,box,21,0.002950601394422259,0.99001671768964
Gray-Scott reaction-diffusion,worms,A,train,box,22,0.002196745376141498,0.9922134630657815
Gray-Scott reaction-diffusion,worms,A,train,box,23,0.0017281343705337292,0.9939415974363153
Gray-Scott reaction-diffusion,worms,A,train,box,24,0.0012138001413571687,0.9951553975776724
Gray-Scott reaction-diffusion,worms,A,train,box,25,0.001025644301022743,0.996181041878695
Gray-Scott reaction-diffusion,worms,A,train,box,26,0.0006920955963075249,0.9968731374750026
Gray-Scott reaction-diffusion,worms,A,train,box,27,0.0005593225923142899,0.9974324600673169
Gray-Scott reaction-diffusion,worms,A,train,box,28,0.0004918145773510667,0.997924274644668
Gray-Scott reaction-diffusion,worms,A,train,box,29,0.00038196296593957904,0.9983062376106075
Gray-Scott reaction-diffusion,worms,A,train,box,30,0.00026533212038178523,0.9985715697309894
Gray-Scott reaction-diffusion,worms,A,train,box,31,0.00022775226495082138,0.9987993219959401
Gray-Scott reaction-diffusion,worms,A,train,box,32,0.00019137923917523613,0.9989907012351154
Gray-Scott reaction-diffusion,worms,A,train,box,33,0.00016081305767904673,0.9991515142927944
Gray-Scott reaction-diffusion,worms,A,train,box,34,0.000129343730521296,0.9992808580233157
Gray-Scott reaction-diffusion,worms,A,train,box,35,0.00011701988027356296,0.9993978779035892
Gray-Scott reaction-diffusion,worms,A,train,box,36,0.000101219633224627,0.9994990975368138
Gray-Scott reaction-diffusion,worms,A,train,box,37,8.489158127399924e-05,0.9995839891180878
Gray-Scott reaction-diffusion,worms,A,train,box,38,6.734793744327588e-05,0.9996513370555311
Gray-Scott reaction-diffusion,worms,A,train,box,39,5.740382675478439e-05,0.9997087408822859
Gray-Scott reaction-diffusion,worms,A,train,box,40,4.858760207450185e-05,0.9997573284843604
Gray-Scott reaction-diffusion,worms,A,train,box,41,4.410946459730506e-05,0.9998014379489577
Gray-Scott reaction-diffusion,worms,A,train,box,42,3.497435937770693e-05,0.9998364123083354
Gray-Scott reaction-diffusion,worms,A,train,box,43,2.899117722947719e-05,0.999865403485565
Gray-Scott reaction-diffusion,worms,A,train,box,44,2.525063853369081e-05,0.9998906541240987
Gray-Scott reaction-diffusion,worms,A,train,box,45,1.936324335108199e-05,0.9999100173674498
Gray-Scott reaction-diffusion,worms,A,train,box,46,1.6424829928576045e-05,0.9999264421973784
Gray-Scott reaction-diffusion,worms,A,train,box,47,1.2815154233570929e-05,0.9999392573516119
Gray-Scott reaction-diffusion,worms,A,train,box,48,1.10716628353434e-05,0.9999503290144472
Gray-Scott reaction-diffusion,worms,A,train,box,49,8.393095012258485e-06,0.9999587221094595
Gray-Scott reaction-diffusion,worms,A,train,box,50,6.949541315502616e-06,0.999965671650775
Gray-Scott reaction-diffusion,worms,A,train,box,51,5.629812618014315e-06,0.999971301463393
Gray-Scott reaction-diffusion,worms,A,train,box,52,4.8833079635098805e-06,0.9999761847713565
Gray-Scott reaction-diffusion,worms,A,train,box,53,3.85473542771459e-06,0.9999800395067842
Gray-Scott reaction-diffusion,worms,A,train,box,54,3.2485809700726177e-06,0.9999832880877542
Gray-Scott reaction-diffusion,worms,A,train,box,55,2.8975293704242646e-06,0.9999861856171246
Gray-Scott reaction-diffusion,worms,A,train,box,56,2.502626505457719e-06,0.9999886882436301
Gray-Scott reaction-diffusion,worms,A,train,box,57,2.0980778078600336e-06,0.9999907863214379
Gray-Scott reaction-diffusion,worms,A,train,box,58,1.927517203097257e-06,0.999992713838641
Gray-Scott reaction-diffusion,worms,A,train,box,59,1.5958104986148026e-06,0.9999943096491396
Gray-Scott reaction-diffusion,worms,A,train,box,60,1.5410252509200563e-06,0.9999958506743905
Gray-Scott reaction-diffusion,worms,A,train,box,61,1.3037828690770626e-06,0.9999971544572595
Gray-Scott reaction-diffusion,worms,A,train,box,62,1.2004615343381203e-06,0.9999983549187939
Gray-Scott reaction-diffusion,worms,A,train,box,63,1.1384367934339542e-06,0.9999994933555872
Gray-Scott reaction-diffusion,worms,A,train,box,64,5.066444127020371e-07,1.0
Gray-Scott reaction-diffusion,worms,A,settled,radial,1,0.011228596893648602,0.011228596893648602
Gray-Scott reaction-diffusion,worms,A,settled,radial,2,0.023401018653760992,0.03462961554740959
Gray-Scott reaction-diffusion,worms,A,settled,radial,3,0.022824768228312406,0.057454383775722005
Gray-Scott reaction-diffusion,worms,A,settled,radial,4,0.02560654859811132,0.08306093237383333
Gray-Scott reaction-diffusion,worms,A,settled,radial,5,0.03378443383500349,0.11684536620883682
Gray-Scott reaction-diffusion,worms,A,settled,radial,6,0.03226658095212517,0.14911194716096196
Gray-Scott reaction-diffusion,worms,A,settled,radial,7,0.04064748910396064,0.18975943626492262
Gray-Scott reaction-diffusion,worms,A,settled,radial,8,0.05915956857006597,0.24891900483498858
Gray-Scott reaction-diffusion,worms,A,settled,radial,9,0.06983450810141795,0.3187535129364065
Gray-Scott reaction-diffusion,worms,A,settled,radial,10,0.08957979228247401,0.4083333052188805
Gray-Scott reaction-diffusion,worms,A,settled,radial,11,0.10620984680793247,0.514543152026813
Gray-Scott reaction-diffusion,worms,A,settled,radial,12,0.13962654003870192,0.6541696920655149
Gray-Scott reaction-diffusion,worms,A,settled,radial,13,0.11404380461697218,0.7682134966824871
Gray-Scott reaction-diffusion,worms,A,settled,radial,14,0.06625197997382704,0.834465476656314
Gray-Scott reaction-diffusion,worms,A,settled,radial,15,0.04802982625775273,0.8824953029140667
Gray-Scott reaction-diffusion,worms,A,settled,radial,16,0.03355556571717106,0.9160508686312379
Gray-Scott reaction-diffusion,worms,A,settled,radial,17,0.02223471010914116,0.9382855787403791
Gray-Scott reaction-diffusion,worms,A,settled,radial,18,0.015825151069100624,0.9541107298094799
Gray-Scott reaction-diffusion,worms,A,settled,radial,19,0.010548393893913481,0.9646591237033934
Gray-Scott reaction-diffusion,worms,A,settled,radial,20,0.006911659244599127,0.9715707829479924
Gray-Scott reaction-diffusion,worms,A,settled,radial,21,0.0063236723785929806,0.9778944553265854
Gray-Scott reaction-diffusion,worms,A,settled,radial,22,0.004421247304143207,0.9823157026307284
Gray-Scott reaction-diffusion,worms,A,settled,radial,23,0.004102084722130751,0.9864177873528591
Gray-Scott reaction-diffusion,worms,A,settled,radial,24,0.003516242833803745,0.9899340301866628
Gray-Scott reaction-diffusion,worms,A,settled,radial,25,0.002767673612346781,0.9927017037990096
Gray-Scott reaction-diffusion,worms,A,settled,radial,26,0.002040819148910059,0.9947425229479196
Gray-Scott reaction-diffusion,worms,A,settled,radial,27,0.001235346831298891,0.9959778697792186
Gray-Scott reaction-diffusion,worms,A,settled,radial,28,0.0009145154584320843,0.9968923852376508
Gray-Scott reaction-diffusion,worms,A,settled,radial,29,0.0007234854083243887,0.997615870645975
Gray-Scott reaction-diffusion,worms,A,settled,radial,30,0.0004853910858462213,0.9981012617318213
Gray-Scott reaction-diffusion,worms,A,settled,radial,31,0.00041049327165154544,0.9985117550034729
Gray-Scott reaction-diffusion,worms,A,settled,radial,32,0.0002441163230812749,0.9987558713265542
Gray-Scott reaction-diffusion,worms,A,settled,radial,33,0.00019994016732243278,0.9989558114938767
Gray-Scott reaction-diffusion,worms,A,settled,radial,34,0.00015558113021441685,0.999111392624091
Gray-Scott reaction-diffusion,worms,A,settled,radial,35,0.00010600104435927865,0.9992173936684503
Gray-Scott reaction-diffusion,worms,A,settled,radial,36,9.012773833874293e-05,0.9993075214067891
Gray-Scott reaction-diffusion,worms,A,settled,radial,37,7.579063231303465e-05,0.9993833120391021
Gray-Scott reaction-diffusion,worms,A,settled,radial,38,7.010390942139258e-05,0.9994534159485234
Gray-Scott reaction-diffusion,worms,A,settled,radial,39,5.821997709506079e-05,0.9995116359256185
Gray-Scott reaction-diffusion,worms,A,settled,radial,40,5.129944593544504e-05,0.9995629353715538
Gray-Scott reaction-diffusion,worms,A,settled,radial,41,5.293181039246073e-05,0.9996158671819464
Gray-Scott reaction-diffusion,worms,A,settled,radial,42,4.828047346294511e-05,0.9996641476554093
Gray-Scott reaction-diffusion,worms,A,settled,radial,43,4.672075926079085e-05,0.99971086841467
Gray-Scott reaction-diffusion,worms,A,settled,radial,44,4.060970696212861e-05,0.9997514781216322
Gray-Scott reaction-diffusion,worms,A,settled,radial,45,3.4804356429678735e-05,0.9997862824780619
Gray-Scott reaction-diffusion,worms,A,settled,radial,46,3.2756629959614234e-05,0.9998190391080215
Gray-Scott reaction-diffusion,worms,A,settled,radial,47,2.7186439901790992e-05,0.9998462255479232
Gray-Scott reaction-diffusion,worms,A,settled,radial,48,2.476824088420819e-05,0.9998709937888074
Gray-Scott reaction-diffusion,worms,A,settled,radial,49,1.9462662848868246e-05,0.9998904564516564
Gray-Scott reaction-diffusion,worms,A,settled,radial,50,1.8089707257062512e-05,0.9999085461589133
Gray-Scott reaction-diffusion,worms,A,settled,radial,51,1.4567437919975095e-05,0.9999231135968334
Gray-Scott reaction-diffusion,worms,A,settled,radial,52,1.1363974878131552e-05,0.9999344775717115
Gray-Scott reaction-diffusion,worms,A,settled,radial,53,1.038306327483725e-05,0.9999448606349864
Gray-Scott reaction-diffusion,worms,A,settled,radial,54,8.418516986919884e-06,0.9999532791519733
Gray-Scott reaction-diffusion,worms,A,settled,radial,55,8.298916995708568e-06,0.9999615780689689
Gray-Scott reaction-diffusion,worms,A,settled,radial,56,6.751602084481165e-06,0.9999683296710534
Gray-Scott reaction-diffusion,worms,A,settled,radial,57,5.921941297069089e-06,0.9999742516123505
Gray-Scott reaction-diffusion,worms,A,settled,radial,58,4.978398765843292e-06,0.9999792300111163
Gray-Scott reaction-diffusion,worms,A,settled,radial,59,4.377600481692628e-06,0.9999836076115981
Gray-Scott reaction-diffusion,worms,A,settled,radial,60,3.919383174303387e-06,0.9999875269947724
Gray-Scott reaction-diffusion,worms,A,settled,radial,61,3.345811088523105e-06,0.999990872805861
Gray-Scott reaction-diffusion,worms,A,settled,radial,62,2.6550565146597004e-06,0.9999935278623756
Gray-Scott reaction-diffusion,worms,A,settled,radial,63,2.43222536275707e-06,0.9999959600877385
Gray-Scott reaction-diffusion,worms,A,settled,radial,64,1.5403839393467973e-06,0.9999975004716779
Gray-Scott reaction-diffusion,worms,A,settled,radial,65,9.018905685684915e-07,0.9999984023622465
Gray-Scott reaction-diffusion,worms,A,settled,radial,66,5.418749033677398e-07,0.9999989442371499
Gray-Scott reaction-diffusion,worms,A,settled,radial,67,3.835028286189109e-07,0.9999993277399783
Gray-Scott reaction-diffusion,worms,A,settled,radial,68,2.694607057568712e-07,0.9999995972006841
Gray-Scott reaction-diffusion,worms,A,settled,radial,69,1.5515637374791815e-07,0.9999997523570577
Gray-Scott reaction-diffusion,worms,A,settled,radial,70,9.031685729641665e-08,0.9999998426739152
Gray-Scott reaction-diffusion,worms,A,settled,radial,71,6.804583263794683e-08,0.9999999107197479
Gray-Scott reaction-diffusion,worms,A,settled,radial,72,4.497945637176685e-08,0.9999999556992043
Gray-Scott reaction-diffusion,worms,A,settled,radial,73,2.3772502272386444e-08,0.9999999794717066
Gray-Scott reaction-diffusion,worms,A,settled,radial,74,1.4333062704498026e-08,0.9999999938047692
Gray-Scott reaction-diffusion,worms,A,settled,radial,75,4.366650793875722e-09,0.9999999981714199
Gray-Scott reaction-diffusion,worms,A,settled,radial,76,1.8285797292298634e-09,0.9999999999999996
Gray-Scott reaction-diffusion,worms,A,settled,radial,77,4.33487166957006e-17,0.9999999999999996
Gray-Scott reaction-diffusion,worms,A,settled,radial,78,3.14223113791137e-17,0.9999999999999996
Gray-Scott reaction-diffusion,worms,A,settled,radial,79,3.394185624302538e-17,0.9999999999999996
Gray-Scott reaction-diffusion,worms,A,settled,radial,80,2.7241941824236448e-17,0.9999999999999996
Gray-Scott reaction-diffusion,worms,A,settled,radial,81,2.0778284925137482e-17,0.9999999999999996
Gray-Scott reaction-diffusion,worms,A,settled,radial,82,2.910269915396614e-17,0.9999999999999996
Gray-Scott reaction-diffusion,worms,A,settled,radial,83,1.4576826570324464e-17,0.9999999999999996
Gray-Scott reaction-diffusion,worms,A,settled,radial,84,2.1048823279503114e-17,0.9999999999999996
Gray-Scott reaction-diffusion,worms,A,settled,radial,85,1.0554865140634827e-17,0.9999999999999996
Gray-Scott reaction-diffusion,worms,A,settled,radial,86,1.040196125472747e-17,0.9999999999999996
Gray-Scott reaction-diffusion,worms,A,settled,radial,87,9.101344346295036e-18,0.9999999999999996
Gray-Scott reaction-diffusion,worms,A,settled,radial,88,3.9690268049388725e-18,0.9999999999999996
Gray-Scott reaction-diffusion,worms,A,settled,radial,89,3.955246573331595e-18,0.9999999999999996
Gray-Scott reaction-diffusion,worms,A,settled,radial,90,3.471602186279875e-19,0.9999999999999996
Gray-Scott reaction-diffusion,worms,A,settled,box,1,0.011228596893648598,0.011228596893648598
Gray-Scott reaction-diffusion,worms,A,settled,box,2,0.02340101865376099,0.034629615547409585
Gray-Scott reaction-diffusion,worms,A,settled,box,3,0.02680807953468825,0.06143769508209784
Gray-Scott reaction-diffusion,worms,A,settled,box,4,0.029027311663508613,0.09046500674560645
Gray-Scott reaction-diffusion,worms,A,settled,box,5,0.035467664537370804,0.12593267128297728
Gray-Scott reaction-diffusion,worms,A,settled,box,6,0.03758888624421382,0.16352155752719108
Gray-Scott reaction-diffusion,worms,A,settled,box,7,0.06672011518494177,0.23024167271213283
Gray-Scott reaction-diffusion,worms,A,settled,box,8,0.07888653147752744,0.3091282041896603
Gray-Scott reaction-diffusion,worms,A,settled,box,9,0.11034875041884405,0.4194769546085043
Gray-Scott reaction-diffusion,worms,A,settled,box,10,0.11436392135627457,0.5338408759647789
Gray-Scott reaction-diffusion,worms,A,settled,box,11,0.1094157605715295,0.6432566365363085
Gray-Scott reaction-diffusion,worms,A,settled,box,12,0.10711208609298972,0.7503687226292982
Gray-Scott reaction-diffusion,worms,A,settled,box,13,0.08061351757158451,0.8309822402008827
Gray-Scott reaction-diffusion,worms,A,settled,box,14,0.052088866625995586,0.8830711068268784
Gray-Scott reaction-diffusion,worms,A,settled,box,15,0.03495162218950111,0.9180227290163796
Gray-Scott reaction-diffusion,worms,A,settled,box,16,0.024621306846835493,0.9426440358632151
Gray-Scott reaction-diffusion,worms,A,settled,box,17,0.014370106929791437,0.9570141427930065
Gray-Scott reaction-diffusion,worms,A,settled,box,18,0.011537305157401158,0.9685514479504076
Gray-Scott reaction-diffusion,worms,A,settled,box,19,0.007909514104927974,0.9764609620553356
Gray-Scott reaction-diffusion,worms,A,settled,box,20,0.004881961842116727,0.9813429238974524
Gray-Scott reaction-diffusion,worms,A,settled,box,21,0.0042198609853609705,0.9855627848828132
Gray-Scott reaction-diffusion,worms,A,settled,box,22,0.003343453908644576,0.9889062387914579
Gray-Scott reaction-diffusion,worms,A,settled,box,23,0.0028622872134198593,0.9917685260048777
Gray-Scott reaction-diffusion,worms,A,settled,box,24,0.0022163523647484454,0.9939848783696261
Gray-Scott reaction-diffusion,worms,A,settled,box,25,0.001590705299050769,0.9955755836686769
Gray-Scott reaction-diffusion,worms,A,settled,box,26,0.001185254561873194,0.9967608382305501
Gray-Scott reaction-diffusion,worms,A,settled,box,27,0.0007819569256194705,0.9975427951561696
Gray-Scott reaction-diffusion,worms,A,settled,box,28,0.0005308304174367801,0.9980736255736065
Gray-Scott reaction-diffusion,worms,A,settled,box,29,0.0003833657707926356,0.9984569913443991
Gray-Scott reaction-diffusion,worms,A,settled,box,30,0.00029368210664980474,0.998750673451049
Gray-Scott reaction-diffusion,worms,A,settled,box,31,0.00022689023417520965,0.9989775636852243
Gray-Scott reaction-diffusion,worms,A,settled,box,32,0.00016536347533885676,0.9991429271605632
Gray-Scott reaction-diffusion,worms,A,settled,box,33,0.00012869361536168585,0.9992716207759248
Gray-Scott reaction-diffusion,worms,A,settled,box,34,0.00010116954439014672,0.999372790320315
Gray-Scott reaction-diffusion,worms,A,settled,box,35,8.182592614226185e-05,0.9994546162464574
Gray-Scott reaction-diffusion,worms,A,settled,box,36,7.0396605464599e-05,0.9995250128519221
Gray-Scott reaction-diffusion,worms,A,settled,box,37,5.962281881978837e-05,0.9995846356707419
Gray-Scott reaction-diffusion,worms,A,settled,box,38,5.105772032901311e-05,0.9996356933910708
Gray-Scott reaction-diffusion,worms,A,settled,box,39,4.645065797028494e-05,0.9996821440490411
Gray-Scott reaction-diffusion,worms,A,settled,box,40,4.093830029739733e-05,0.9997230823493384
Gray-Scott reaction-diffusion,worms,A,settled,box,41,3.7584643982465604e-05,0.9997606669933209
Gray-Scott reaction-diffusion,worms,A,settled,box,42,3.307527782432039e-05,0.9997937422711454
Gray-Scott reaction-diffusion,worms,A,settled,box,43,3.0405313529355704e-05,0.9998241475846746
Gray-Scott reaction-diffusion,worms,A,settled,box,44,2.5994827225901665e-05,0.9998501424119006
Gray-Scott reaction-diffusion,worms,A,settled,box,45,2.3988379919768606e-05,0.9998741307918205
Gray-Scott reaction-diffusion,worms,A,settled,box,46,2.0385495578258818e-05,0.9998945162873987
Gray-Scott reaction-diffusion,worms,A,settled,box,47,1.7046139181210318e-05,0.99991156242658
Gray-Scott reaction-diffusion,worms,A,settled,box,48,1.4323748509572329e-05,0.9999258861750896
Gray-Scott reaction-diffusion,worms,A,settled,box,49,1.1950594075415147e-05,0.9999378367691649
Gray-Scott reaction-diffusion,worms,A,settled,box,50,9.66692546833578e-06,0.9999475036946333
Gray-Scott reaction-diffusion,worms,A,settled,box,51,8.47563233790564e-06,0.999955979326971
Gray-Scott reaction-diffusion,worms,A,settled,box,52,6.964384596041442e-06,0.999962943711567
Gray-Scott reaction-diffusion,worms,A,settled,box,53,5.6024111983537854e-06,0.9999685461227654
Gray-Scott reaction-diffusion,worms,A,settled,box,54,5.123275915330241e-06,0.9999736693986808
Gray-Scott reaction-diffusion,worms,A,settled,box,55,4.51246196204103e-06,0.9999781818606429
Gray-Scott reaction-diffusion,worms,A,settled,box,56,3.996785856856143e-06,0.9999821786464999
Gray-Scott reaction-diffusion,worms,A,settled,box,57,3.4309754246226917e-06,0.9999856096219245
Gray-Scott reaction-diffusion,worms,A,settled,box,58,2.884753478811685e-06,0.9999884943754034
Gray-Scott reaction-diffusion,worms,A,settled,box,59,2.6521889788800806e-06,0.9999911465643824
Gray-Scott reaction-diffusion,worms,A,settled,box,60,2.463913640762976e-06,0.9999936104780232
Gray-Scott reaction-diffusion,worms,A,settled,box,61,2.1207182569355454e-06,0.9999957311962802
Gray-Scott reaction-diffusion,worms,A,settled,box,62,1.837567126146613e-06,0.9999975687634062
Gray-Scott reaction-diffusion,worms,A,settled,box,63,1.6913304881646137e-06,0.9999992600938944
Gray-Scott reaction-diffusion,worms,A,settled,box,64,7.399061065302348e-07,1.000000000000001
Gray-Scott reaction-diffusion,worms,B,full,radial,1,0.008337603804961612,0.008337603804961612
Gray-Scott reaction-diffusion,worms,B,full,radial,2,0.0213951196744565,0.029732723479418115
Gray-Scott reaction-diffusion,worms,B,full,radial,3,0.021241893707490467,0.05097461718690858
Gray-Scott reaction-diffusion,worms,B,full,radial,4,0.027055241867964028,0.07802985905487261
Gray-Scott reaction-diffusion,worms,B,full,radial,5,0.03092868720588815,0.10895854626076076
Gray-Scott reaction-diffusion,worms,B,full,radial,6,0.03576496177553002,0.1447235080362908
Gray-Scott reaction-diffusion,worms,B,full,radial,7,0.04058031997614177,0.18530382801243256
Gray-Scott reaction-diffusion,worms,B,full,radial,8,0.05756550553825537,0.24286933355068793
Gray-Scott reaction-diffusion,worms,B,full,radial,9,0.060205948758173665,0.3030752823088616
Gray-Scott reaction-diffusion,worms,B,full,radial,10,0.07931362471276468,0.3823889070216263
Gray-Scott reaction-diffusion,worms,B,full,radial,11,0.0883983072927139,0.47078721431434023
Gray-Scott reaction-diffusion,worms,B,full,radial,12,0.11491051074714936,0.5856977250614896
Gray-Scott reaction-diffusion,worms,B,full,radial,13,0.1035159726736044,0.6892136977350941
Gray-Scott reaction-diffusion,worms,B,full,radial,14,0.06821862936217665,0.7574323270972707
Gray-Scott reaction-diffusion,worms,B,full,radial,15,0.053617587594770935,0.8110499146920417
Gray-Scott reaction-diffusion,worms,B,full,radial,16,0.03890131066195414,0.8499512253539958
Gray-Scott reaction-diffusion,worms,B,full,radial,17,0.03151960579671497,0.8814708311507109
Gray-Scott reaction-diffusion,worms,B,full,radial,18,0.024302942910871837,0.9057737740615827
Gray-Scott reaction-diffusion,worms,B,full,radial,19,0.018178890035435918,0.9239526640970186
Gray-Scott reaction-diffusion,worms,B,full,radial,20,0.01247528990016514,0.9364279539971837
Gray-Scott reaction-diffusion,worms,B,full,radial,21,0.012457319021269325,0.948885273018453
Gray-Scott reaction-diffusion,worms,B,full,radial,22,0.008817805534082838,0.9577030785525358
Gray-Scott reaction-diffusion,worms,B,full,radial,23,0.008270587037032127,0.965973665589568
Gray-Scott reaction-diffusion,worms,B,full,radial,24,0.007203721473684824,0.9731773870632529
Gray-Scott reaction-diffusion,worms,B,full,radial,25,0.005835212263296431,0.9790125993265493
Gray-Scott reaction-diffusion,worms,B,full,radial,26,0.004544355414476228,0.9835569547410256
Gray-Scott reaction-diffusion,worms,B,full,radial,27,0.0029517470074268424,0.9865087017484524
Gray-Scott reaction-diffusion,worms,B,full,radial,28,0.0023108380468905977,0.988819539795343
Gray-Scott reaction-diffusion,worms,B,full,radial,29,0.0019440870430162552,0.9907636268383593
Gray-Scott reaction-diffusion,worms,B,full,radial,30,0.0013780278662895494,0.9921416547046489
Gray-Scott reaction-diffusion,worms,B,full,radial,31,0.0012033751602933559,0.9933450298649422
Gray-Scott reaction-diffusion,worms,B,full,radial,32,0.0008268287519647674,0.9941718586169069
Gray-Scott reaction-diffusion,worms,B,full,radial,33,0.0006937468160941649,0.9948656054330012
Gray-Scott reaction-diffusion,worms,B,full,radial,34,0.0006048412931931507,0.9954704467261943
Gray-Scott reaction-diffusion,worms,B,full,radial,35,0.0004509557921905838,0.9959214025183849
Gray-Scott reaction-diffusion,worms,B,full,radial,36,0.00041242055531934914,0.9963338230737043
Gray-Scott reaction-diffusion,worms,B,full,radial,37,0.00037039012357965916,0.9967042131972841
Gray-Scott reaction-diffusion,worms,B,full,radial,38,0.0003502346160846099,0.9970544478133687
Gray-Scott reaction-diffusion,worms,B,full,radial,39,0.00031010298578144517,0.9973645507991502
Gray-Scott reaction-diffusion,worms,B,full,radial,40,0.00027762335816562255,0.9976421741573158
Gray-Scott reaction-diffusion,worms,B,full,radial,41,0.00028974539347026424,0.997931919550786
Gray-Scott reaction-diffusion,worms,B,full,radial,42,0.0002487114141422363,0.9981806309649282
Gray-Scott reaction-diffusion,worms,B,full,radial,43,0.00024805969015193004,0.9984286906550801
Gray-Scott reaction-diffusion,worms,B,full,radial,44,0.0002133429150799096,0.99864203357016
Gray-Scott reaction-diffusion,worms,B,full,radial,45,0.00018247198180031856,0.9988245055519605
Gray-Scott reaction-diffusion,worms,B,full,radial,46,0.00017173385559653075,0.998996239407557
Gray-Scott reaction-diffusion,worms,B,full,radial,47,0.0001451924942032426,0.9991414319017602
Gray-Scott reaction-diffusion,worms,B,full,radial,48,0.00012957666144345934,0.9992710085632037
Gray-Scott reaction-diffusion,worms,B,full,radial,49,0.00010623943214495755,0.9993772479953487
Gray-Scott reaction-diffusion,worms,B,full,radial,50,9.863587957451399e-05,0.9994758838749231
Gray-Scott reaction-diffusion,worms,B,full,radial,51,8.053540279292426e-05,0.9995564192777161
Gray-Scott reaction-diffusion,worms,B,full,radial,52,6.320683831110614e-05,0.9996196261160272
Gray-Scott reaction-diffusion,worms,B,full,radial,53,5.8332264440249994e-05,0.9996779583804675
Gray-Scott reaction-diffusion,worms,B,full,radial,54,4.771256156346605e-05,0.9997256709420309
Gray-Scott reaction-diffusion,worms,B,full,radial,55,4.6820709235785494e-05,0.9997724916512667
Gray-Scott reaction-diffusion,worms,B,full,radial,56,3.781674973487898e-05,0.9998103084010016
Gray-Scott reaction-diffusion,worms,B,full,radial,57,3.373146116702869e-05,0.9998440398621686
Gray-Scott reaction-diffusion,worms,B,full,radial,58,2.9022908932712117e-05,0.9998730627711013
Gray-Scott reaction-diffusion,worms,B,full,radial,59,2.571342403386376e-05,0.9998987761951352
Gray-Scott reaction-diffusion,worms,B,full,radial,60,2.2895322563895563e-05,0.9999216715176992
Gray-Scott reaction-diffusion,worms,B,full,radial,61,1.988142694010793e-05,0.9999415529446393
Gray-Scott reaction-diffusion,worms,B,full,radial,62,1.633588095840056e-05,0.9999578888255977
Gray-Scott reaction-diffusion,worms,B,full,radial,63,1.4928906801783128e-05,0.9999728177323994
Gray-Scott reaction-diffusion,worms,B,full,radial,64,1.0010988215207506e-05,0.9999828287206146
Gray-Scott reaction-diffusion,worms,B,full,radial,65,5.966554909172919e-06,0.9999887952755239
Gray-Scott reaction-diffusion,worms,B,full,radial,66,3.637073156629941e-06,0.9999924323486805
Gray-Scott reaction-diffusion,worms,B,full,radial,67,2.6196243191407516e-06,0.9999950519729996
Gray-Scott reaction-diffusion,worms,B,full,radial,68,1.9090548282516955e-06,0.999996961027828
Gray-Scott reaction-diffusion,worms,B,full,radial,69,1.124901831636248e-06,0.9999980859296596
Gray-Scott reaction-diffusion,worms,B,full,radial,70,6.839419128028581e-07,0.9999987698715724
Gray-Scott reaction-diffusion,worms,B,full,radial,71,5.22452282688004e-07,0.9999992923238551
Gray-Scott reaction-diffusion,worms,B,full,radial,72,3.5003328156224036e-07,0.9999996423571366
Gray-Scott reaction-diffusion,worms,B,full,radial,73,1.8894287438333095e-07,0.999999831300011
Gray-Scott reaction-diffusion,worms,B,full,radial,74,1.1643663069354577e-07,0.9999999477366417
Gray-Scott reaction-diffusion,worms,B,full,radial,75,3.844118596978247e-08,0.9999999861778277
Gray-Scott reaction-diffusion,worms,B,full,radial,76,1.3822173052481966e-08,1.0000000000000009
Gray-Scott reaction-diffusion,worms,B,full,radial,77,7.486078270600641e-18,1.0000000000000009
Gray-Scott reaction-diffusion,worms,B,full,radial,78,5.427673801891074e-18,1.0000000000000009
Gray-Scott reaction-diffusion,worms,B,full,radial,79,5.870272448095539e-18,1.0000000000000009
Gray-Scott reaction-diffusion,worms,B,full,radial,80,4.7266389038939905e-18,1.0000000000000009
Gray-Scott reaction-diffusion,worms,B,full,radial,81,3.6159175347851984e-18,1.0000000000000009
Gray-Scott reaction-diffusion,worms,B,full,radial,82,4.955642340115352e-18,1.0000000000000009
Gray-Scott reaction-diffusion,worms,B,full,radial,83,2.465846509993466e-18,1.0000000000000009
Gray-Scott reaction-diffusion,worms,B,full,radial,84,3.5919509358543285e-18,1.0000000000000009
Gray-Scott reaction-diffusion,worms,B,full,radial,85,1.7968586741345174e-18,1.0000000000000009
Gray-Scott reaction-diffusion,worms,B,full,radial,86,1.776431687795038e-18,1.0000000000000009
Gray-Scott reaction-diffusion,worms,B,full,radial,87,1.5334008570218319e-18,1.0000000000000009
Gray-Scott reaction-diffusion,worms,B,full,radial,88,6.598196630961973e-19,1.0000000000000009
Gray-Scott reaction-diffusion,worms,B,full,radial,89,6.838580218522281e-19,1.0000000000000009
Gray-Scott reaction-diffusion,worms,B,full,radial,90,6.056973124423559e-20,1.0000000000000009
Gray-Scott reaction-diffusion,worms,B,full,box,1,0.008337603804961612,0.008337603804961612
Gray-Scott reaction-diffusion,worms,B,full,box,2,0.0213951196744565,0.029732723479418115
Gray-Scott reaction-diffusion,worms,B,full,box,3,0.02668721367023722,0.05641993714965534
Gray-Scott reaction-diffusion,worms,B,full,box,4,0.030632508963641232,0.08705244611329657
Gray-Scott reaction-diffusion,worms,B,full,box,5,0.0296353518112524,0.11668779792454897
Gray-Scott reaction-diffusion,worms,B,full,box,6,0.04490264391273021,0.16159044183727916
Gray-Scott reaction-diffusion,worms,B,full,box,7,0.059859850509526386,0.22145029234680555
Gray-Scott reaction-diffusion,worms,B,full,box,8,0.06969101852675381,0.2911413108735594
Gray-Scott reaction-diffusion,worms,B,full,box,9,0.09141657828654227,0.38255788916010164
Gray-Scott reaction-diffusion,worms,B,full,box,10,0.09766031436315054,0.4802182035232521
Gray-Scott reaction-diffusion,worms,B,full,box,11,0.09896268099357246,0.5791808845168246
Gray-Scott reaction-diffusion,worms,B,full,box,12,0.0971424535622165,0.6763233380790411
Gray-Scott reaction-diffusion,worms,B,full,box,13,0.08131550094477327,0.7576388390238143
Gray-Scott reaction-diffusion,worms,B,full,box,14,0.058009307720557506,0.8156481467443719
Gray-Scott reaction-diffusion,worms,B,full,box,15,0.042165135464198776,0.8578132822085707
Gray-Scott reaction-diffusion,worms,B,full,box,16,0.031682957715263874,0.8894962399238345
Gray-Scott reaction-diffusion,worms,B,full,box,17,0.02255963583399432,0.912055875757829
Gray-Scott reaction-diffusion,worms,B,full,box,18,0.018973340105250792,0.9310292158630797
Gray-Scott reaction-diffusion,worms,B,full,box,19,0.014516749535690088,0.9455459653987698
Gray-Scott reaction-diffusion,worms,B,full,box,20,0.009890704294091697,0.9554366696928616
Gray-Scott reaction-diffusion,worms,B,full,box,21,0.00860144273799846,0.9640381124308599
Gray-Scott reaction-diffusion,worms,B,full,box,22,0.007101395844292406,0.9711395082751523
Gray-Scott reaction-diffusion,worms,B,full,box,23,0.0062763342792353065,0.9774158425543875
Gray-Scott reaction-diffusion,worms,B,full,box,24,0.004907887666099873,0.9823237302204875
Gray-Scott reaction-diffusion,worms,B,full,box,25,0.0036237991312726018,0.98594752935176
Gray-Scott reaction-diffusion,worms,B,full,box,26,0.0027823059220458014,0.9887298352738058
Gray-Scott reaction-diffusion,worms,B,full,box,27,0.0019958165619005145,0.9907256518357063
Gray-Scott reaction-diffusion,worms,B,full,box,28,0.001551247660318954,0.9922768994960252
Gray-Scott reaction-diffusion,worms,B,full,box,29,0.0011689809661215075,0.9934458804621468
Gray-Scott reaction-diffusion,worms,B,full,box,30,0.0009299798237211722,0.9943758602858679
Gray-Scott reaction-diffusion,worms,B,full,box,31,0.000766251426345368,0.9951421117122132
Gray-Scott reaction-diffusion,worms,B,full,box,32,0.0006221676501815357,0.9957642793623949
Gray-Scott reaction-diffusion,worms,B,full,box,33,0.0005160755239118324,0.9962803548863067
Gray-Scott reaction-diffusion,worms,B,full,box,34,0.000435064785006535,0.9967154196713133
Gray-Scott reaction-diffusion,worms,B,full,box,35,0.00038151099940479324,0.997096930670718
Gray-Scott reaction-diffusion,worms,B,full,box,36,0.0003405086500368625,0.9974374393207549
Gray-Scott reaction-diffusion,worms,B,full,box,37,0.00030357121312241976,0.9977410105338773
Gray-Scott reaction-diffusion,worms,B,full,box,38,0.0002716784326769476,0.9980126889665543
Gray-Scott reaction-diffusion,worms,B,full,box,39,0.0002466515989991188,0.9982593405655534
Gray-Scott reaction-diffusion,worms,B,full,box,40,0.00022021849102275617,0.9984795590565763
Gray-Scott reaction-diffusion,worms,B,full,box,41,0.00021004957925708722,0.9986896086358333
Gray-Scott reaction-diffusion,worms,B,full,box,42,0.00017660712212860146,0.9988662157579621
Gray-Scott reaction-diffusion,worms,B,full,box,43,0.00016187269368251754,0.9990280884516446
Gray-Scott reaction-diffusion,worms,B,full,box,44,0.0001409524114697717,0.9991690408631144
Gray-Scott reaction-diffusion,worms,B,full,box,45,0.00012529185268312057,0.9992943327157975
Gray-Scott reaction-diffusion,worms,B,full,box,46,0.00010767733592591384,0.9994020100517234
Gray-Scott reaction-diffusion,worms,B,full,box,47,9.181811056541271e-05,0.9994938281622887
Gray-Scott reaction-diffusion,worms,B,full,box,48,7.712438773490845e-05,0.9995709525500237
Gray-Scott reaction-diffusion,worms,B,full,box,49,6.531655153312463e-05,0.9996362691015569
Gray-Scott reaction-diffusion,worms,B,full,box,50,5.4350567174623016e-05,0.9996906196687314
Gray-Scott reaction-diffusion,worms,B,full,box,51,4.8046906959683225e-05,0.9997386665756911
Gray-Scott reaction-diffusion,worms,B,full,box,52,3.966452512089171e-05,0.999778331100812
Gray-Scott reaction-diffusion,worms,B,full,box,53,3.321369031070043e-05,0.9998115447911227
Gray-Scott reaction-diffusion,worms,B,full,box,54,2.9513439865276557e-05,0.9998410582309879
Gray-Scott reaction-diffusion,worms,B,full,box,55,2.620335934059834e-05,0.9998672615903286
Gray-Scott reaction-diffusion,worms,B,full,box,56,2.3227753513768908e-05,0.9998904893438423
Gray-Scott reaction-diffusion,worms,B,full,box,57,2.0139977282835293e-05,0.9999106293211252
Gray-Scott reaction-diffusion,worms,B,full,box,58,1.780182601365036e-05,0.9999284311471388
Gray-Scott reaction-diffusion,worms,B,full,box,59,1.6217848471907954e-05,0.9999446489956108
Gray-Scott reaction-diffusion,worms,B,full,box,60,1.4756430421505802e-05,0.9999594054260322
Gray-Scott reaction-diffusion,worms,B,full,box,61,1.3199982106992545e-05,0.9999726054081394
Gray-Scott reaction-diffusion,worms,B,full,box,62,1.1768629150318108e-05,0.9999843740372897
Gray-Scott reaction-diffusion,worms,B,full,box,63,1.065459820729396e-05,0.999995028635497
Gray-Scott reaction-diffusion,worms,B,full,box,64,4.971364503251215e-06,1.0000000000000002
Gray-Scott reaction-diffusion,worms,B,train,radial,1,0.015355385938214042,0.015355385938214042
Gray-Scott reaction-diffusion,worms,B,train,radial,2,0.037661334389005506,0.053016720327219546
Gray-Scott reaction-diffusion,worms,B,train,radial,3,0.050221627918081796,0.10323834824530134
Gray-Scott reaction-diffusion,worms,B,train,radial,4,0.08838319380185389,0.19162154204715523
Gray-Scott reaction-diffusion,worms,B,train,radial,5,0.0785355157097476,0.2701570577569028
Gray-Scott reaction-diffusion,worms,B,train,radial,6,0.08477700797627483,0.35493406573317765
Gray-Scott reaction-diffusion,worms,B,train,radial,7,0.07299203800204959,0.4279261037352272
Gray-Scott reaction-diffusion,worms,B,train,radial,8,0.07261404662963333,0.5005401503648605
Gray-Scott reaction-diffusion,worms,B,train,radial,9,0.063781220898667,0.5643213712635277
Gray-Scott reaction-diffusion,worms,B,train,radial,10,0.06073480496809681,0.6250561762316245
Gray-Scott reaction-diffusion,worms,B,train,radial,11,0.04502084389641016,0.6700770201280346
Gray-Scott reaction-diffusion,worms,B,train,radial,12,0.05454383855919469,0.7246208586872293
Gray-Scott reaction-diffusion,worms,B,train,radial,13,0.04620611373632102,0.7708269724235502
Gray-Scott reaction-diffusion,worms,B,train,radial,14,0.03954385258916938,0.8103708250127197
Gray-Scott reaction-diffusion,worms,B,train,radial,15,0.03673944143002317,0.8471102664427428
Gray-Scott reaction-diffusion,worms,B,train,radial,16,0.025680106614918853,0.8727903730576617
Gray-Scott reaction-diffusion,worms,B,train,radial,17,0.02771607799060149,0.9005064510482632
Gray-Scott reaction-diffusion,worms,B,train,radial,18,0.021681372392917078,0.9221878234411802
Gray-Scott reaction-diffusion,worms,B,train,radial,19,0.015604726052352857,0.9377925494935331
Gray-Scott reaction-diffusion,worms,B,train,radial,20,0.010882281235022875,0.948674830728556
Gray-Scott reaction-diffusion,worms,B,train,radial,21,0.010139604822475383,0.9588144355510313
Gray-Scott reaction-diffusion,worms,B,train,radial,22,0.006529306192943017,0.9653437417439744
Gray-Scott reaction-diffusion,worms,B,train,radial,23,0.005896474420477927,0.9712402161644523
Gray-Scott reaction-diffusion,worms,B,train,radial,24,0.00456805803088072,0.9758082741953331
Gray-Scott reaction-diffusion,worms,B,train,radial,25,0.004118668075068296,0.9799269422704014
Gray-Scott reaction-diffusion,worms,B,train,radial,26,0.003058274442292792,0.9829852167126942
Gray-Scott reaction-diffusion,worms,B,train,radial,27,0.0023704285256920376,0.9853556452383863
Gray-Scott reaction-diffusion,worms,B,train,radial,28,0.002059309037507868,0.9874149542758941
Gray-Scott reaction-diffusion,worms,B,train,radial,29,0.001900245751104824,0.9893152000269989
Gray-Scott reaction-diffusion,worms,B,train,radial,30,0.0013474391088375292,0.9906626391358364
Gray-Scott reaction-diffusion,worms,B,train,radial,31,0.0012659259373738693,0.9919285650732104
Gray-Scott reaction-diffusion,worms,B,train,radial,32,0.0009955138765267277,0.992924078949737
Gray-Scott reaction-diffusion,worms,B,train,radial,33,0.000875798569363658,0.9937998775191007
Gray-Scott reaction-diffusion,worms,B,train,radial,34,0.0007529765307809958,0.9945528540498816
Gray-Scott reaction-diffusion,worms,B,train,radial,35,0.0006417058677486135,0.9951945599176303
Gray-Scott reaction-diffusion,worms,B,train,radial,36,0.000645923957749779,0.9958404838753802
Gray-Scott reaction-diffusion,worms,B,train,radial,37,0.0005640760688074918,0.9964045599441875
Gray-Scott reaction-diffusion,worms,B,train,radial,38,0.0004953474436559288,0.9968999073878435
Gray-Scott reaction-diffusion,worms,B,train,radial,39,0.00045118457761929477,0.9973510919654628
Gray-Scott reaction-diffusion,worms,B,train,radial,40,0.00036115466033466524,0.9977122466257975
Gray-Scott reaction-diffusion,worms,B,train,radial,41,0.0003413559245662199,0.9980536025503637
Gray-Scott reaction-diffusion,worms,B,train,radial,42,0.0002817537552619218,0.9983353563056256
Gray-Scott reaction-diffusion,worms,B,train,radial,43,0.0002660064668609263,0.9986013627724867
Gray-Scott reaction-diffusion,worms,B,train,radial,44,0.00023349287319611033,0.9988348556456828
Gray-Scott reaction-diffusion,worms,B,train,radial,45,0.0001752283141683663,0.9990100839598512
Gray-Scott reaction-diffusion,worms,B,train,radial,46,0.00017189203995586637,0.9991819759998071
Gray-Scott reaction-diffusion,worms,B,train,radial,47,0.0001366840128631831,0.9993186600126703
Gray-Scott reaction-diffusion,worms,B,train,radial,48,0.00011647898696068881,0.999435138999631
Gray-Scott reaction-diffusion,worms,B,train,radial,49,8.785591032592807e-05,0.9995229949099569
Gray-Scott reaction-diffusion,worms,B,train,radial,50,7.740126981454514e-05,0.9996003961797715
Gray-Scott reaction-diffusion,worms,B,train,radial,51,6.246131765995984e-05,0.9996628574974314
Gray-Scott reaction-diffusion,worms,B,train,radial,52,4.99208830311031e-05,0.9997127783804626
Gray-Scott reaction-diffusion,worms,B,train,radial,53,4.389116992633955e-05,0.9997566695503889
Gray-Scott reaction-diffusion,worms,B,train,radial,54,3.4591327949618906e-05,0.9997912608783385
Gray-Scott reaction-diffusion,worms,B,train,radial,55,3.461183679334949e-05,0.9998258727151319
Gray-Scott reaction-diffusion,worms,B,train,radial,56,2.8588787864835392e-05,0.9998544615029967
Gray-Scott reaction-diffusion,worms,B,train,radial,57,2.5168772427508755e-05,0.9998796302754241
Gray-Scott reaction-diffusion,worms,B,train,radial,58,2.1207669686000653e-05,0.9999008379451102
Gray-Scott reaction-diffusion,worms,B,train,radial,59,1.8753928620557408e-05,0.9999195918737308
Gray-Scott reaction-diffusion,worms,B,train,radial,60,1.7142577754748e-05,0.9999367344514855
Gray-Scott reaction-diffusion,worms,B,train,radial,61,1.4754514260626568e-05,0.999951488965746
Gray-Scott reaction-diffusion,worms,B,train,radial,62,1.2502117682923261e-05,0.999963991083429
Gray-Scott reaction-diffusion,worms,B,train,radial,63,1.1365015695942219e-05,0.999975356099125
Gray-Scott reaction-diffusion,worms,B,train,radial,64,7.785656893999949e-06,0.999983141756019
Gray-Scott reaction-diffusion,worms,B,train,radial,65,5.246585260271797e-06,0.9999883883412792
Gray-Scott reaction-diffusion,worms,B,train,radial,66,3.2975229085152966e-06,0.9999916858641876
Gray-Scott reaction-diffusion,worms,B,train,radial,67,2.55989108179934e-06,0.9999942457552694
Gray-Scott reaction-diffusion,worms,B,train,radial,68,2.0667544313385403e-06,0.9999963125097008
Gray-Scott reaction-diffusion,worms,B,train,radial,69,1.3599363866054127e-06,0.9999976724460875
Gray-Scott reaction-diffusion,worms,B,train,radial,70,8.050243258933222e-07,0.9999984774704134
Gray-Scott reaction-diffusion,worms,B,train,radial,71,6.497650108336222e-07,0.9999991272354242
Gray-Scott reaction-diffusion,worms,B,train,radial,72,4.1027186807785967e-07,0.9999995375072922
Gray-Scott reaction-diffusion,worms,B,train,radial,73,2.5156774401286536e-07,0.9999997890750362
Gray-Scott reaction-diffusion,worms,B,train,radial,74,1.518692906243464e-07,0.9999999409443268
Gray-Scott reaction-diffusion,worms,B,train,radial,75,4.182302596946972e-08,0.9999999827673527
Gray-Scott reaction-diffusion,worms,B,train,radial,76,1.7232647608669564e-08,1.0000000000000004
Gray-Scott reaction-diffusion,worms,B,train,radial,77,6.356934433746457e-18,1.0000000000000004
Gray-Scott reaction-diffusion,worms,B,train,radial,78,4.487562068061909e-18,1.0000000000000004
Gray-Scott reaction-diffusion,worms,B,train,radial,79,5.01367697878462e-18,1.0000000000000004
Gray-Scott reaction-diffusion,worms,B,train,radial,80,3.9881193302054695e-18,1.0000000000000004
Gray-Scott reaction-diffusion,worms,B,train,radial,81,2.9800135752335793e-18,1.0000000000000004
Gray-Scott reaction-diffusion,worms,B,train,radial,82,4.194821671906011e-18,1.0000000000000004
Gray-Scott reaction-diffusion,worms,B,train,radial,83,2.2552543015930904e-18,1.0000000000000004
Gray-Scott reaction-diffusion,worms,B,train,radial,84,3.1609119775162734e-18,1.0000000000000004
Gray-Scott reaction-diffusion,worms,B,train,radial,85,1.6033165183172936e-18,1.0000000000000004
Gray-Scott reaction-diffusion,worms,B,train,radial,86,1.474955758468605e-18,1.0000000000000004
Gray-Scott reaction-diffusion,worms,B,train,radial,87,1.2933582332065697e-18,1.0000000000000004
Gray-Scott reaction-diffusion,worms,B,train,radial,88,5.964053265123273e-19,1.0000000000000004
Gray-Scott reaction-diffusion,worms,B,train,radial,89,6.41833162763845e-19,1.0000000000000004
Gray-Scott reaction-diffusion,worms,B,train,radial,90,4.2632132694239407e-20,1.0000000000000004
Gray-Scott reaction-diffusion,worms,B,train,box,1,0.015355385938214042,0.015355385938214042
Gray-Scott reaction-diffusion,worms,B,train,box,2,0.037661334389005506,0.053016720327219546
Gray-Scott reaction-diffusion,worms,B,train,box,3,0.07064922411540692,0.12366594444262648
Gray-Scott reaction-diffusion,worms,B,train,box,4,0.08845320962372875,0.21211915406635523
Gray-Scott reaction-diffusion,worms,B,train,box,5,0.07378428528788375,0.28590343935423895
Gray-Scott reaction-diffusion,worms,B,train,box,6,0.10015651326429578,0.3860599526185347
Gray-Scott reaction-diffusion,worms,B,train,box,7,0.0827288943004888,0.46878884691902356
Gray-Scott reaction-diffusion,worms,B,train,box,8,0.07079458576502017,0.5395834326840437
Gray-Scott reaction-diffusion,worms,B,train,box,9,0.0688153171944413,0.6083987498784851
Gray-Scott reaction-diffusion,worms,B,train,box,10,0.06045652369221666,0.6688552735707017
Gray-Scott reaction-diffusion,worms,B,train,box,11,0.053887236086644114,0.7227425096573458
Gray-Scott reaction-diffusion,worms,B,train,box,12,0.045200462514973824,0.7679429721723197
Gray-Scott reaction-diffusion,worms,B,train,box,13,0.04266411628692854,0.8106070884592481
Gray-Scott reaction-diffusion,worms,B,train,box,14,0.040648245641462535,0.8512553341007107
Gray-Scott reaction-diffusion,worms,B,train,box,15,0.03120059142084043,0.8824559255215512
Gray-Scott reaction-diffusion,worms,B,train,box,16,0.024367361994168935,0.9068232875157202
Gray-Scott reaction-diffusion,worms,B,train,box,17,0.018749040332858957,0.9255723278485791
Gray-Scott reaction-diffusion,worms,B,train,box,18,0.01612927833251567,0.9417016061810947
Gray-Scott reaction-diffusion,worms,B,train,box,19,0.01195669849997817,0.9536583046810729
Gray-Scott reaction-diffusion,worms,B,train,box,20,0.008858878429148136,0.9625171831102209
Gray-Scott reaction-diffusion,worms,B,train,box,21,0.0067692275409046475,0.9692864106511255
Gray-Scott reaction-diffusion,worms,B,train,box,22,0.005381506354665919,0.9746679170057915
Gray-Scott reaction-diffusion,worms,B,train,box,23,0.004456586837308953,0.9791245038431005
Gray-Scott reaction-diffusion,worms,B,train,box,24,0.003338076383145807,0.9824625802262463
Gray-Scott reaction-diffusion,worms,B,train,box,25,0.0029791720055499936,0.9854417522317964
Gray-Scott reaction-diffusion,worms,B,train,box,26,0.002129956540867892,0.9875717087726642
Gray-Scott reaction-diffusion,worms,B,train,box,27,0.0018079586606299632,0.9893796674332943
Gray-Scott reaction-diffusion,worms,B,train,box,28,0.0016693112978554106,0.9910489787311496
Gray-Scott reaction-diffusion,worms,B,train,box,29,0.0013583535407331517,0.9924073322718828
Gray-Scott reaction-diffusion,worms,B,train,box,30,0.0009948817095158276,0.9934022139813986
Gray-Scott reaction-diffusion,worms,B,train,box,31,0.0008879662755657201,0.9942901802569644
Gray-Scott reaction-diffusion,worms,B,train,box,32,0.0007787472704729822,0.9950689275274373
Gray-Scott reaction-diffusion,worms,B,train,box,33,0.0006763282638356608,0.9957452557912728
Gray-Scott reaction-diffusion,worms,B,train,box,34,0.0005641393914062188,0.996309395182679
Gray-Scott reaction-diffusion,worms,B,train,box,35,0.0005279275841997894,0.9968373227668789
Gray-Scott reaction-diffusion,worms,B,train,box,36,0.00047140517375891247,0.9973087279406379
Gray-Scott reaction-diffusion,worms,B,train,box,37,0.00040475365362713657,0.997713481594265
Gray-Scott reaction-diffusion,worms,B,train,box,38,0.0003313804925771333,0.9980448620868421
Gray-Scott reaction-diffusion,worms,B,train,box,39,0.0002906184693640979,0.9983354805562062
Gray-Scott reaction-diffusion,worms,B,train,box,40,0.000251478277480078,0.9985869588336864
Gray-Scott reaction-diffusion,worms,B,train,box,41,0.00023338050449297633,0.9988203393381794
Gray-Scott reaction-diffusion,worms,B,train,box,42,0.00019016571934118493,0.9990105050575204
Gray-Scott reaction-diffusion,worms,B,train,box,43,0.0001603558662142902,0.9991708609237346
Gray-Scott reaction-diffusion,worms,B,train,box,44,0.00014300300779626691,0.999313863931531
Gray-Scott reaction-diffusion,worms,B,train,box,45,0.00011219029867138246,0.9994260542302023
Gray-Scott reaction-diffusion,worms,B,train,box,46,9.678264018424658e-05,0.9995228368703865
Gray-Scott reaction-diffusion,worms,B,train,box,47,7.708842747463192e-05,0.999599925297861
Gray-Scott reaction-diffusion,worms,B,train,box,48,6.795843992727883e-05,0.9996678837377884
Gray-Scott reaction-diffusion,worms,B,train,box,49,5.2460699095349924e-05,0.9997203444368837
Gray-Scott reaction-diffusion,worms,B,train,box,50,4.4159997745865435e-05,0.9997645044346295
Gray-Scott reaction-diffusion,worms,B,train,box,51,3.63890848541034e-05,0.9998008935194836
Gray-Scott reaction-diffusion,worms,B,train,box,52,3.206945532936269e-05,0.9998329629748129
Gray-Scott reaction-diffusion,worms,B,train,box,53,2.5689674643264638e-05,0.9998586526494563
Gray-Scott reaction-diffusion,worms,B,train,box,54,2.1992080549791967e-05,0.999880644730006
Gray-Scott reaction-diffusion,worms,B,train,box,55,1.9854334871953748e-05,0.9999004990648781
Gray-Scott reaction-diffusion,worms,B,train,box,56,1.7389727038214262e-05,0.9999178887919162
Gray-Scott reaction-diffusion,worms,B,train,box,57,1.4755510438295423e-05,0.9999326443023546
Gray-Scott reaction-diffusion,worms,B,train,box,58,1.3728149936095247e-05,0.9999463724522907
Gray-Scott reaction-diffusion,worms,B,train,box,59,1.1487060662900595e-05,0.9999578595129536
Gray-Scott reaction-diffusion,worms,B,train,box,60,1.1225784108138033e-05,0.9999690852970617
Gray-Scott reaction-diffusion,worms,B,train,box,61,9.591660297714997e-06,0.9999786769573594
Gray-Scott reaction-diffusion,worms,B,train,box,62,8.927500943080248e-06,0.9999876044583025
Gray-Scott reaction-diffusion,worms,B,train,box,63,8.546168490809711e-06,0.9999961506267933
Gray-Scott reaction-diffusion,worms,B,train,box,64,3.849373206705555e-06,1.0
Gray-Scott reaction-diffusion,worms,B,settled,radial,1,0.006212528983261713,0.006212528983261713
Gray-Scott reaction-diffusion,worms,B,settled,radial,2,0.013217289216173182,0.019429818199434894
Gray-Scott reaction-diffusion,worms,B,settled,radial,3,0.013215530171096192,0.03264534837053109
Gray-Scott reaction-diffusion,worms,B,settled,radial,4,0.01535384368224793,0.04799919205277902
Gray-Scott reaction-diffusion,worms,B,settled,radial,5,0.021297215246604967,0.069296407299384
Gray-Scott reaction-diffusion,worms,B,settled,radial,6,0.021419423690648226,0.09071583099003222
Gray-Scott reaction-diffusion,worms,B,settled,radial,7,0.028657249495898117,0.11937308048593033
Gray-Scott reaction-diffusion,worms,B,settled,radial,8,0.04468368043232442,0.16405676091825475
Gray-Scott reaction-diffusion,worms,B,settled,radial,9,0.0566313819766275,0.22068814289488223
Gray-Scott reaction-diffusion,worms,B,settled,radial,10,0.07783930753674292,0.29852745043162515
Gray-Scott reaction-diffusion,worms,B,settled,radial,11,0.09912797976855878,0.3976554302001839
Gray-Scott reaction-diffusion,worms,B,settled,radial,12,0.14013558779021282,0.5377910179903966
Gray-Scott reaction-diffusion,worms,B,settled,radial,13,0.12368328431034613,0.6614743023007428
Gray-Scott reaction-diffusion,worms,B,settled,radial,14,0.07773110746396653,0.7392054097647094
Gray-Scott reaction-diffusion,worms,B,settled,radial,15,0.06075232478872495,0.7999577345534343
Gray-Scott reaction-diffusion,worms,B,settled,radial,16,0.045474645443242416,0.8454323799966766
Gray-Scott reaction-diffusion,worms,B,settled,radial,17,0.032385447398546485,0.8778178273952231
Gray-Scott reaction-diffusion,worms,B,settled,radial,18,0.024756011758112647,0.9025738391533358
Gray-Scott reaction-diffusion,worms,B,settled,radial,19,0.017769683848872477,0.9203435230022082
Gray-Scott reaction-diffusion,worms,B,settled,radial,20,0.012409425438102318,0.9327529484403104
Gray-Scott reaction-diffusion,worms,B,settled,radial,21,0.012159533591877674,0.9449124820321881
Gray-Scott reaction-diffusion,worms,B,settled,radial,22,0.009055110065980032,0.9539675920981681
Gray-Scott reaction-diffusion,worms,B,settled,radial,23,0.008897350503529942,0.962864942601698
Gray-Scott reaction-diffusion,worms,B,settled,radial,24,0.008060898615802113,0.9709258412175001
Gray-Scott reaction-diffusion,worms,B,settled,radial,25,0.00672478658429492,0.977650627801795
Gray-Scott reaction-diffusion,worms,B,settled,radial,26,0.00524013477075753,0.9828907625725526
Gray-Scott reaction-diffusion,worms,B,settled,radial,27,0.0033392125473717766,0.9862299751199244
Gray-Scott reaction-diffusion,worms,B,settled,radial,28,0.0025928095758807686,0.9888227846958051
Gray-Scott reaction-diffusion,worms,B,settled,radial,29,0.00214623451825521,0.9909690192140603
Gray-Scott reaction-diffusion,worms,B,settled,radial,30,0.001508421960873052,0.9924774411749334
Gray-Scott reaction-diffusion,worms,B,settled,radial,31,0.001332379343807391,0.9938098205187408
Gray-Scott reaction-diffusion,worms,B,settled,radial,32,0.0008259817089421184,0.9946358022276829
Gray-Scott reaction-diffusion,worms,B,settled,radial,33,0.000703213437552363,0.9953390156652353
Gray-Scott reaction-diffusion,worms,B,settled,radial,34,0.0005685201459729023,0.9959075358112082
Gray-Scott reaction-diffusion,worms,B,settled,radial,35,0.0004010987557618524,0.9963086345669699
Gray-Scott reaction-diffusion,worms,B,settled,radial,36,0.00035275890236592075,0.9966613934693358
Gray-Scott reaction-diffusion,worms,B,settled,radial,37,0.00030643524199568817,0.9969678287113315
Gray-Scott reaction-diffusion,worms,B,settled,radial,38,0.0002926585608501481,0.9972604872721816
Gray-Scott reaction-diffusion,worms,B,settled,radial,39,0.0002506683126235119,0.9975111555848051
Gray-Scott reaction-diffusion,worms,B,settled,radial,40,0.00022693988372909468,0.9977380954685342
Gray-Scott reaction-diffusion,worms,B,settled,radial,41,0.00024052636877001265,0.9979786218373042
Gray-Scott reaction-diffusion,worms,B,settled,radial,42,0.00022517771680423667,0.9982037995541084
Gray-Scott reaction-diffusion,worms,B,settled,radial,43,0.00022359568294780195,0.9984273952370563
Gray-Scott reaction-diffusion,worms,B,settled,radial,44,0.00019896301046910944,0.9986263582475254
Gray-Scott reaction-diffusion,worms,B,settled,radial,45,0.00017438832898899,0.9988007465765144
Gray-Scott reaction-diffusion,worms,B,settled,radial,46,0.00016772104584462846,0.998968467622359
Gray-Scott reaction-diffusion,worms,B,settled,radial,47,0.00014205904969580852,0.9991105266720549
Gray-Scott reaction-diffusion,worms,B,settled,radial,48,0.00013203893113882735,0.9992425656031937
Gray-Scott reaction-diffusion,worms,B,settled,radial,49,0.00010576428590442725,0.9993483298890982
Gray-Scott reaction-diffusion,worms,B,settled,radial,50,0.00010014456534818996,0.9994484744544464
Gray-Scott reaction-diffusion,worms,B,settled,radial,51,8.211030630197963e-05,0.9995305847607483
Gray-Scott reaction-diffusion,worms,B,settled,radial,52,6.510640864755381e-05,0.9995956911693958
Gray-Scott reaction-diffusion,worms,B,settled,radial,53,6.0450329727481876e-05,0.9996561414991233
Gray-Scott reaction-diffusion,worms,B,settled,radial,54,4.976797875717026e-05,0.9997059094778804
Gray-Scott reaction-diffusion,worms,B,settled,radial,55,4.980755004634756e-05,0.9997557170279268
Gray-Scott reaction-diffusion,worms,B,settled,radial,56,4.1094439785199045e-05,0.999796811467712
Gray-Scott reaction-diffusion,worms,B,settled,radial,57,3.653446957740047e-05,0.9998333459372895
Gray-Scott reaction-diffusion,worms,B,settled,radial,58,3.1113404109463806e-05,0.9998644593413989
Gray-Scott reaction-diffusion,worms,B,settled,radial,59,2.770183770064817e-05,0.9998921611790996
Gray-Scott reaction-diffusion,worms,B,settled,radial,60,2.5106822174733236e-05,0.9999172680012745
Gray-Scott reaction-diffusion,worms,B,settled,radial,61,2.169358434990151e-05,0.9999389615856243
Gray-Scott reaction-diffusion,worms,B,settled,radial,62,1.7408165250351438e-05,0.9999563697508747
Gray-Scott reaction-diffusion,worms,B,settled,radial,63,1.61196060543061e-05,0.999972489356929
Gray-Scott reaction-diffusion,worms,B,settled,radial,64,1.0319585532138074e-05,0.999982808942461
Gray-Scott reaction-diffusion,worms,B,settled,radial,65,6.104794021931e-06,0.999988913736483
Gray-Scott reaction-diffusion,worms,B,settled,radial,66,3.7037746871940055e-06,0.9999926175111701
Gray-Scott reaction-diffusion,worms,B,settled,radial,67,2.6450413403076463e-06,0.9999952625525104
Gray-Scott reaction-diffusion,worms,B,settled,radial,68,1.8760193041689232e-06,0.9999971385718146
Gray-Scott reaction-diffusion,worms,B,settled,radial,69,1.0900108790516952e-06,0.9999982285826936
Gray-Scott reaction-diffusion,worms,B,settled,radial,70,6.397180176270838e-07,0.9999988683007113
Gray-Scott reaction-diffusion,worms,B,settled,radial,71,4.855605118348135e-07,0.9999993538612231
Gray-Scott reaction-diffusion,worms,B,settled,radial,72,3.2356117909250935e-07,0.9999996774224021
Gray-Scott reaction-diffusion,worms,B,settled,radial,73,1.723424019824928e-07,0.9999998497648042
Gray-Scott reaction-diffusion,worms,B,settled,radial,74,1.0464317368450002e-07,0.9999999544079778
Gray-Scott reaction-diffusion,worms,B,settled,radial,75,3.2083066184463465e-08,0.999999986491044
Gray-Scott reaction-diffusion,worms,B,settled,radial,76,1.3508955546997725e-08,0.9999999999999997
Gray-Scott reaction-diffusion,worms,B,settled,radial,77,8.131170207208864e-18,0.9999999999999997
Gray-Scott reaction-diffusion,worms,B,settled,radial,78,5.895181636486556e-18,0.9999999999999997
Gray-Scott reaction-diffusion,worms,B,settled,radial,79,6.4028435080433366e-18,0.9999999999999997
Gray-Scott reaction-diffusion,worms,B,settled,radial,80,5.140591577424909e-18,0.9999999999999997
Gray-Scott reaction-diffusion,worms,B,settled,radial,81,3.9420770185870556e-18,0.9999999999999997
Gray-Scott reaction-diffusion,worms,B,settled,radial,82,5.376136488420421e-18,0.9999999999999997
Gray-Scott reaction-diffusion,worms,B,settled,radial,83,2.674271097392997e-18,0.9999999999999997
Gray-Scott reaction-diffusion,worms,B,settled,radial,84,3.902760750757427e-18,0.9999999999999997
Gray-Scott reaction-diffusion,worms,B,settled,radial,85,1.9497278465968826e-18,0.9999999999999997
Gray-Scott reaction-diffusion,worms,B,settled,radial,86,1.9215701721040652e-18,0.9999999999999997
Gray-Scott reaction-diffusion,worms,B,settled,radial,87,1.6698333925347226e-18,0.9999999999999997
Gray-Scott reaction-diffusion,worms,B,settled,radial,88,7.144579521698186e-19,0.9999999999999997
Gray-Scott reaction-diffusion,worms,B,settled,radial,89,7.385690362083342e-19,0.9999999999999997
Gray-Scott reaction-diffusion,worms,B,settled,radial,90,6.912338342159674e-20,0.9999999999999997
Gray-Scott reaction-diffusion,worms,B,settled,box,1,0.006212528983261712,0.006212528983261712
Gray-Scott reaction-diffusion,worms,B,settled,box,2,0.01321728921617318,0.019429818199434894
Gray-Scott reaction-diffusion,worms,B,settled,box,3,0.015607634806976946,0.03503745300641184
Gray-Scott reaction-diffusion,worms,B,settled,box,4,0.017600690077617675,0.05263814308402952
Gray-Scott reaction-diffusion,worms,B,settled,box,5,0.02280325845530825,0.07544140153933776
Gray-Scott reaction-diffusion,worms,B,settled,box,6,0.025648327943615507,0.10108972948295328
Gray-Scott reaction-diffusion,worms,B,settled,box,7,0.05005879218006134,0.15114852166301462
Gray-Scott reaction-diffusion,worms,B,settled,box,8,0.06410204120002366,0.21525056286303829
Gray-Scott reaction-diffusion,worms,B,settled,box,9,0.09891421765983953,0.3141647805228778
Gray-Scott reaction-diffusion,worms,B,settled,box,10,0.10741690510304465,0.4215816856259224
Gray-Scott reaction-diffusion,worms,B,settled,box,11,0.11130961071624919,0.5328912963421717
Gray-Scott reaction-diffusion,worms,B,settled,box,12,0.11506684140255767,0.6479581377447293
Gray-Scott reaction-diffusion,worms,B,settled,box,13,0.09198598906400758,0.7399441268087369
Gray-Scott reaction-diffusion,worms,B,settled,box,14,0.06450878186243583,0.8044529086711727
Gray-Scott reaction-diffusion,worms,B,settled,box,15,0.046972988134000866,0.8514258968051736
Gray-Scott reaction-diffusion,worms,B,settled,box,16,0.035619735803586974,0.8870456326087605
Gray-Scott reaction-diffusion,worms,B,settled,box,17,0.02241006094640006,0.9094556935551606
Gray-Scott reaction-diffusion,worms,B,settled,box,18,0.019695873895746757,0.9291515674509074
Gray-Scott reaction-diffusion,worms,B,settled,box,19,0.014408010403781408,0.9435595778546888
Gray-Scott reaction-diffusion,worms,B,settled,box,20,0.009601479462362571,0.9531610573170514
Gray-Scott reaction-diffusion,worms,B,settled,box,21,0.008851289978033621,0.962012347295085
Gray-Scott reaction-diffusion,worms,B,settled,box,22,0.007389974105824204,0.9694023214009092
Gray-Scott reaction-diffusion,worms,B,settled,box,23,0.006645072285397929,0.9760473936863071
Gray-Scott reaction-diffusion,worms,B,settled,box,24,0.0053965994722305335,0.9814439931585376
Gray-Scott reaction-diffusion,worms,B,settled,box,25,0.004097001548004798,0.9855409947065424
Gray-Scott reaction-diffusion,worms,B,settled,box,26,0.0032045323440411757,0.9887455270505836
Gray-Scott reaction-diffusion,worms,B,settled,box,27,0.0022259516360816777,0.9909714786866652
Gray-Scott reaction-diffusion,worms,B,settled,box,28,0.0015870544103950346,0.9925585330970603
Gray-Scott reaction-diffusion,worms,B,settled,box,29,0.0012026418354949575,0.9937611749325553
Gray-Scott reaction-diffusion,worms,B,settled,box,30,0.0009661533088040719,0.9947273282413593
Gray-Scott reaction-diffusion,worms,B,settled,box,31,0.0007794412838858022,0.9955067695252452
Gray-Scott reaction-diffusion,worms,B,settled,box,32,0.0005960414923713782,0.9961028110176166
Gray-Scott reaction-diffusion,worms,B,settled,box,33,0.00048501187493027025,0.9965878228925468
Gray-Scott reaction-diffusion,worms,B,settled,box,34,0.0003966957127133972,0.99698451860526
Gray-Scott reaction-diffusion,worms,B,settled,box,35,0.00033529606722720634,0.9973198146724873
Gray-Scott reaction-diffusion,worms,B,settled,box,36,0.00029810141772051903,0.9976179160902078
Gray-Scott reaction-diffusion,worms,B,settled,box,37,0.0002612729595837717,0.9978791890497914
Gray-Scott reaction-diffusion,worms,B,settled,box,38,0.00023042659238038129,0.9981096156421718
Gray-Scott reaction-diffusion,worms,B,settled,box,39,0.00021510057077683885,0.9983247162129486
Gray-Scott reaction-diffusion,worms,B,settled,box,40,0.00019395676692597567,0.9985186729798746
Gray-Scott reaction-diffusion,worms,B,settled,box,41,0.00018179269846983341,0.9987004656783445
Gray-Scott reaction-diffusion,worms,B,settled,box,42,0.00016322731211055824,0.998863692990455
Gray-Scott reaction-diffusion,worms,B,settled,box,43,0.00015284477087382342,0.9990165377613288
Gray-Scott reaction-diffusion,worms,B,settled,box,44,0.0001331901155471662,0.999149727876876
Gray-Scott reaction-diffusion,worms,B,settled,box,45,0.00012533009032149694,0.9992750579671975
Gray-Scott reaction-diffusion,worms,B,settled,box,46,0.00010849664948024405,0.9993835546166778
Gray-Scott reaction-diffusion,worms,B,settled,box,47,9.245374561555068e-05,0.9994760083622933
Gray-Scott reaction-diffusion,worms,B,settled,box,48,7.896448106865693e-05,0.9995549728433619
Gray-Scott reaction-diffusion,worms,B,settled,box,49,6.720217839759014e-05,0.9996221750217594
Gray-Scott reaction-diffusion,worms,B,settled,box,50,5.526231118501949e-05,0.9996774373329445
Gray-Scott reaction-diffusion,worms,B,settled,box,51,4.918492662282458e-05,0.9997266222595673
Gray-Scott reaction-diffusion,worms,B,settled,box,52,4.101759935896281e-05,0.9997676398589262
Gray-Scott reaction-diffusion,worms,B,settled,box,53,3.349072358111472e-05,0.9998011305825073
Gray-Scott reaction-diffusion,worms,B,settled,box,54,3.102547675736377e-05,0.9998321560592647
Gray-Scott reaction-diffusion,worms,B,settled,box,55,2.7666973426097157e-05,0.9998598230326907
Gray-Scott reaction-diffusion,worms,B,settled,box,56,2.4809204717473533e-05,0.9998846322374082
Gray-Scott reaction-diffusion,worms,B,settled,box,57,2.1552360616162657e-05,0.9999061845980244
Gray-Scott reaction-diffusion,worms,B,settled,box,58,1.8330292947736665e-05,0.999924514890972
Gray-Scott reaction-diffusion,worms,B,settled,box,59,1.7035243763484223e-05,0.9999415501347354
Gray-Scott reaction-diffusion,worms,B,settled,box,60,1.599343595310103e-05,0.9999575435706886
Gray-Scott reaction-diffusion,worms,B,settled,box,61,1.392002725478394e-05,0.9999714635979433
Gray-Scott reaction-diffusion,worms,B,settled,box,62,1.219233131078975e-05,0.999983655929254
Gray-Scott reaction-diffusion,worms,B,settled,box,63,1.133301332996117e-05,0.999994988942584
Gray-Scott reaction-diffusion,worms,B,settled,box,64,5.011057415225147e-06,0.9999999999999992
