surrogate,alpha,arm,horizon,seed,n_samples,rel_welfare_loss,gain_estimator_err,max_min_ratio,bundle_envy,outcome_envy,mean_outcome,law_predicted_loss
strong,0.0,plugin,1,0,240,3.1937389804920223e-06,nan,0.0,16.0,16.0,0.11505694446295028,nan
strong,0.0,shrunk,1,0,240,3.1937389804920223e-06,nan,0.0,16.0,16.0,0.11505694446295028,nan
strong,0.0,smoothed,1,0,240,1.5139377593451539e-05,nan,0.0,16.0,16.0,0.11505549426467664,nan
strong,0.0,uniform,1,0,240,0.1875855967974043,nan,0.6444972487946347,0.0,0.47111283347883304,0.09633997139743694,nan
strong,0.0,persistence,1,0,240,0.0018323242384207933,nan,0.0,16.0,16.0,0.11489843541880791,nan
strong,0.0,learned,1,0,240,0.016060418471921526,nan,2.6215624329094297e-12,15.084785455441283,15.09768924276993,0.11398114240458602,nan
strong,0.0,learned_robust,1,0,240,0.01359432777574335,nan,1.6179438832125879e-12,15.089623963316532,15.10306125096279,0.11413294831785334,nan
strong,0.0,plugin,2,0,228,1.1460939194148553e-05,nan,0.0,16.0,16.0,0.11824139903135565,nan
strong,0.0,shrunk,2,0,228,1.1460939194148553e-05,nan,0.0,16.0,16.0,0.11824139903135565,nan
strong,0.0,smoothed,2,0,228,3.5907649380111316e-05,nan,0.0,16.0,16.0,0.11823805276141798,nan
strong,0.0,uniform,2,0,228,0.18347251472034007,nan,0.6457458758127619,0.0,0.4668073329961366,0.09936467317772178,nan
strong,0.0,persistence,2,0,228,0.007551572292528041,nan,0.0,16.0,16.0,0.11753172389652809,nan
strong,0.0,learned,2,0,228,0.014431139657515546,nan,7.072341134017968e-13,15.091377142566467,15.085854805886342,0.11719063016294413,nan
strong,0.0,learned_robust,2,0,228,0.010726402403814417,nan,2.4816167656231473e-14,15.072682648207394,15.07612037874338,0.11743647481176948,nan
strong,0.0,plugin,4,0,216,2.281676820820753e-05,nan,0.0,16.0,16.0,0.12146670799947074,nan
strong,0.0,shrunk,4,0,216,2.281676820820753e-05,nan,0.0,16.0,16.0,0.12146670799947074,nan
strong,0.0,smoothed,4,0,216,5.996609787778641e-05,nan,0.0,16.0,16.0,0.12146184203277022,nan
strong,0.0,uniform,4,0,216,0.17562624186360654,nan,0.6509624711799005,0.0,0.45524565394484945,0.10264744283649806,nan
strong,0.0,persistence,4,0,216,0.025989336510791453,nan,0.0,16.0,16.0,0.11862596037005263,nan
strong,0.0,learned,4,0,216,0.009453713821097545,nan,2.7079345352544748e-14,15.185984019512707,15.1903708121838,0.1206812728373378,nan
strong,0.0,learned_robust,4,0,216,0.007743308268205996,nan,1.3709191089917637e-15,15.127563913424412,15.128387464635294,0.12080028028512195,nan
strong,0.0,plugin,8,0,192,7.745333319552951e-05,nan,0.0,16.0,16.0,0.1271345278614758,nan
strong,0.0,shrunk,8,0,192,7.745333319552951e-05,nan,0.0,16.0,16.0,0.1271345278614758,nan
strong,0.0,smoothed,8,0,192,0.00011052835535517852,nan,0.0,16.0,16.0,0.127130953194826,nan
strong,0.0,uniform,8,0,192,0.15692291364193653,nan,0.6708571542233678,0.0,0.4163620248938759,0.10912077438555882,nan
strong,0.0,persistence,8,0,192,0.08014889963461083,nan,0.0,16.0,16.0,0.11679895379292848,nan
strong,0.0,learned,8,0,192,0.002940467516902852,nan,1.1902649237804807e-16,15.165375071830148,15.17043451056552,0.12679206480892982,nan
strong,0.0,learned_robust,8,0,192,0.002786932408876022,nan,1.816455365515425e-16,15.192257096331664,15.195131435186617,0.12680075479620398,nan
strong,0.0,plugin,16,0,144,0.0003283808876672746,nan,0.0,16.0,16.0,0.12850056719834288,nan
strong,0.0,shrunk,16,0,144,0.0003283808876672746,nan,0.0,16.0,16.0,0.12850056719834288,nan
strong,0.0,smoothed,16,0,144,0.00032743194181088,nan,0.0,16.0,16.0,0.128500724625004,nan
strong,0.0,uniform,16,0,144,0.13012349957364444,nan,0.705505047151115,0.0,0.3613191877089655,0.11404360715965765,nan
strong,0.0,persistence,16,0,144,0.23903136342291909,nan,0.0,16.0,16.0,0.09991625784015233,nan
strong,0.0,learned,16,0,144,0.00502227085599956,nan,4.389129869620744e-18,14.883644684515584,14.88784574622771,0.1280139767028624,nan
strong,0.0,learned_robust,16,0,144,0.004846322759774006,nan,5.178535003513149e-18,14.87289188008352,14.874393592158551,0.12802382197336,nan
strong,0.0,plugin,1,1,240,3.1937389804920223e-06,nan,0.0,16.0,16.0,0.11505694446295028,nan
strong,0.0,shrunk,1,1,240,3.1937389804920223e-06,nan,0.0,16.0,16.0,0.11505694446295028,nan
strong,0.0,smoothed,1,1,240,1.5139377593451539e-05,nan,0.0,16.0,16.0,0.11505549426467664,nan
strong,0.0,uniform,1,1,240,0.1875855967974043,nan,0.6444972487946347,0.0,0.47111283347883304,0.09633997139743694,nan
strong,0.0,persistence,1,1,240,0.0018323242384207933,nan,0.0,16.0,16.0,0.11489843541880791,nan
strong,0.0,learned,1,1,240,0.014707108591888585,nan,4.975781693450634e-10,15.162553069732864,15.166276085980845,0.11404062449427795,nan
strong,0.0,learned_robust,1,1,240,0.013947311432889119,nan,5.198495363248959e-10,15.18703531252318,15.196157384287636,0.11409403555723294,nan
strong,0.0,plugin,2,1,228,1.1460939194148553e-05,nan,0.0,16.0,16.0,0.11824139903135565,nan
strong,0.0,shrunk,2,1,228,1.1460939194148553e-05,nan,0.0,16.0,16.0,0.11824139903135565,nan
strong,0.0,smoothed,2,1,228,3.5907649380111316e-05,nan,0.0,16.0,16.0,0.11823805276141798,nan
strong,0.0,uniform,2,1,228,0.18347251472034007,nan,0.6457458758127619,0.0,0.4668073329961366,0.09936467317772178,nan
strong,0.0,persistence,2,1,228,0.007551572292528041,nan,0.0,16.0,16.0,0.11753172389652809,nan
strong,0.0,learned,2,1,228,0.013456129765756596,nan,1.675521237409542e-10,15.1612577324307,15.172229997052892,0.11723151844891938,nan
strong,0.0,learned_robust,2,1,228,0.011831053684567598,nan,1.2165166753088302e-10,15.199517543266854,15.210192478575927,0.11734016995709391,nan
strong,0.0,plugin,4,1,216,2.281676820820753e-05,nan,0.0,16.0,16.0,0.12146670799947074,nan
strong,0.0,shrunk,4,1,216,2.281676820820753e-05,nan,0.0,16.0,16.0,0.12146670799947074,nan
strong,0.0,smoothed,4,1,216,5.996609787778641e-05,nan,0.0,16.0,16.0,0.12146184203277022,nan
strong,0.0,uniform,4,1,216,0.17562624186360654,nan,0.6509624711799005,0.0,0.45524565394484945,0.10264744283649806,nan
strong,0.0,persistence,4,1,216,0.025989336510791453,nan,0.0,16.0,16.0,0.11862596037005263,nan
strong,0.0,learned,4,1,216,0.008650308301497765,nan,3.974937368783385e-11,15.288880455370709,15.28500981534669,0.12070493563073582,nan
strong,0.0,learned_robust,4,1,216,0.007392525944235674,nan,2.467452743637909e-11,15.306117681117586,15.308772450646462,0.12079095839792152,nan
strong,0.0,plugin,8,1,192,7.745333319552951e-05,nan,0.0,16.0,16.0,0.1271345278614758,nan
strong,0.0,shrunk,8,1,192,7.745333319552951e-05,nan,0.0,16.0,16.0,0.1271345278614758,nan
strong,0.0,smoothed,8,1,192,0.00011052835535517852,nan,0.0,16.0,16.0,0.127130953194826,nan
strong,0.0,uniform,8,1,192,0.15692291364193653,nan,0.6708571542233678,0.0,0.4163620248938759,0.10912077438555882,nan
strong,0.0,persistence,8,1,192,0.08014889963461083,nan,0.0,16.0,16.0,0.11679895379292848,nan
strong,0.0,learned,8,1,192,0.002328808551770291,nan,3.0167991249980115e-18,15.303031473807218,15.306759212156697,0.1268024276259112,nan
strong,0.0,learned_robust,8,1,192,0.0023670931113469085,nan,4.6567496133322024e-18,15.325132899414905,15.327418323715195,0.12679660304855236,nan
strong,0.0,plugin,16,1,144,0.0003283808876672746,nan,0.0,16.0,16.0,0.12850056719834288,nan
strong,0.0,shrunk,16,1,144,0.0003283808876672746,nan,0.0,16.0,16.0,0.12850056719834288,nan
strong,0.0,smoothed,16,1,144,0.00032743194181088,nan,0.0,16.0,16.0,0.128500724625004,nan
strong,0.0,uniform,16,1,144,0.13012349957364444,nan,0.705505047151115,0.0,0.3613191877089655,0.11404360715965765,nan
strong,0.0,persistence,16,1,144,0.23903136342291909,nan,0.0,16.0,16.0,0.09991625784015233,nan
strong,0.0,learned,16,1,144,0.0035026115960549017,nan,1.5811485599661737e-18,15.010711303057134,15.022473281122428,0.1280681027637825,nan
strong,0.0,learned_robust,16,1,144,0.003416473452333309,nan,4.298754832142278e-18,15.018850903400391,15.030167287479806,0.1280734195613407,nan
strong,0.0,plugin,1,2,240,3.1937389804920223e-06,nan,0.0,16.0,16.0,0.11505694446295028,nan
strong,0.0,shrunk,1,2,240,3.1937389804920223e-06,nan,0.0,16.0,16.0,0.11505694446295028,nan
strong,0.0,smoothed,1,2,240,1.5139377593451539e-05,nan,0.0,16.0,16.0,0.11505549426467664,nan
strong,0.0,uniform,1,2,240,0.1875855967974043,nan,0.6444972487946347,0.0,0.47111283347883304,0.09633997139743694,nan
strong,0.0,persistence,1,2,240,0.0018323242384207933,nan,0.0,16.0,16.0,0.11489843541880791,nan
strong,0.0,learned,1,2,240,0.010882620357655005,nan,7.059829928151507e-12,15.123435055927386,15.138680602463385,0.11430303535217486,nan
strong,0.0,learned_robust,1,2,240,0.00916338184068508,nan,3.162801177298176e-12,15.164876498292456,15.177106883943289,0.11441116702632408,nan
strong,0.0,plugin,2,2,228,1.1460939194148553e-05,nan,0.0,16.0,16.0,0.11824139903135565,nan
strong,0.0,shrunk,2,2,228,1.1460939194148553e-05,nan,0.0,16.0,16.0,0.11824139903135565,nan
strong,0.0,smoothed,2,2,228,3.5907649380111316e-05,nan,0.0,16.0,16.0,0.11823805276141798,nan
strong,0.0,uniform,2,2,228,0.18347251472034007,nan,0.6457458758127619,0.0,0.4668073329961366,0.09936467317772178,nan
strong,0.0,persistence,2,2,228,0.007551572292528041,nan,0.0,16.0,16.0,0.11753172389652809,nan
strong,0.0,learned,2,2,228,0.008495302211775569,nan,3.2287928034265787e-12,15.25263368778321,15.262979257877603,0.11760817645047932,nan
strong,0.0,learned_robust,2,2,228,0.007947687100789958,nan,6.3972565042510126e-12,15.283889906393759,15.2919309865159,0.11764620394768295,nan
strong,0.0,plugin,4,2,216,2.281676820820753e-05,nan,0.0,16.0,16.0,0.12146670799947074,nan
strong,0.0,shrunk,4,2,216,2.281676820820753e-05,nan,0.0,16.0,16.0,0.12146670799947074,nan
strong,0.0,smoothed,4,2,216,5.996609787778641e-05,nan,0.0,16.0,16.0,0.12146184203277022,nan
strong,0.0,uniform,4,2,216,0.17562624186360654,nan,0.6509624711799005,0.0,0.45524565394484945,0.10264744283649806,nan
strong,0.0,persistence,4,2,216,0.025989336510791453,nan,0.0,16.0,16.0,0.11862596037005263,nan
strong,0.0,learned,4,2,216,0.005562947858691712,nan,1.2849725376876478e-14,15.238962247391637,15.254359800216312,0.12096899491166256,nan
strong,0.0,learned_robust,4,2,216,0.0046924775426550325,nan,2.8506762297305656e-15,15.30386130875105,15.309366115786506,0.12103112781511702,nan
strong,0.0,plugin,8,2,192,7.745333319552951e-05,nan,0.0,16.0,16.0,0.1271345278614758,nan
strong,0.0,shrunk,8,2,192,7.745333319552951e-05,nan,0.0,16.0,16.0,0.1271345278614758,nan
strong,0.0,smoothed,8,2,192,0.00011052835535517852,nan,0.0,16.0,16.0,0.127130953194826,nan
strong,0.0,uniform,8,2,192,0.15692291364193653,nan,0.6708571542233678,0.0,0.4163620248938759,0.10912077438555882,nan
strong,0.0,persistence,8,2,192,0.08014889963461083,nan,0.0,16.0,16.0,0.11679895379292848,nan
strong,0.0,learned,8,2,192,0.0021061304236977847,nan,2.1265719360455508e-17,15.279578863176127,15.284389447076089,0.12686296854980297,nan
strong,0.0,learned_robust,8,2,192,0.0020273655695657016,nan,2.0733256499560692e-17,15.324608838809084,15.331281188353215,0.12686852390358058,nan
strong,0.0,plugin,16,2,144,0.0003283808876672746,nan,0.0,16.0,16.0,0.12850056719834288,nan
strong,0.0,shrunk,16,2,144,0.0003283808876672746,nan,0.0,16.0,16.0,0.12850056719834288,nan
strong,0.0,smoothed,16,2,144,0.00032743194181088,nan,0.0,16.0,16.0,0.128500724625004,nan
strong,0.0,uniform,16,2,144,0.13012349957364444,nan,0.705505047151115,0.0,0.3613191877089655,0.11404360715965765,nan
strong,0.0,persistence,16,2,144,0.23903136342291909,nan,0.0,16.0,16.0,0.09991625784015233,nan
strong,0.0,learned,16,2,144,0.003706893786124344,nan,3.6320151207948245e-18,14.984471785025555,14.991585978225949,0.12810307080952985,nan
strong,0.0,learned_robust,16,2,144,0.0036677491749307046,nan,1.6810031019749626e-18,14.981692901364758,14.98815345241759,0.12810573523545166,nan
strong,0.25,plugin,1,0,240,2.5243844555271806e-06,0.000987798473916838,0.23281721883902567,1.4758073698071466,2.0083195189158727,0.10073469065162938,2.5221858796172845e-06
strong,0.25,shrunk,1,0,240,2.5243844555271806e-06,0.000987798473916838,0.23281721883902567,1.4758073698071466,2.0083195189158727,0.10073469065162938,nan
strong,0.25,smoothed,1,0,240,3.451872602266472e-05,0.0038230424108309713,0.2390650022055526,1.4269016010012165,1.958070241989146,0.10059839627656084,nan
strong,0.25,uniform,1,0,240,0.02235756419351481,0.10205577406303998,0.6444972487946347,0.0,0.47111283347883304,0.09633997139743694,nan
strong,0.25,persistence,1,0,240,0.0006377143864523815,0.01590770101443319,0.23252381902435285,1.4927857396733724,2.025265036222447,0.10075064279866165,nan
strong,0.25,learned,1,0,240,0.000214190335122455,0.00768965366235971,0.2362461068477003,1.4371427878656617,1.9666850498508226,0.10064682658698576,nan
strong,0.25,learned_robust,1,0,240,0.0002157799161934514,0.008035923164134396,0.23599321561652065,1.4549950765517983,1.9851585673933747,0.1007012105796418,nan
strong,0.25,plugin,2,0,228,6.638294782744354e-06,0.001577684145999433,0.2361863317403433,1.4424024090074785,1.952859963845356,0.10378550404011057,6.617127342602375e-06
strong,0.25,shrunk,2,0,228,6.638294782744354e-06,0.001577684145999433,0.2361863317403433,1.4424024090074785,1.952859963845356,0.10378550404011057,nan
strong,0.25,smoothed,2,0,228,3.5627581977914756e-05,0.003972883330916256,0.2423629547994795,1.3961576493831827,1.9057668827170884,0.1036510172319539,nan
strong,0.25,uniform,2,0,228,0.02200728099471136,0.10135008354865832,0.6457458758127619,0.0,0.4668073329961366,0.09936467317772178,nan
strong,0.25,persistence,2,0,228,0.002341920992509392,0.03044025851462886,0.2386765316354081,1.4652989117885609,1.9674119429695984,0.10371250733997926,nan
strong,0.25,learned,2,0,228,0.00017869166872381688,0.007160634094583307,0.2386510024927218,1.414252388199428,1.9241279102363469,0.10371728062459976,nan
strong,0.25,learned_robust,2,0,228,0.0001802709043830888,0.007457866087671382,0.23837328549440978,1.431792858114441,1.9420475391865184,0.10377235169736154,nan
strong,0.25,plugin,4,0,216,1.0442455376616983e-05,0.0019756838999352216,0.24457740766806726,1.3791582742775177,1.8556878227333924,0.10701858896629449,1.0352972324312665e-05
strong,0.25,shrunk,4,0,216,1.0442455376616983e-05,0.0019756838999352216,0.24457740766806726,1.3791582742775177,1.8556878227333924,0.10701858896629449,nan
strong,0.25,smoothed,4,0,216,3.735800993710329e-05,0.0040962690198532,0.25082550271764487,1.3365860163529875,1.8130339041187074,0.10688799333296188,nan
strong,0.25,uniform,4,0,216,0.021035336594922977,0.09917762022391831,0.6509624711799005,0.0,0.45524565394484945,0.10264744283649806,nan
strong,0.25,persistence,4,0,216,0.007738835494999866,0.05677218718848946,0.25005196834482957,1.4351433742485151,1.8668140500330173,0.10656920376503463,nan
strong,0.25,learned,4,0,216,0.00011424176605447192,0.0062386510357359025,0.24565372153293713,1.3711741790297935,1.8496640510926778,0.10698758727966863,nan
strong,0.25,learned_robust,4,0,216,0.0001171036228689525,0.00648161109348747,0.24543658540116328,1.388522676866207,1.8672937249313497,0.10704323460757476,nan
strong,0.25,plugin,8,0,192,1.1576880947178464e-05,0.0021201305965775756,0.2671936151666315,1.22289622328272,1.630549093413235,0.11306101955625364,1.1625501674126384e-05
strong,0.25,shrunk,8,0,192,1.1576880947178464e-05,0.0021201305965775756,0.2671936151666315,1.22289622328272,1.630549093413235,0.11306101955625364,nan
strong,0.25,smoothed,8,0,192,3.513777011348099e-05,0.0040008359323534986,0.27376591499640557,1.185270961637315,1.5930354308201673,0.11294371837721462,nan
strong,0.25,uniform,8,0,192,0.01745222945600903,0.09044670223399691,0.6708571542233678,0.0,0.4163620248938759,0.10912077438555882,nan
strong,0.25,persistence,8,0,192,0.020887879126294747,0.09983239226403162,0.2801809339241262,1.410749993467914,1.660623655566808,0.11139221224202255,nan
strong,0.25,learned,8,0,192,5.097258061478293e-05,0.004851276922153272,0.2673420824507109,1.2256257256614298,1.6335031284946382,0.1130707214631423,nan
strong,0.25,learned_robust,8,0,192,5.7214283282130844e-05,0.005112330832551146,0.26732329794130427,1.2361546534519656,1.6434128653578206,0.11311143621140464,nan
strong,0.25,plugin,16,0,144,6.621549445608705e-05,0.004410729268143124,0.31192371841480626,1.030635942827217,1.3617105538659855,0.11700298987299826,6.953535549186811e-05
strong,0.25,shrunk,16,0,144,6.621549445608705e-05,0.004410729268143124,0.31192371841480626,1.030635942827217,1.3617105538659855,0.11700298987299826,nan
strong,0.25,smoothed,16,0,144,9.129609330169967e-05,0.00553129895054939,0.31872206473583703,0.9983256249952193,1.3291573897927396,0.11691300283204281,nan
strong,0.25,uniform,16,0,144,0.013748754370601442,0.07803515060321732,0.705505047151115,0.0,0.3613191877089655,0.11404360715965765,nan
strong,0.25,persistence,16,0,144,0.05472578621145625,0.17177996018659775,0.35096702561476273,1.6091742217764038,1.4166765566626565,0.11147199863242535,nan
strong,0.25,learned,16,0,144,9.483807740964415e-05,0.005659331227168988,0.313374441587311,1.0265480875151416,1.3579235768131175,0.11699455511696694,nan
strong,0.25,learned_robust,16,0,144,9.19296438258058e-05,0.0056253731923009,0.31369137964122756,1.0327864513451739,1.3635642002690371,0.11701308268797203,nan
strong,0.25,plugin,1,1,240,2.5243844555271806e-06,0.000987798473916838,0.23281721883902567,1.4758073698071466,2.0083195189158727,0.10073469065162938,2.5221858796172845e-06
strong,0.25,shrunk,1,1,240,2.5243844555271806e-06,0.000987798473916838,0.23281721883902567,1.4758073698071466,2.0083195189158727,0.10073469065162938,nan
strong,0.25,smoothed,1,1,240,3.451872602266472e-05,0.0038230424108309713,0.2390650022055526,1.4269016010012165,1.958070241989146,0.10059839627656084,nan
strong,0.25,uniform,1,1,240,0.02235756419351481,0.10205577406303998,0.6444972487946347,0.0,0.47111283347883304,0.09633997139743694,nan
strong,0.25,persistence,1,1,240,0.0006377143864523815,0.01590770101443319,0.23252381902435285,1.4927857396733724,2.025265036222447,0.10075064279866165,nan
strong,0.25,learned,1,1,240,0.0003079982595527909,0.00921505909448238,0.23950517026998117,1.425463353213658,1.9541007019627372,0.10061224025571994,nan
strong,0.25,learned_robust,1,1,240,0.0003089819542237952,0.009254432175240579,0.2388416350437849,1.4354355429076786,1.964393234957566,0.10064211408907345,nan
strong,0.25,plugin,2,1,228,6.638294782744354e-06,0.001577684145999433,0.2361863317403433,1.4424024090074785,1.952859963845356,0.10378550404011057,6.617127342602375e-06
strong,0.25,shrunk,2,1,228,6.638294782744354e-06,0.001577684145999433,0.2361863317403433,1.4424024090074785,1.952859963845356,0.10378550404011057,nan
strong,0.25,smoothed,2,1,228,3.5627581977914756e-05,0.003972883330916256,0.2423629547994795,1.3961576493831827,1.9057668827170884,0.1036510172319539,nan
strong,0.25,uniform,2,1,228,0.02200728099471136,0.10135008354865832,0.6457458758127619,0.0,0.4668073329961366,0.09936467317772178,nan
strong,0.25,persistence,2,1,228,0.002341920992509392,0.03044025851462886,0.2386765316354081,1.4652989117885609,1.9674119429695984,0.10371250733997926,nan
strong,0.25,learned,2,1,228,0.0002501095346165589,0.008407520637097573,0.24226113619375358,1.4041884433114546,1.9142726739227713,0.10368801995464332,nan
strong,0.25,learned_robust,2,1,228,0.0002510840982273715,0.0083784372626011,0.24157797030099995,1.4139482259832274,1.9240494711463412,0.10371857626601327,nan
strong,0.25,plugin,4,1,216,1.0442455376616983e-05,0.0019756838999352216,0.24457740766806726,1.3791582742775177,1.8556878227333924,0.10701858896629449,1.0352972324312665e-05
strong,0.25,shrunk,4,1,216,1.0442455376616983e-05,0.0019756838999352216,0.24457740766806726,1.3791582742775177,1.8556878227333924,0.10701858896629449,nan
strong,0.25,smoothed,4,1,216,3.735800993710329e-05,0.0040962690198532,0.25082550271764487,1.3365860163529875,1.8130339041187074,0.10688799333296188,nan
strong,0.25,uniform,4,1,216,0.021035336594922977,0.09917762022391831,0.6509624711799005,0.0,0.45524565394484945,0.10264744283649806,nan
strong,0.25,persistence,4,1,216,0.007738835494999866,0.05677218718848946,0.25005196834482957,1.4351433742485151,1.8668140500330173,0.10656920376503463,nan
strong,0.25,learned,4,1,216,0.00015592045237793883,0.007247149606531883,0.2493784219885135,1.3652559080993791,1.845287093770544,0.10696412953466969,nan
strong,0.25,learned_robust,4,1,216,0.00015587286765898252,0.007157883855456997,0.24873408151620835,1.3745658698136172,1.8545709856947408,0.10699441220902522,nan
strong,0.25,plugin,8,1,192,1.1576880947178464e-05,0.0021201305965775756,0.2671936151666315,1.22289622328272,1.630549093413235,0.11306101955625364,1.1625501674126384e-05
strong,0.25,shrunk,8,1,192,1.1576880947178464e-05,0.0021201305965775756,0.2671936151666315,1.22289622328272,1.630549093413235,0.11306101955625364,nan
strong,0.25,smoothed,8,1,192,3.513777011348099e-05,0.0040008359323534986,0.27376591499640557,1.185270961637315,1.5930354308201673,0.11294371837721462,nan
strong,0.25,uniform,8,1,192,0.01745222945600903,0.09044670223399691,0.6708571542233678,0.0,0.4163620248938759,0.10912077438555882,nan
strong,0.25,persistence,8,1,192,0.020887879126294747,0.09983239226403162,0.2801809339241262,1.410749993467914,1.660623655566808,0.11139221224202255,nan
strong,0.25,learned,8,1,192,7.678266440253045e-05,0.005828678006731289,0.27172423707142956,1.2145617639050623,1.6228326794254135,0.11304112781998936,nan
strong,0.25,learned_robust,8,1,192,7.473492903175942e-05,0.005688411128294876,0.27111399937531727,1.2207685549323548,1.6286787758513042,0.11306430690318847,nan
strong,0.25,plugin,16,1,144,6.621549445608705e-05,0.004410729268143124,0.31192371841480626,1.030635942827217,1.3617105538659855,0.11700298987299826,6.953535549186811e-05
strong,0.25,shrunk,16,1,144,6.621549445608705e-05,0.004410729268143124,0.31192371841480626,1.030635942827217,1.3617105538659855,0.11700298987299826,nan
strong,0.25,smoothed,16,1,144,9.129609330169967e-05,0.00553129895054939,0.31872206473583703,0.9983256249952193,1.3291573897927396,0.11691300283204281,nan
strong,0.25,uniform,16,1,144,0.013748754370601442,0.07803515060321732,0.705505047151115,0.0,0.3613191877089655,0.11404360715965765,nan
strong,0.25,persistence,16,1,144,0.05472578621145625,0.17177996018659775,0.35096702561476273,1.6091742217764038,1.4166765566626565,0.11147199863242535,nan
strong,0.25,learned,16,1,144,0.00011603900179726746,0.006385626265989228,0.3191580635113443,1.0144862048568715,1.3464128589917377,0.11696428253438279,nan
strong,0.25,learned_robust,16,1,144,0.0001065869728096665,0.0060696735915264565,0.31839646241008634,1.0209493725083203,1.3528509572440168,0.11698626883678889,nan
strong,0.25,plugin,1,2,240,2.5243844555271806e-06,0.000987798473916838,0.23281721883902567,1.4758073698071466,2.0083195189158727,0.10073469065162938,2.5221858796172845e-06
strong,0.25,shrunk,1,2,240,2.5243844555271806e-06,0.000987798473916838,0.23281721883902567,1.4758073698071466,2.0083195189158727,0.10073469065162938,nan
strong,0.25,smoothed,1,2,240,3.451872602266472e-05,0.0038230424108309713,0.2390650022055526,1.4269016010012165,1.958070241989146,0.10059839627656084,nan
strong,0.25,uniform,1,2,240,0.02235756419351481,0.10205577406303998,0.6444972487946347,0.0,0.47111283347883304,0.09633997139743694,nan
strong,0.25,persistence,1,2,240,0.0006377143864523815,0.01590770101443319,0.23252381902435285,1.4927857396733724,2.025265036222447,0.10075064279866165,nan
strong,0.25,learned,1,2,240,0.00016949570959780004,0.007304617458865433,0.2380264952706488,1.4195508605949996,1.9514132314941532,0.10058990043221809,nan
strong,0.25,learned_robust,1,2,240,0.0002083082009403774,0.008155143163880071,0.23951730168175572,1.4026946576273525,1.9339882994038606,0.10054507817517509,nan
strong,0.25,plugin,2,2,228,6.638294782744354e-06,0.001577684145999433,0.2361863317403433,1.4424024090074785,1.952859963845356,0.10378550404011057,6.617127342602375e-06
strong,0.25,shrunk,2,2,228,6.638294782744354e-06,0.001577684145999433,0.2361863317403433,1.4424024090074785,1.952859963845356,0.10378550404011057,nan
strong,0.25,smoothed,2,2,228,3.5627581977914756e-05,0.003972883330916256,0.2423629547994795,1.3961576493831827,1.9057668827170884,0.1036510172319539,nan
strong,0.25,uniform,2,2,228,0.02200728099471136,0.10135008354865832,0.6457458758127619,0.0,0.4668073329961366,0.09936467317772178,nan
strong,0.25,persistence,2,2,228,0.002341920992509392,0.03044025851462886,0.2386765316354081,1.4652989117885609,1.9674119429695984,0.10371250733997926,nan
strong,0.25,learned,2,2,228,0.00014016882070853182,0.0068307268544244,0.24061850756549646,1.3969294440737785,1.9084142036799912,0.10365945862217099,nan
strong,0.25,learned_robust,2,2,228,0.00017130220235353196,0.00754396873773873,0.2418582493656636,1.381885899160576,1.8930774477018557,0.10361739704917293,nan
strong,0.25,plugin,4,2,216,1.0442455376616983e-05,0.0019756838999352216,0.24457740766806726,1.3791582742775177,1.8556878227333924,0.10701858896629449,1.0352972324312665e-05
strong,0.25,shrunk,4,2,216,1.0442455376616983e-05,0.0019756838999352216,0.24457740766806726,1.3791582742775177,1.8556878227333924,0.10701858896629449,nan
strong,0.25,smoothed,4,2,216,3.735800993710329e-05,0.0040962690198532,0.25082550271764487,1.3365860163529875,1.8130339041187074,0.10688799333296188,nan
strong,0.25,uniform,4,2,216,0.021035336594922977,0.09917762022391831,0.6509624711799005,0.0,0.45524565394484945,0.10264744283649806,nan
strong,0.25,persistence,4,2,216,0.007738835494999866,0.05677218718848946,0.25005196834482957,1.4351433742485151,1.8668140500330173,0.10656920376503463,nan
strong,0.25,learned,4,2,216,9.465673386637256e-05,0.0061110099413039945,0.2479366105985953,1.351680836697228,1.8316136740716231,0.10692470895996943,nan
strong,0.25,learned_robust,4,2,216,0.00011668486325345393,0.006708810802724974,0.24909205490078304,1.3385793176893497,1.8186416901039326,0.10688574246748964,nan
strong,0.25,plugin,8,2,192,1.1576880947178464e-05,0.0021201305965775756,0.2671936151666315,1.22289622328272,1.630549093413235,0.11306101955625364,1.1625501674126384e-05
strong,0.25,shrunk,8,2,192,1.1576880947178464e-05,0.0021201305965775756,0.2671936151666315,1.22289622328272,1.630549093413235,0.11306101955625364,nan
strong,0.25,smoothed,8,2,192,3.513777011348099e-05,0.0040008359323534986,0.27376591499640557,1.185270961637315,1.5930354308201673,0.11294371837721462,nan
strong,0.25,uniform,8,2,192,0.01745222945600903,0.09044670223399691,0.6708571542233678,0.0,0.4163620248938759,0.10912077438555882,nan
strong,0.25,persistence,8,2,192,0.020887879126294747,0.09983239226403162,0.2801809339241262,1.410749993467914,1.660623655566808,0.11139221224202255,nan
strong,0.25,learned,8,2,192,5.7884455262030565e-05,0.005049553557383897,0.26992472602961876,1.2034471518049144,1.612561365858119,0.11300124165898935,nan
strong,0.25,learned_robust,8,2,192,7.113657478597576e-05,0.005485245570103138,0.2709614061499732,1.1940164272035694,1.6034483976740288,0.11297300661659876,nan
strong,0.25,plugin,16,2,144,6.621549445608705e-05,0.004410729268143124,0.31192371841480626,1.030635942827217,1.3617105538659855,0.11700298987299826,6.953535549186811e-05
strong,0.25,shrunk,16,2,144,6.621549445608705e-05,0.004410729268143124,0.31192371841480626,1.030635942827217,1.3617105538659855,0.11700298987299826,nan
strong,0.25,smoothed,16,2,144,9.129609330169967e-05,0.00553129895054939,0.31872206473583703,0.9983256249952193,1.3291573897927396,0.11691300283204281,nan
strong,0.25,uniform,16,2,144,0.013748754370601442,0.07803515060321732,0.705505047151115,0.0,0.3613191877089655,0.11404360715965765,nan
strong,0.25,persistence,16,2,144,0.05472578621145625,0.17177996018659775,0.35096702561476273,1.6091742217764038,1.4166765566626565,0.11147199863242535,nan
strong,0.25,learned,16,2,144,0.00010930661055040613,0.006249798172721906,0.3150671301861372,1.0120804271816446,1.3443468513021013,0.11696075338017659,nan
strong,0.25,learned_robust,16,2,144,0.00011928863225802892,0.006453449539330634,0.3157099736379783,1.0074020179268706,1.3401416963332362,0.11695121357613385,nan
strong,0.5,plugin,1,0,240,6.288485327590743e-07,0.0009877984739168363,0.43759075798870894,0.47212618152496383,0.9609832439728314,0.09779017359758661,6.285470355841777e-07
strong,0.5,shrunk,1,0,240,6.288485327590743e-07,0.0009877984739168363,0.43759075798870894,0.47212618152496383,0.9609832439728314,0.09779017359758661,nan
strong,0.5,smoothed,1,0,240,8.012208687008248e-06,0.0038230424108309635,0.442650641708049,0.45725640235707243,0.9454235071385609,0.09774459423434786,nan
strong,0.5,uniform,1,0,240,0.0049974400762304,0.10205577406303998,0.6444972487946347,0.0,0.47111283347883304,0.09633997139743694,nan
strong,0.5,persistence,1,0,240,0.00014095374808166205,0.01590770101443319,0.4377221577464711,0.47483020187640346,0.9624756840026814,0.097790063048351,nan
strong,0.5,learned,1,0,240,5.1415799920000174e-05,0.007899586760572855,0.44108571853318257,0.4609119886003448,0.9481363105961446,0.09776180513233346,nan
strong,0.5,learned_robust,1,0,240,5.146460499084552e-05,0.0080323772995075,0.4403953364005645,0.46347423004749316,0.9509033080805978,0.09777141779970301,nan
strong,0.5,plugin,2,0,228,1.6668446687609313e-06,0.0015776841459994302,0.43991893836108664,0.4675224157934915,0.9456344052283013,0.10083631374691224,1.6646546797619696e-06
strong,0.5,shrunk,2,0,228,1.6668446687609313e-06,0.0015776841459994302,0.43991893836108664,0.4675224157934915,0.9456344052283013,0.10083631374691224,nan
strong,0.5,smoothed,2,0,228,8.565780092813785e-06,0.003972883330916247,0.44493704303827686,0.4529866487929808,0.9306893601611776,0.10079033166562465,nan
strong,0.5,uniform,2,0,228,0.0049630221602820325,0.10135008354865832,0.6457458758127619,0.0,0.4668073329961366,0.09936467317772178,nan
strong,0.5,persistence,2,0,228,0.0005079445285807678,0.03044025851462886,0.44362547090166493,0.46786506470758477,0.9384971466115601,0.10080125016508437,nan
strong,0.5,learned,2,0,228,4.36596002501186e-05,0.0072967632325379225,0.44304174497176313,0.45799433763506536,0.9353018608834947,0.1008118491933343,nan
strong,0.5,learned_robust,2,0,228,4.356731654367452e-05,0.007378045478420971,0.44228745657244395,0.46065366766124893,0.9381297384621005,0.10082187845375973,nan
strong,0.5,plugin,4,0,216,2.6664232219718054e-06,0.0019756838999352203,0.44781034242339135,0.4545628003709119,0.9128562261882934,0.104115921102276,2.6586736571761986e-06
strong,0.5,shrunk,4,0,216,2.6664232219718054e-06,0.0019756838999352203,0.44781034242339135,0.4545628003709119,0.9128562261882934,0.104115921102276,nan
strong,0.5,smoothed,4,0,216,9.262101962198052e-06,0.004096269019853192,0.45280492990442517,0.4405571570398905,0.898806902502539,0.10407039698885165,nan
strong,0.5,uniform,4,0,216,0.004795113754053535,0.09917762022391831,0.6509624711799005,0.0,0.45524565394484945,0.10264744283649806,nan
strong,0.5,persistence,4,0,216,0.0016719813816319666,0.05677218718848945,0.4578476549905029,0.45722401733612406,0.8867472066300882,0.10395013245604857,nan
strong,0.5,learned,4,0,216,2.9631048165804805e-05,0.0062676589870165654,0.44970552572705064,0.4495455222448611,0.9082470627650141,0.10410167603949352,nan
strong,0.5,learned_robust,4,0,216,2.9372791568549124e-05,0.006278761868290308,0.4489397690107478,0.45221664344100415,0.9110644064057103,0.10411200006763724,nan
strong,0.5,plugin,8,0,192,2.963620334163012e-06,0.0021201305965775756,0.4735181220783134,0.414074470469369,0.8208951692250873,0.11046990132599545,2.9664208724448295e-06
strong,0.5,shrunk,8,0,192,2.963620334163012e-06,0.0021201305965775756,0.4735181220783134,0.414074470469369,0.8208951692250873,0.11046990132599545,nan
strong,0.5,smoothed,8,0,192,8.857946502651565e-06,0.004000835932353494,0.478518066302512,0.4012361772393489,0.8082953950782622,0.11042821325008963,nan
strong,0.5,uniform,8,0,192,0.004048873761548473,0.09044670223399691,0.6708571542233678,0.0,0.4163620248938759,0.10912077438555882,nan
strong,0.5,persistence,8,0,192,0.004534974257353024,0.09983239226403162,0.5023653495763405,0.44238921442936857,0.7551421185051943,0.10989340226272004,nan
strong,0.5,learned,8,0,192,1.2949237550011436e-05,0.004797584586749593,0.47388905172780005,0.4145903582921173,0.8212910806762362,0.11047486459026068,nan
strong,0.5,learned_robust,8,0,192,1.2834343719739355e-05,0.004746464610705105,0.47313751249099073,0.41694528213473364,0.8235712743617517,0.11048432614833975,nan
strong,0.5,plugin,16,0,144,1.5552782449888528e-05,0.004410729268143123,0.5199136250705626,0.3584488264125549,0.7022243585584397,0.11508096846144504,1.5785444456842883e-05
strong,0.5,shrunk,16,0,144,1.5552782449888528e-05,0.004410729268143123,0.5199136250705626,0.3584488264125549,0.7022243585584397,0.11508096846144504,nan
strong,0.5,smoothed,16,0,144,1.971920869123465e-05,0.005531298950549384,0.5246329671752261,0.3475842689719001,0.691420767859408,0.11504975077632706,nan
strong,0.5,uniform,16,0,144,0.003225777037500477,0.07803515060321732,0.705505047151115,0.0,0.3613191877089655,0.11404360715965765,nan
strong,0.5,persistence,16,0,144,0.01208928503535094,0.17177996018659775,0.6282062572432898,0.490364293483934,0.48568658573788565,0.11324732679384633,nan
strong,0.5,learned,16,0,144,2.1632210227773285e-05,0.0056062575247079255,0.5212056563945048,0.3557322117721232,0.6990650645932006,0.11507436499116855,nan
strong,0.5,learned_robust,16,0,144,1.9523793739030976e-05,0.0053136359349626565,0.5204000432866798,0.3579857685375212,0.7014035979986321,0.11508291601618345,nan
strong,0.5,plugin,1,1,240,6.288485327590743e-07,0.0009877984739168363,0.43759075798870894,0.47212618152496383,0.9609832439728314,0.09779017359758661,6.285470355841777e-07
strong,0.5,shrunk,1,1,240,6.288485327590743e-07,0.0009877984739168363,0.43759075798870894,0.47212618152496383,0.9609832439728314,0.09779017359758661,nan
strong,0.5,smoothed,1,1,240,8.012208687008248e-06,0.0038230424108309635,0.442650641708049,0.45725640235707243,0.9454235071385609,0.09774459423434786,nan
strong,0.5,uniform,1,1,240,0.0049974400762304,0.10205577406303998,0.6444972487946347,0.0,0.47111283347883304,0.09633997139743694,nan
strong,0.5,persistence,1,1,240,0.00014095374808166205,0.01590770101443319,0.4377221577464711,0.47483020187640346,0.9624756840026814,0.097790063048351,nan
strong,0.5,learned,1,1,240,5.388252670634937e-05,0.008043529026585765,0.4430994075390792,0.45641456392043894,0.9436709702118217,0.09775295019703792,nan
strong,0.5,learned_robust,1,1,240,5.337688498430563e-05,0.008060026345252663,0.44219947228093875,0.4595824609813229,0.9471336905231502,0.09776485305726827,nan
strong,0.5,plugin,2,1,228,1.6668446687609313e-06,0.0015776841459994302,0.43991893836108664,0.4675224157934915,0.9456344052283013,0.10083631374691224,1.6646546797619696e-06
strong,0.5,shrunk,2,1,228,1.6668446687609313e-06,0.0015776841459994302,0.43991893836108664,0.4675224157934915,0.9456344052283013,0.10083631374691224,nan
strong,0.5,smoothed,2,1,228,8.565780092813785e-06,0.003972883330916247,0.44493704303827686,0.4529866487929808,0.9306893601611776,0.10079033166562465,nan
strong,0.5,uniform,2,1,228,0.0049630221602820325,0.10135008354865832,0.6457458758127619,0.0,0.4668073329961366,0.09936467317772178,nan
strong,0.5,persistence,2,1,228,0.0005079445285807678,0.03044025851462886,0.44362547090166493,0.46786506470758477,0.9384971466115601,0.10080125016508437,nan
strong,0.5,learned,2,1,228,4.5171615699919696e-05,0.007384686791544162,0.4444668186285488,0.4547501479633951,0.9325667521933748,0.10080455436902809,nan
strong,0.5,learned_robust,2,1,228,4.439175103005234e-05,0.007322618168900778,0.4435155472194811,0.45802080882863466,0.9360030217078741,0.10081688684177144,nan
strong,0.5,plugin,4,1,216,2.6664232219718054e-06,0.0019756838999352203,0.44781034242339135,0.4545628003709119,0.9128562261882934,0.104115921102276,2.6586736571761986e-06
strong,0.5,shrunk,4,1,216,2.6664232219718054e-06,0.0019756838999352203,0.44781034242339135,0.4545628003709119,0.9128562261882934,0.104115921102276,nan
strong,0.5,smoothed,4,1,216,9.262101962198052e-06,0.004096269019853192,0.45280492990442517,0.4405571570398905,0.898806902502539,0.10407039698885165,nan
strong,0.5,uniform,4,1,216,0.004795113754053535,0.09917762022391831,0.6509624711799005,0.0,0.45524565394484945,0.10264744283649806,nan
strong,0.5,persistence,4,1,216,0.0016719813816319666,0.05677218718848945,0.4578476549905029,0.45722401733612406,0.8867472066300882,0.10395013245604857,nan
strong,0.5,learned,4,1,216,3.1168207100373e-05,0.006343073198562699,0.45103444089268235,0.4470301802887708,0.9064460143321905,0.10409479955235221,nan
strong,0.5,learned_robust,4,1,216,3.025618389164225e-05,0.0062161721145623195,0.45007642248432267,0.45031515253650545,0.9098527565882185,0.1041074949106787,nan
strong,0.5,plugin,8,1,192,2.963620334163012e-06,0.0021201305965775756,0.4735181220783134,0.414074470469369,0.8208951692250873,0.11046990132599545,2.9664208724448295e-06
strong,0.5,shrunk,8,1,192,2.963620334163012e-06,0.0021201305965775756,0.4735181220783134,0.414074470469369,0.8208951692250873,0.11046990132599545,nan
strong,0.5,smoothed,8,1,192,8.857946502651565e-06,0.004000835932353494,0.478518066302512,0.4012361772393489,0.8082953950782622,0.11042821325008963,nan
strong,0.5,uniform,8,1,192,0.004048873761548473,0.09044670223399691,0.6708571542233678,0.0,0.4163620248938759,0.10912077438555882,nan
strong,0.5,persistence,8,1,192,0.004534974257353024,0.09983239226403162,0.5023653495763405,0.44238921442936857,0.7551421185051943,0.10989340226272004,nan
strong,0.5,learned,8,1,192,1.631728091957066e-05,0.005152815048070496,0.4756815811161103,0.410564533844512,0.8178999453378544,0.11046423833553894,nan
strong,0.5,learned_robust,8,1,192,1.5607506285735217e-05,0.004955999438534861,0.47470267686267675,0.41360671009124883,0.8208582972134443,0.11047606094487354,nan
strong,0.5,plugin,16,1,144,1.5552782449888528e-05,0.004410729268143123,0.5199136250705626,0.3584488264125549,0.7022243585584397,0.11508096846144504,1.5785444456842883e-05
strong,0.5,shrunk,16,1,144,1.5552782449888528e-05,0.004410729268143123,0.5199136250705626,0.3584488264125549,0.7022243585584397,0.11508096846144504,nan
strong,0.5,smoothed,16,1,144,1.971920869123465e-05,0.005531298950549384,0.5246329671752261,0.3475842689719001,0.691420767859408,0.11504975077632706,nan
strong,0.5,uniform,16,1,144,0.003225777037500477,0.07803515060321732,0.705505047151115,0.0,0.3613191877089655,0.11404360715965765,nan
strong,0.5,persistence,16,1,144,0.01208928503535094,0.17177996018659775,0.6282062572432898,0.490364293483934,0.48568658573788565,0.11324732679384633,nan
strong,0.5,learned,16,1,144,2.1017555607050055e-05,0.005607436846970205,0.5231998395732421,0.35228432477715327,0.697032373507348,0.11506873837992118,nan
strong,0.5,learned_robust,16,1,144,1.8887878355531667e-05,0.005221431149413881,0.5221787867679475,0.3551318659317126,0.6998423489777283,0.11507870489148406,nan
strong,0.5,plugin,1,2,240,6.288485327590743e-07,0.0009877984739168363,0.43759075798870894,0.47212618152496383,0.9609832439728314,0.09779017359758661,6.285470355841777e-07
strong,0.5,shrunk,1,2,240,6.288485327590743e-07,0.0009877984739168363,0.43759075798870894,0.47212618152496383,0.9609832439728314,0.09779017359758661,nan
strong,0.5,smoothed,1,2,240,8.012208687008248e-06,0.0038230424108309635,0.442650641708049,0.45725640235707243,0.9454235071385609,0.09774459423434786,nan
strong,0.5,uniform,1,2,240,0.0049974400762304,0.10205577406303998,0.6444972487946347,0.0,0.47111283347883304,0.09633997139743694,nan
strong,0.5,persistence,1,2,240,0.00014095374808166205,0.01590770101443319,0.4377221577464711,0.47483020187640346,0.9624756840026814,0.097790063048351,nan
strong,0.5,learned,1,2,240,2.565909164524103e-05,0.005898247797149011,0.4409310480412351,0.4624692705505364,0.9511325303278916,0.097766544966803,nan
strong,0.5,learned_robust,1,2,240,2.5834025572435415e-05,0.005936195469669387,0.4402095473228743,0.4652590298288352,0.9541244351284686,0.09777709337954926,nan
strong,0.5,plugin,2,2,228,1.6668446687609313e-06,0.0015776841459994302,0.43991893836108664,0.4675224157934915,0.9456344052283013,0.10083631374691224,1.6646546797619696e-06
strong,0.5,shrunk,2,2,228,1.6668446687609313e-06,0.0015776841459994302,0.43991893836108664,0.4675224157934915,0.9456344052283013,0.10083631374691224,nan
strong,0.5,smoothed,2,2,228,8.565780092813785e-06,0.003972883330916247,0.44493704303827686,0.4529866487929808,0.9306893601611776,0.10079033166562465,nan
strong,0.5,uniform,2,2,228,0.0049630221602820325,0.10135008354865832,0.6457458758127619,0.0,0.4668073329961366,0.09936467317772178,nan
strong,0.5,persistence,2,2,228,0.0005079445285807678,0.03044025851462886,0.44362547090166493,0.46786506470758477,0.9384971466115601,0.10080125016508437,nan
strong,0.5,learned,2,2,228,2.14712286672557e-05,0.005465391917100134,0.44274316036305156,0.459714797844189,0.9380082637111002,0.10081637885926482,nan
strong,0.5,learned_robust,2,2,228,2.12600573867601e-05,0.005428509258005802,0.4419450478616232,0.4627070305846189,0.9411339031231796,0.1008274947457398,nan
strong,0.5,plugin,4,2,216,2.6664232219718054e-06,0.0019756838999352203,0.44781034242339135,0.4545628003709119,0.9128562261882934,0.104115921102276,2.6586736571761986e-06
strong,0.5,shrunk,4,2,216,2.6664232219718054e-06,0.0019756838999352203,0.44781034242339135,0.4545628003709119,0.9128562261882934,0.104115921102276,nan
strong,0.5,smoothed,4,2,216,9.262101962198052e-06,0.004096269019853192,0.45280492990442517,0.4405571570398905,0.898806902502539,0.10407039698885165,nan
strong,0.5,uniform,4,2,216,0.004795113754053535,0.09917762022391831,0.6509624711799005,0.0,0.45524565394484945,0.10264744283649806,nan
strong,0.5,persistence,4,2,216,0.0016719813816319666,0.05677218718848945,0.4578476549905029,0.45722401733612406,0.8867472066300882,0.10395013245604857,nan
strong,0.5,learned,4,2,216,1.5818770223284078e-05,0.004913496842618299,0.4497438532791431,0.4498700732021539,0.9091700464454859,0.10410264400983678,nan
strong,0.5,learned_robust,4,2,216,1.5322337989121486e-05,0.004791390780192415,0.44890741537702783,0.4529673707992479,0.9123954976214314,0.10411427996507067,nan
strong,0.5,plugin,8,2,192,2.963620334163012e-06,0.0021201305965775756,0.4735181220783134,0.414074470469369,0.8208951692250873,0.11046990132599545,2.9664208724448295e-06
strong,0.5,shrunk,8,2,192,2.963620334163012e-06,0.0021201305965775756,0.4735181220783134,0.414074470469369,0.8208951692250873,0.11046990132599545,nan
strong,0.5,smoothed,8,2,192,8.857946502651565e-06,0.004000835932353494,0.478518066302512,0.4012361772393489,0.8082953950782622,0.11042821325008963,nan
strong,0.5,uniform,8,2,192,0.004048873761548473,0.09044670223399691,0.6708571542233678,0.0,0.4163620248938759,0.10912077438555882,nan
strong,0.5,persistence,8,2,192,0.004534974257353024,0.09983239226403162,0.5023653495763405,0.44238921442936857,0.7551421185051943,0.10989340226272004,nan
strong,0.5,learned,8,2,192,1.0218142541475647e-05,0.004248943145386032,0.4747220529610319,0.4115711121216699,0.8188863192946952,0.11046368206998958,nan
strong,0.5,learned_robust,8,2,192,9.377049051773867e-06,0.0040078016309693185,0.47394257143004737,0.41410983460708256,0.8213481019599417,0.11047386100259428,nan
strong,0.5,plugin,16,2,144,1.5552782449888528e-05,0.004410729268143123,0.5199136250705626,0.3584488264125549,0.7022243585584397,0.11508096846144504,1.5785444456842883e-05
strong,0.5,shrunk,16,2,144,1.5552782449888528e-05,0.004410729268143123,0.5199136250705626,0.3584488264125549,0.7022243585584397,0.11508096846144504,nan
strong,0.5,smoothed,16,2,144,1.971920869123465e-05,0.005531298950549384,0.5246329671752261,0.3475842689719001,0.691420767859408,0.11504975077632706,nan
strong,0.5,uniform,16,2,144,0.003225777037500477,0.07803515060321732,0.705505047151115,0.0,0.3613191877089655,0.11404360715965765,nan
strong,0.5,persistence,16,2,144,0.01208928503535094,0.17177996018659775,0.6282062572432898,0.490364293483934,0.48568658573788565,0.11324732679384633,nan
strong,0.5,learned,16,2,144,2.0400001918235527e-05,0.005563623115244599,0.5218842431513578,0.3538477876919803,0.6981992454071323,0.11507133467532629,nan
strong,0.5,learned_robust,16,2,144,1.8381918175564313e-05,0.00519308264184257,0.5210894425272162,0.35616014908195437,0.700521491788866,0.11507963300529205,nan
strong,1.0,plugin,1,0,240,0.0,nan,0.6444972487946347,0.0,0.47111283347883304,0.09633997139743694,0.0
strong,1.0,shrunk,1,0,240,0.0,nan,0.6444972487946347,0.0,0.47111283347883304,0.09633997139743694,nan
strong,1.0,smoothed,1,0,240,0.0,nan,0.6444972487946347,0.0,0.47111283347883304,0.09633997139743694,nan
strong,1.0,uniform,1,0,240,0.0,nan,0.6444972487946347,0.0,0.47111283347883304,0.09633997139743694,nan
strong,1.0,persistence,1,0,240,0.0,nan,0.6444972487946347,0.0,0.47111283347883304,0.09633997139743694,nan
strong,1.0,learned,1,0,240,-1.519491129216751e-09,nan,0.6444912221297497,8.317256955682761e-05,0.4711240995434867,0.09634000025144268,nan
strong,1.0,learned_robust,1,0,240,-2.112054723243014e-09,nan,0.6444907409245733,8.212601129727153e-05,0.47112484025365914,0.0963400019430236,nan
strong,1.0,plugin,2,0,228,0.0,nan,0.6457458758127619,0.0,0.4668073329961366,0.09936467317772178,0.0
strong,1.0,shrunk,2,0,228,0.0,nan,0.6457458758127619,0.0,0.4668073329961366,0.09936467317772178,nan
strong,1.0,smoothed,2,0,228,0.0,nan,0.6457458758127619,0.0,0.4668073329961366,0.09936467317772178,nan
strong,1.0,uniform,2,0,228,0.0,nan,0.6457458758127619,0.0,0.4668073329961366,0.09936467317772178,nan
strong,1.0,persistence,2,0,228,0.0,nan,0.6457458758127619,0.0,0.4668073329961366,0.09936467317772178,nan
strong,1.0,learned,2,0,228,-7.183094869399161e-10,nan,0.6457404702386752,8.110519028753188e-05,0.4668181476927308,0.09936470177143394,nan
strong,1.0,learned_robust,2,0,228,-6.7824670509549394e-09,nan,0.6457399518499667,8.011805331168694e-05,0.4668189333436509,0.09936470406586134,nan
strong,1.0,plugin,4,0,216,0.0,nan,0.6509624711799005,0.0,0.45524565394484945,0.10264744283649806,0.0
strong,1.0,shrunk,4,0,216,0.0,nan,0.6509624711799005,0.0,0.45524565394484945,0.10264744283649806,nan
strong,1.0,smoothed,4,0,216,0.0,nan,0.6509624711799005,0.0,0.45524565394484945,0.10264744283649806,nan
strong,1.0,uniform,4,0,216,0.0,nan,0.6509624711799005,0.0,0.45524565394484945,0.10264744283649806,nan
strong,1.0,persistence,4,0,216,0.0,nan,0.6509624711799005,0.0,0.45524565394484945,0.10264744283649806,nan
strong,1.0,learned,4,0,216,-1.0451416669867133e-08,nan,0.6509587127310871,7.719325712944964e-05,0.4552533377570525,0.1026474650417608,nan
strong,1.0,learned_robust,4,0,216,-2.8655018723071307e-09,nan,0.65095818745391,7.61435536378134e-05,0.4552541224994038,0.10264746590474806,nan
strong,1.0,plugin,8,0,192,0.0,nan,0.6708571542233678,0.0,0.4163620248938759,0.10912077438555882,0.0
strong,1.0,shrunk,8,0,192,0.0,nan,0.6708571542233678,0.0,0.4163620248938759,0.10912077438555882,nan
strong,1.0,smoothed,8,0,192,0.0,nan,0.6708571542233678,0.0,0.4163620248938759,0.10912077438555882,nan
strong,1.0,uniform,8,0,192,0.0,nan,0.6708571542233678,0.0,0.4163620248938759,0.10912077438555882,nan
strong,1.0,persistence,8,0,192,0.0,nan,0.6708571542233678,0.0,0.4163620248938759,0.10912077438555882,nan
strong,1.0,learned,8,0,192,-2.7994462188189275e-09,nan,0.670858081830961,7.016584251353294e-05,0.41635995615307625,0.10912077227117872,nan
strong,1.0,learned_robust,8,0,192,-4.8018540555842355e-09,nan,0.6708575538016128,6.890452113072474e-05,0.4163606543514602,0.10912077433561479,nan
strong,1.0,plugin,16,0,144,0.0,nan,0.705505047151115,0.0,0.3613191877089655,0.11404360715965765,0.0
strong,1.0,shrunk,16,0,144,0.0,nan,0.705505047151115,0.0,0.3613191877089655,0.11404360715965765,nan
strong,1.0,smoothed,16,0,144,0.0,nan,0.705505047151115,0.0,0.3613191877089655,0.11404360715965765,nan
strong,1.0,uniform,16,0,144,0.0,nan,0.705505047151115,0.0,0.3613191877089655,0.11404360715965765,nan
strong,1.0,persistence,16,0,144,0.0,nan,0.705505047151115,0.0,0.3613191877089655,0.11404360715965765,nan
strong,1.0,learned,16,0,144,2.1617106600128424e-09,nan,0.7055074667195745,6.770673745372235e-05,0.3613162990396234,0.11404360546451112,nan
strong,1.0,learned_robust,16,0,144,-2.1126976464576805e-09,nan,0.7055066503868195,6.631306472265784e-05,0.3613174924497759,0.11404360950614396,nan
strong,1.0,plugin,1,1,240,0.0,nan,0.6444972487946347,0.0,0.47111283347883304,0.09633997139743694,0.0
strong,1.0,shrunk,1,1,240,0.0,nan,0.6444972487946347,0.0,0.47111283347883304,0.09633997139743694,nan
strong,1.0,smoothed,1,1,240,0.0,nan,0.6444972487946347,0.0,0.47111283347883304,0.09633997139743694,nan
strong,1.0,uniform,1,1,240,0.0,nan,0.6444972487946347,0.0,0.47111283347883304,0.09633997139743694,nan
strong,1.0,persistence,1,1,240,0.0,nan,0.6444972487946347,0.0,0.47111283347883304,0.09633997139743694,nan
strong,1.0,learned,1,1,240,-1.861277422003186e-09,nan,0.6444890028003807,0.0001738910868335463,0.47112638638346266,0.09633999662863019,nan
strong,1.0,learned_robust,1,1,240,-4.429163722822574e-09,nan,0.6444882492372859,0.00017323742199142463,0.4711278884131517,0.09634000197152032,nan
strong,1.0,plugin,2,1,228,0.0,nan,0.6457458758127619,0.0,0.4668073329961366,0.09936467317772178,0.0
strong,1.0,shrunk,2,1,228,0.0,nan,0.6457458758127619,0.0,0.4668073329961366,0.09936467317772178,nan
strong,1.0,smoothed,2,1,228,0.0,nan,0.6457458758127619,0.0,0.4668073329961366,0.09936467317772178,nan
strong,1.0,uniform,2,1,228,0.0,nan,0.6457458758127619,0.0,0.4668073329961366,0.09936467317772178,nan
strong,1.0,persistence,2,1,228,0.0,nan,0.6457458758127619,0.0,0.4668073329961366,0.09936467317772178,nan
strong,1.0,learned,2,1,228,4.5950254614935627e-10,nan,0.6457411615803889,0.00017408033235131578,0.46681493602892776,0.09936469623689471,nan
strong,1.0,learned_robust,2,1,228,2.396999236524933e-10,nan,0.6457402145599236,0.0001733488681917819,0.466816662795786,0.09936470186034412,nan
strong,1.0,plugin,4,1,216,0.0,nan,0.6509624711799005,0.0,0.45524565394484945,0.10264744283649806,0.0
strong,1.0,shrunk,4,1,216,0.0,nan,0.6509624711799005,0.0,0.45524565394484945,0.10264744283649806,nan
strong,1.0,smoothed,4,1,216,0.0,nan,0.6509624711799005,0.0,0.45524565394484945,0.10264744283649806,nan
strong,1.0,uniform,4,1,216,0.0,nan,0.6509624711799005,0.0,0.45524565394484945,0.10264744283649806,nan
strong,1.0,persistence,4,1,216,0.0,nan,0.6509624711799005,0.0,0.45524565394484945,0.10264744283649806,nan
strong,1.0,learned,4,1,216,1.512759777526711e-09,nan,0.6509583055170857,0.00017230129922542783,0.4552519241319998,0.10264746391270317,nan
strong,1.0,learned_robust,4,1,216,-4.0329883465728e-09,nan,0.6509574096216068,0.00017143482337304196,0.4552535362953218,0.10264746998072981,nan
strong,1.0,plugin,8,1,192,0.0,nan,0.6708571542233678,0.0,0.4163620248938759,0.10912077438555882,0.0
strong,1.0,shrunk,8,1,192,0.0,nan,0.6708571542233678,0.0,0.4163620248938759,0.10912077438555882,nan
strong,1.0,smoothed,8,1,192,0.0,nan,0.6708571542233678,0.0,0.4163620248938759,0.10912077438555882,nan
strong,1.0,uniform,8,1,192,0.0,nan,0.6708571542233678,0.0,0.4163620248938759,0.10912077438555882,nan
strong,1.0,persistence,8,1,192,0.0,nan,0.6708571542233678,0.0,0.4163620248938759,0.10912077438555882,nan
strong,1.0,learned,8,1,192,5.156939285322348e-10,nan,0.6708526050108544,0.00016859577357062036,0.41637043896179526,0.10912079267553292,nan
strong,1.0,learned_robust,8,1,192,-4.641034288937103e-09,nan,0.6708518667680518,0.00016734935244183357,0.41637166962797806,0.10912079764523108,nan
strong,1.0,plugin,16,1,144,0.0,nan,0.705505047151115,0.0,0.3613191877089655,0.11404360715965765,0.0
strong,1.0,shrunk,16,1,144,0.0,nan,0.705505047151115,0.0,0.3613191877089655,0.11404360715965765,nan
strong,1.0,smoothed,16,1,144,0.0,nan,0.705505047151115,0.0,0.3613191877089655,0.11404360715965765,nan
strong,1.0,uniform,16,1,144,0.0,nan,0.705505047151115,0.0,0.3613191877089655,0.11404360715965765,nan
strong,1.0,persistence,16,1,144,0.0,nan,0.705505047151115,0.0,0.3613191877089655,0.11404360715965765,nan
strong,1.0,learned,16,1,144,1.959993935670331e-09,nan,0.7055010533043165,0.00016551506232417886,0.3613292789212209,0.11404362743248139,nan
strong,1.0,learned_robust,16,1,144,-4.08799722159989e-09,nan,0.7055003964560629,0.00016404150181770856,0.3613303736981467,0.11404363167779873,nan
strong,1.0,plugin,1,2,240,0.0,nan,0.6444972487946347,0.0,0.47111283347883304,0.09633997139743694,0.0
strong,1.0,shrunk,1,2,240,0.0,nan,0.6444972487946347,0.0,0.47111283347883304,0.09633997139743694,nan
strong,1.0,smoothed,1,2,240,0.0,nan,0.6444972487946347,0.0,0.47111283347883304,0.09633997139743694,nan
strong,1.0,uniform,1,2,240,0.0,nan,0.6444972487946347,0.0,0.47111283347883304,0.09633997139743694,nan
strong,1.0,persistence,1,2,240,0.0,nan,0.6444972487946347,0.0,0.47111283347883304,0.09633997139743694,nan
strong,1.0,learned,1,2,240,-6.267646470807057e-09,nan,0.6444925153972538,5.734637342432561e-05,0.4711159518183312,0.09633997987505927,nan
strong,1.0,learned_robust,1,2,240,-5.011865613265461e-09,nan,0.6444925340949645,5.68856792799426e-05,0.4711158475256848,0.09633997926820329,nan
strong,1.0,plugin,2,2,228,0.0,nan,0.6457458758127619,0.0,0.4668073329961366,0.09936467317772178,0.0
strong,1.0,shrunk,2,2,228,0.0,nan,0.6457458758127619,0.0,0.4668073329961366,0.09936467317772178,nan
strong,1.0,smoothed,2,2,228,0.0,nan,0.6457458758127619,0.0,0.4668073329961366,0.09936467317772178,nan
strong,1.0,uniform,2,2,228,0.0,nan,0.6457458758127619,0.0,0.4668073329961366,0.09936467317772178,nan
strong,1.0,persistence,2,2,228,0.0,nan,0.6457458758127619,0.0,0.4668073329961366,0.09936467317772178,nan
strong,1.0,learned,2,2,228,-8.222991166152301e-09,nan,0.6457403288243749,5.708791654585637e-05,0.4668118453489695,0.09936468256960068,nan
strong,1.0,learned_robust,2,2,228,-1.8685486598547772e-09,nan,0.6457404196376771,5.666702465980403e-05,0.4668115996682122,0.09936468165217897,nan
strong,1.0,plugin,4,2,216,0.0,nan,0.6509624711799005,0.0,0.45524565394484945,0.10264744283649806,0.0
strong,1.0,shrunk,4,2,216,0.0,nan,0.6509624711799005,0.0,0.45524565394484945,0.10264744283649806,nan
strong,1.0,smoothed,4,2,216,0.0,nan,0.6509624711799005,0.0,0.45524565394484945,0.10264744283649806,nan
strong,1.0,uniform,4,2,216,0.0,nan,0.6509624711799005,0.0,0.45524565394484945,0.10264744283649806,nan
strong,1.0,persistence,4,2,216,0.0,nan,0.6509624711799005,0.0,0.45524565394484945,0.10264744283649806,nan
strong,1.0,learned,4,2,216,-3.9466139363765734e-09,nan,0.6509558331094224,5.633135624212539e-05,0.45525250948205126,0.10264745583501947,nan
strong,1.0,learned_robust,4,2,216,-2.8956745247495136e-09,nan,0.6509559240651102,5.599359657317578e-05,0.4552522529762082,0.1026474552293782,nan
strong,1.0,plugin,8,2,192,0.0,nan,0.6708571542233678,0.0,0.4163620248938759,0.10912077438555882,0.0
strong,1.0,shrunk,8,2,192,0.0,nan,0.6708571542233678,0.0,0.4163620248938759,0.10912077438555882,nan
strong,1.0,smoothed,8,2,192,0.0,nan,0.6708571542233678,0.0,0.4163620248938759,0.10912077438555882,nan
strong,1.0,uniform,8,2,192,0.0,nan,0.6708571542233678,0.0,0.4163620248938759,0.10912077438555882,nan
strong,1.0,persistence,8,2,192,0.0,nan,0.6708571542233678,0.0,0.4163620248938759,0.10912077438555882,nan
strong,1.0,learned,8,2,192,-4.473078017361298e-09,nan,0.6708494711899577,5.257874702155915e-05,0.4163706301181192,0.10912079564911363,nan
strong,1.0,learned_robust,8,2,192,-4.647875271578579e-09,nan,0.6708494525749938,5.248033728142798e-05,0.4163705937685922,0.10912079535614272,nan
strong,1.0,plugin,16,2,144,0.0,nan,0.705505047151115,0.0,0.3613191877089655,0.11404360715965765,0.0
strong,1.0,shrunk,16,2,144,0.0,nan,0.705505047151115,0.0,0.3613191877089655,0.11404360715965765,nan
strong,1.0,smoothed,16,2,144,0.0,nan,0.705505047151115,0.0,0.3613191877089655,0.11404360715965765,nan
strong,1.0,uniform,16,2,144,0.0,nan,0.705505047151115,0.0,0.3613191877089655,0.11404360715965765,nan
strong,1.0,persistence,16,2,144,0.0,nan,0.705505047151115,0.0,0.3613191877089655,0.11404360715965765,nan
strong,1.0,learned,16,2,144,-8.660066767091696e-09,nan,0.7054966321944041,4.787080775020554e-05,0.3613289781219746,0.11404363459336181,nan
strong,1.0,learned_robust,16,2,144,-8.347579097092408e-09,nan,0.7054965638145545,4.847223525462143e-05,0.36132894246322034,0.11404363412708451,nan
strong,2.0,plugin,1,0,240,6.638070001114641e-07,0.0009877984739168398,0.7978140006211085,0.23344647019352258,0.23354777414808361,0.09562626423642681,6.638076475067811e-07
strong,2.0,shrunk,1,0,240,6.638070001114641e-07,0.0009877984739168398,0.7978140006211085,0.23344647019352258,0.23354777414808361,0.09562626423642681,nan
strong,2.0,smoothed,1,0,240,8.237332117939459e-06,0.003823042410830966,0.792276315725497,0.22608918447122592,0.24095172902801087,0.09564871239224931,nan
strong,2.0,uniform,1,0,240,0.004876646281127893,0.10205577406303998,0.6444972487946347,0.0,0.47111283347883304,0.09633997139743694,nan
strong,2.0,persistence,1,0,240,0.00013882688962600642,0.01590770101443319,0.7947502330118386,0.2339205844268637,0.23772180181676053,0.0956287302586339,nan
strong,2.0,learned,1,0,240,4.0582902646932316e-05,0.0070079583302585,0.794276051831042,0.2302243143965557,0.23843255416725448,0.09563389460108927,nan
strong,2.0,learned_robust,1,0,240,4.010857909036112e-05,0.007097136881968538,0.794893318512371,0.23105367936188184,0.23746536548528438,0.0956296915980384,nan
strong,2.0,plugin,2,0,228,1.7755256693615097e-06,0.0015776841459994291,0.7983132680415262,0.23328338208743465,0.23233688580985395,0.09863643260755803,1.7755307261941138e-06
strong,2.0,shrunk,2,0,228,1.7755256693615097e-06,0.0015776841459994291,0.7983132680415262,0.23328338208743465,0.23233688580985395,0.09863643260755803,nan
strong,2.0,smoothed,2,0,228,9.041944940883418e-06,0.003972883330916253,0.7928038787328973,0.22591285149886856,0.23964217420432993,0.09865938840293159,nan
strong,2.0,uniform,2,0,228,0.0048916262302487815,0.10135008354865832,0.6457458758127619,0.0,0.4668073329961366,0.09936467317772178,nan
strong,2.0,persistence,2,0,228,0.0004972004256926291,0.030440258514628865,0.7858370535776448,0.2311055463345058,0.24981071757879517,0.098658683435348,nan
strong,2.0,learned,2,0,228,3.48671113558649e-05,0.006452663885704733,0.795535147022058,0.23069363408685292,0.23605969652176387,0.09864244122963388,nan
strong,2.0,learned_robust,2,0,228,3.447540216864214e-05,0.006508289566171722,0.7961984143482531,0.23157960224772917,0.2350499455656498,0.09863805595006869,nan
strong,2.0,plugin,4,0,216,2.9080977794512283e-06,0.001975683899935218,0.800817627341596,0.22974539498220692,0.22836434140872333,0.10191528536048361,2.908110382728209e-06
strong,2.0,shrunk,4,0,216,2.9080977794512283e-06,0.001975683899935218,0.800817627341596,0.22974539498220692,0.22836434140872333,0.10191528536048361,nan
strong,2.0,smoothed,4,0,216,1.0032863323883414e-05,0.004096269019853195,0.7953838500514158,0.22237827755806142,0.2354782470289832,0.10193842382905538,nan
strong,2.0,uniform,4,0,216,0.00479879468517807,0.09917762022391831,0.6509624711799005,0.0,0.45524565394484945,0.10264744283649806,nan
strong,2.0,persistence,4,0,216,0.0016573804851931634,0.05677218718848946,0.7627686593621119,0.22522990877981927,0.28186059863273283,0.10200682670417237,nan
strong,2.0,learned,4,0,216,2.5804859951815675e-05,0.00562998543931235,0.799509682471056,0.22860224620737102,0.22990537355195376,0.10191766744213349,nan
strong,2.0,learned_robust,4,0,216,2.5418635913063763e-05,0.005631521148217106,0.8001963266930445,0.2295467708964352,0.22887372793348126,0.1019130598465947,nan
strong,2.0,plugin,8,0,192,3.2460897764294977e-06,0.0021201305965775703,0.8127649873661257,0.2141368705701515,0.21146588837313293,0.10843456333021347,3.2460948571863447e-06
strong,2.0,shrunk,8,0,192,3.2460897764294977e-06,0.0021201305965775703,0.8127649873661257,0.2141368705701515,0.21146588837313293,0.10843456333021347,nan
strong,2.0,smoothed,8,0,192,9.755291457221385e-06,0.0040008359323534986,0.8076066364337039,0.20707337149159163,0.21803657730665857,0.10845661657814303,nan
strong,2.0,uniform,8,0,192,0.004194374594744568,0.09044670223399691,0.6708571542233678,0.0,0.4163620248938759,0.10912077438555882,nan
strong,2.0,persistence,8,0,192,0.004611224627289943,0.09983239226403164,0.6989472041558482,0.21460048328965878,0.3630212256117134,0.10873829680543663,nan
strong,2.0,learned,8,0,192,1.602043614753676e-05,0.004667067164365852,0.8128950405099543,0.21493906024209122,0.21114196827792084,0.10843038961623393,nan
strong,2.0,learned_robust,8,0,192,1.5456190078940352e-05,0.004530819071369756,0.8135752225188168,0.21594329369539844,0.21018078002499915,0.10842597113804181,nan
strong,2.0,plugin,16,0,144,1.6001303112495808e-05,0.0044107292681431305,0.8333188248838016,0.18937184302384066,0.18598152531334808,0.11350251335426462,1.600130963076322e-05
strong,2.0,shrunk,16,0,144,1.6001303112495808e-05,0.0044107292681431305,0.8333188248838016,0.18937184302384066,0.18598152531334808,0.11350251335426462,nan
strong,2.0,smoothed,16,0,144,1.9580158982733366e-05,0.005531298950549389,0.8287756438248901,0.18339509918252603,0.19164314129115934,0.11351931389012695,nan
strong,2.0,uniform,16,0,144,0.0034298921868332046,0.07803515060321732,0.705505047151115,0.0,0.3613191877089655,0.11404360715965765,nan
strong,2.0,persistence,16,0,144,0.012210957092454157,0.17177996018659775,0.5770045025746019,0.23217504997640118,0.5496938272779446,0.1144185657778564,nan
strong,2.0,learned,16,0,144,2.6437119102505163e-05,0.005718813157700757,0.8323762264364141,0.18815252034788107,0.18723915597850466,0.11350439657253553,nan
strong,2.0,learned_robust,16,0,144,2.342470278716748e-05,0.005312047956274881,0.8330476335694519,0.18903037244775006,0.18630094998969612,0.11350093616149397,nan
strong,2.0,plugin,1,1,240,6.638070001114641e-07,0.0009877984739168398,0.7978140006211085,0.23344647019352258,0.23354777414808361,0.09562626423642681,6.638076475067811e-07
strong,2.0,shrunk,1,1,240,6.638070001114641e-07,0.0009877984739168398,0.7978140006211085,0.23344647019352258,0.23354777414808361,0.09562626423642681,nan
strong,2.0,smoothed,1,1,240,8.237332117939459e-06,0.003823042410830966,0.792276315725497,0.22608918447122592,0.24095172902801087,0.09564871239224931,nan
strong,2.0,uniform,1,1,240,0.004876646281127893,0.10205577406303998,0.6444972487946347,0.0,0.47111283347883304,0.09633997139743694,nan
strong,2.0,persistence,1,1,240,0.00013882688962600642,0.01590770101443319,0.7947502330118386,0.2339205844268637,0.23772180181676053,0.0956287302586339,nan
strong,2.0,learned,1,1,240,6.135938714906113e-05,0.008887785576290433,0.7930606999440681,0.22897705589326656,0.2402934496368913,0.09563572420938776,nan
strong,2.0,learned_robust,1,1,240,6.161298563850439e-05,0.009009158409511735,0.7941467817590424,0.2306333503610156,0.23870130507676002,0.09562983831202274,nan
strong,2.0,plugin,2,1,228,1.7755256693615097e-06,0.0015776841459994291,0.7983132680415262,0.23328338208743465,0.23233688580985395,0.09863643260755803,1.7755307261941138e-06
strong,2.0,shrunk,2,1,228,1.7755256693615097e-06,0.0015776841459994291,0.7983132680415262,0.23328338208743465,0.23233688580985395,0.09863643260755803,nan
strong,2.0,smoothed,2,1,228,9.041944940883418e-06,0.003972883330916253,0.7928038787328973,0.22591285149886856,0.23964217420432993,0.09865938840293159,nan
strong,2.0,uniform,2,1,228,0.0048916262302487815,0.10135008354865832,0.6457458758127619,0.0,0.4668073329961366,0.09936467317772178,nan
strong,2.0,persistence,2,1,228,0.0004972004256926291,0.030440258514628865,0.7858370535776448,0.2311055463345058,0.24981071757879517,0.098658683435348,nan
strong,2.0,learned,2,1,228,5.3768590113302615e-05,0.008216347993066756,0.7944050763417901,0.22948610491526136,0.23776375232966043,0.09864401077619764,nan
strong,2.0,learned_robust,2,1,228,5.3887503103526214e-05,0.00829774744177335,0.7955204032439435,0.23119733726723998,0.23614922562361107,0.09863794155609013,nan
strong,2.0,plugin,4,1,216,2.9080977794512283e-06,0.001975683899935218,0.800817627341596,0.22974539498220692,0.22836434140872333,0.10191528536048361,2.908110382728209e-06
strong,2.0,shrunk,4,1,216,2.9080977794512283e-06,0.001975683899935218,0.800817627341596,0.22974539498220692,0.22836434140872333,0.10191528536048361,nan
strong,2.0,smoothed,4,1,216,1.0032863323883414e-05,0.004096269019853195,0.7953838500514158,0.22237827755806142,0.2354782470289832,0.10193842382905538,nan
strong,2.0,uniform,4,1,216,0.00479879468517807,0.09917762022391831,0.6509624711799005,0.0,0.45524565394484945,0.10264744283649806,nan
strong,2.0,persistence,4,1,216,0.0016573804851931634,0.05677218718848946,0.7627686593621119,0.22522990877981927,0.28186059863273283,0.10200682670417237,nan
strong,2.0,learned,4,1,216,4.014342418998889e-05,0.007086901271742897,0.7987774165577699,0.22773859429458693,0.2309766226383483,0.10191863472612431,nan
strong,2.0,learned_robust,4,1,216,4.006790965535938e-05,0.007124382102252532,0.7998647097192667,0.2293817914315607,0.22941933783311394,0.10191252176284753,nan
strong,2.0,plugin,8,1,192,3.2460897764294977e-06,0.0021201305965775703,0.8127649873661257,0.2141368705701515,0.21146588837313293,0.10843456333021347,3.2460948571863447e-06
strong,2.0,shrunk,8,1,192,3.2460897764294977e-06,0.0021201305965775703,0.8127649873661257,0.2141368705701515,0.21146588837313293,0.10843456333021347,nan
strong,2.0,smoothed,8,1,192,9.755291457221385e-06,0.0040008359323534986,0.8076066364337039,0.20707337149159163,0.21803657730665857,0.10845661657814303,nan
strong,2.0,uniform,8,1,192,0.004194374594744568,0.09044670223399691,0.6708571542233678,0.0,0.4163620248938759,0.10912077438555882,nan
strong,2.0,persistence,8,1,192,0.004611224627289943,0.09983239226403164,0.6989472041558482,0.21460048328965878,0.3630212256117134,0.10873829680543663,nan
strong,2.0,learned,8,1,192,2.22788667531409e-05,0.00562609694047479,0.8128258285731457,0.21455429477260055,0.21121669508517127,0.10843014829315926,nan
strong,2.0,learned_robust,8,1,192,2.1697347482492354e-05,0.0055567623786898016,0.8138156912586113,0.21604855606376602,0.20985661775253617,0.10842455857810268,nan
strong,2.0,plugin,16,1,144,1.6001303112495808e-05,0.0044107292681431305,0.8333188248838016,0.18937184302384066,0.18598152531334808,0.11350251335426462,1.600130963076322e-05
strong,2.0,shrunk,16,1,144,1.6001303112495808e-05,0.0044107292681431305,0.8333188248838016,0.18937184302384066,0.18598152531334808,0.11350251335426462,nan
strong,2.0,smoothed,16,1,144,1.9580158982733366e-05,0.005531298950549389,0.8287756438248901,0.18339509918252603,0.19164314129115934,0.11351931389012695,nan
strong,2.0,uniform,16,1,144,0.0034298921868332046,0.07803515060321732,0.705505047151115,0.0,0.3613191877089655,0.11404360715965765,nan
strong,2.0,persistence,16,1,144,0.012210957092454157,0.17177996018659775,0.5770045025746019,0.23217504997640118,0.5496938272779446,0.1144185657778564,nan
strong,2.0,learned,16,1,144,2.313885231889958e-05,0.0058372570818665615,0.8320784942432888,0.1868813612266636,0.18757788981256363,0.11350699556459995,nan
strong,2.0,learned_robust,16,1,144,2.0507765678766388e-05,0.0054887078749894175,0.8330537475302393,0.18833904540318402,0.18624006404885618,0.11350218603666978,nan
strong,2.0,plugin,1,2,240,6.638070001114641e-07,0.0009877984739168398,0.7978140006211085,0.23344647019352258,0.23354777414808361,0.09562626423642681,6.638076475067811e-07
strong,2.0,shrunk,1,2,240,6.638070001114641e-07,0.0009877984739168398,0.7978140006211085,0.23344647019352258,0.23354777414808361,0.09562626423642681,nan
strong,2.0,smoothed,1,2,240,8.237332117939459e-06,0.003823042410830966,0.792276315725497,0.22608918447122592,0.24095172902801087,0.09564871239224931,nan
strong,2.0,uniform,1,2,240,0.004876646281127893,0.10205577406303998,0.6444972487946347,0.0,0.47111283347883304,0.09633997139743694,nan
strong,2.0,persistence,1,2,240,0.00013882688962600642,0.01590770101443319,0.7947502330118386,0.2339205844268637,0.23772180181676053,0.0956287302586339,nan
strong,2.0,learned,1,2,240,4.3451813425630924e-05,0.007256802632926772,0.794286776575666,0.23040890428206945,0.23842460050598252,0.09563378752427748,nan
strong,2.0,learned_robust,1,2,240,4.4604571377401354e-05,0.007386330643249794,0.7947782629586982,0.2311402796079338,0.23761354945732538,0.09562965668237067,nan
strong,2.0,plugin,2,2,228,1.7755256693615097e-06,0.0015776841459994291,0.7983132680415262,0.23328338208743465,0.23233688580985395,0.09863643260755803,1.7755307261941138e-06
strong,2.0,shrunk,2,2,228,1.7755256693615097e-06,0.0015776841459994291,0.7983132680415262,0.23328338208743465,0.23233688580985395,0.09863643260755803,nan
strong,2.0,smoothed,2,2,228,9.041944940883418e-06,0.003972883330916253,0.7928038787328973,0.22591285149886856,0.23964217420432993,0.09865938840293159,nan
strong,2.0,uniform,2,2,228,0.0048916262302487815,0.10135008354865832,0.6457458758127619,0.0,0.4668073329961366,0.09936467317772178,nan
strong,2.0,persistence,2,2,228,0.0004972004256926291,0.030440258514628865,0.7858370535776448,0.2311055463345058,0.24981071757879517,0.098658683435348,nan
strong,2.0,learned,2,2,228,3.680714020352258e-05,0.006614607735562658,0.795473667462322,0.2308811788595701,0.2361559777397078,0.09864232660237006,nan
strong,2.0,learned_robust,2,2,228,3.745905546838224e-05,0.006696201926358211,0.7960663363205142,0.23174543615770538,0.2352234215209102,0.09863795008183814,nan
strong,2.0,plugin,4,2,216,2.9080977794512283e-06,0.001975683899935218,0.800817627341596,0.22974539498220692,0.22836434140872333,0.10191528536048361,2.908110382728209e-06
strong,2.0,shrunk,4,2,216,2.9080977794512283e-06,0.001975683899935218,0.800817627341596,0.22974539498220692,0.22836434140872333,0.10191528536048361,nan
strong,2.0,smoothed,4,2,216,1.0032863323883414e-05,0.004096269019853195,0.7953838500514158,0.22237827755806142,0.2354782470289832,0.10193842382905538,nan
strong,2.0,uniform,4,2,216,0.00479879468517807,0.09917762022391831,0.6509624711799005,0.0,0.45524565394484945,0.10264744283649806,nan
strong,2.0,persistence,4,2,216,0.0016573804851931634,0.05677218718848946,0.7627686593621119,0.22522990877981927,0.28186059863273283,0.10200682670417237,nan
strong,2.0,learned,4,2,216,2.6655905320333018e-05,0.005678968214937335,0.7993281660175505,0.22860805981231064,0.23015523176347627,0.1019180672356838,nan
strong,2.0,learned_robust,4,2,216,2.6864742216524253e-05,0.005663192973552068,0.799991308208019,0.2295372398368962,0.22913018067692367,0.10191339460835902,nan
strong,2.0,plugin,8,2,192,3.2460897764294977e-06,0.0021201305965775703,0.8127649873661257,0.2141368705701515,0.21146588837313293,0.10843456333021347,3.2460948571863447e-06
strong,2.0,shrunk,8,2,192,3.2460897764294977e-06,0.0021201305965775703,0.8127649873661257,0.2141368705701515,0.21146588837313293,0.10843456333021347,nan
strong,2.0,smoothed,8,2,192,9.755291457221385e-06,0.0040008359323534986,0.8076066364337039,0.20707337149159163,0.21803657730665857,0.10845661657814303,nan
strong,2.0,uniform,8,2,192,0.004194374594744568,0.09044670223399691,0.6708571542233678,0.0,0.4163620248938759,0.10912077438555882,nan
strong,2.0,persistence,8,2,192,0.004611224627289943,0.09983239226403164,0.6989472041558482,0.21460048328965878,0.3630212256117134,0.10873829680543663,nan
strong,2.0,learned,8,2,192,1.701174373078378e-05,0.004800906640990125,0.8124507997127614,0.21416090627476547,0.21175104926416818,0.10843257323495754,nan
strong,2.0,learned_robust,8,2,192,1.6959081104426833e-05,0.004676058098907729,0.813103055676183,0.21516892058772683,0.2108135672932866,0.10842798382730778,nan
strong,2.0,plugin,16,2,144,1.6001303112495808e-05,0.0044107292681431305,0.8333188248838016,0.18937184302384066,0.18598152531334808,0.11350251335426462,1.600130963076322e-05
strong,2.0,shrunk,16,2,144,1.6001303112495808e-05,0.0044107292681431305,0.8333188248838016,0.18937184302384066,0.18598152531334808,0.11350251335426462,nan
strong,2.0,smoothed,16,2,144,1.9580158982733366e-05,0.005531298950549389,0.8287756438248901,0.18339509918252603,0.19164314129115934,0.11351931389012695,nan
strong,2.0,uniform,16,2,144,0.0034298921868332046,0.07803515060321732,0.705505047151115,0.0,0.3613191877089655,0.11404360715965765,nan
strong,2.0,persistence,16,2,144,0.012210957092454157,0.17177996018659775,0.5770045025746019,0.23217504997640118,0.5496938272779446,0.1144185657778564,nan
strong,2.0,learned,16,2,144,2.4342302919038345e-05,0.0058192778247930345,0.8318089423207725,0.18704100563172427,0.18795730667334454,0.113506723710126,nan
strong,2.0,learned_robust,16,2,144,2.2063198174736287e-05,0.005446373576655148,0.8322685521208213,0.18767517494150587,0.1872794560162421,0.11350395673725384,nan
strong,4.0,plugin,1,0,240,3.0105813369272576e-06,0.0009877984739168411,0.8921569609421288,0.3503295417496665,0.11599112023098734,0.09527243265928108,3.0087333147608004e-06
strong,4.0,shrunk,1,0,240,3.0105813369272576e-06,0.0009877984739168411,0.8921569609421288,0.3503295417496665,0.11599112023098734,0.09527243265928108,nan
strong,4.0,smoothed,1,0,240,3.738769913148125e-05,0.0038230424108309704,0.8824533791985537,0.33922171503690923,0.12724958061433972,0.09530605005891675,nan
strong,4.0,uniform,1,0,240,0.02119681839083425,0.10205577406303998,0.6444972487946347,0.0,0.47111283347883304,0.09633997139743694,nan
strong,4.0,persistence,1,0,240,0.000623705830339182,0.01590770101443319,0.8811201230864363,0.3508662055621983,0.12915604562469174,0.09527670726655563,nan
strong,4.0,learned,1,0,240,0.000233239775559931,0.008128212697663088,0.8833987069290609,0.3453759423896025,0.1264672746797774,0.09528335558148218,nan
strong,4.0,learned_robust,1,0,240,0.00023950410381146602,0.008271240933776866,0.8849255527200008,0.3471568024663891,0.12461516955041846,0.09527547522340672,nan
strong,4.0,plugin,2,0,228,8.073888753677144e-06,0.0015776841459994304,0.8921923334807382,0.35056265653374213,0.11580213297033842,0.09827455066377953,8.061417152221538e-06
strong,4.0,shrunk,2,0,228,8.073888753677144e-06,0.0015776841459994304,0.8921923334807382,0.35056265653374213,0.11580213297033842,0.09827455066377953,nan
strong,4.0,smoothed,2,0,228,4.123160511613484e-05,0.003972883330916259,0.8825878051788646,0.33939669284224006,0.12690263756487752,0.09830898890345773,nan
strong,4.0,uniform,2,0,228,0.021376993038202764,0.10135008354865832,0.6457458758127619,0.0,0.4668073329961366,0.09936467317772178,nan
strong,4.0,persistence,2,0,228,0.0022481757777428925,0.03044025851462886,0.8548672867688891,0.3467891454081593,0.1611405194205377,0.0983090555596458,nan
strong,4.0,learned,2,0,228,0.00019970820932688888,0.007445867695347727,0.8852300038066834,0.3465056736870627,0.12402750795926548,0.09828262608609484,nan
strong,4.0,learned_robust,2,0,228,0.00020462015626984443,0.007555457884812255,0.8869008334642713,0.3484422945785305,0.1220226695393844,0.09827430185300083,nan
strong,4.0,plugin,4,0,216,1.3305104393259962e-05,0.0019756838999352233,0.8927654979974973,0.34593918463378126,0.1149515473513669,0.1015501403667191,1.3261902852436919e-05
strong,4.0,shrunk,4,0,216,1.3305104393259962e-05,0.0019756838999352233,0.8927654979974973,0.34593918463378126,0.1149515473513669,0.1015501403667191,nan
strong,4.0,smoothed,4,0,216,4.5979831474800024e-05,0.0040962690198531986,0.8833965333742063,0.3347184007473691,0.1257247145298406,0.10158495071219752,nan
strong,4.0,uniform,4,0,216,0.021177241009088563,0.09917762022391831,0.6509624711799005,0.0,0.45524565394484945,0.10264744283649806,nan
strong,4.0,persistence,4,0,216,0.0076247488451474076,0.056772187188489455,0.7886700647984942,0.3378034568447377,0.2426837921643953,0.10168967152607061,nan
strong,4.0,learned,4,0,216,0.0001478072882936629,0.006456254438608144,0.8890963745978774,0.3443269483512222,0.11908155509775707,0.1015521465845693,nan
strong,4.0,learned_robust,4,0,216,0.00015093760794893725,0.006507729012459738,0.8908829626459217,0.3463721867835056,0.11695123674280668,0.10154336289980845,nan
strong,4.0,plugin,8,0,192,1.4801626587593203e-05,0.0021201305965775786,0.8986419587980375,0.32363765247142257,0.10790436577521123,0.10808872080199254,1.4810967566747477e-05
strong,4.0,shrunk,8,0,192,1.4801626587593203e-05,0.0021201305965775786,0.8986419587980375,0.32363765247142257,0.10790436577521123,0.10808872080199254,nan
strong,4.0,smoothed,8,0,192,4.4741358929019946e-05,0.0040008359323535,0.8898492822200298,0.31279779662750734,0.1178844130716687,0.10812215551127007,nan
strong,4.0,uniform,8,0,192,0.019009319922736488,0.09044670223399691,0.6708571542233678,0.0,0.4163620248938759,0.10912077438555882,nan
strong,4.0,persistence,8,0,192,0.021925095313829857,0.09983239226403162,0.6726871340980827,0.3210021062226012,0.3949453305106865,0.10854873793676546,nan
strong,4.0,learned,8,0,192,9.079798187539186e-05,0.005278053954706388,0.898221570810648,0.3253301805223365,0.10822066832062031,0.10808001601189027,nan
strong,4.0,learned_robust,8,0,192,9.108099711349453e-05,0.005190665955469229,0.8999919117277999,0.32745950355014947,0.10615305847254623,0.10807121684258551,nan
strong,4.0,plugin,16,0,144,7.114917281037202e-05,0.004410729268143124,0.9066845104842256,0.28718825597794334,0.09912840201257696,0.11322611027817614,7.2197898710112e-05
strong,4.0,shrunk,16,0,144,7.114917281037202e-05,0.004410729268143124,0.9066845104842256,0.28718825597794334,0.09912840201257696,0.11322611027817614,nan
strong,4.0,smoothed,16,0,144,8.744174260475145e-05,0.005531298950549386,0.8994956160413877,0.27801196461872935,0.10726094207962117,0.11325170689737801,nan
strong,4.0,uniform,16,0,144,0.01588337505303136,0.07803515060321732,0.705505047151115,0.0,0.3613191877089655,0.11404360715965765,nan
strong,4.0,persistence,16,0,144,0.0564320111478208,0.17177996018659775,0.5174499020658635,0.3459038174354797,0.654843785314974,0.1146007574801081,nan
strong,4.0,learned,16,0,144,0.000124627925645752,0.006089125893833332,0.9038765411159382,0.2845842390092005,0.10241235819566792,0.11323052339603004,nan
strong,4.0,learned_robust,16,0,144,0.00011370590850652562,0.005693683662687299,0.9057109107750857,0.2864701951290398,0.10027688062472574,0.11322317328308129,nan
strong,4.0,plugin,1,1,240,3.0105813369272576e-06,0.0009877984739168411,0.8921569609421288,0.3503295417496665,0.11599112023098734,0.09527243265928108,3.0087333147608004e-06
strong,4.0,shrunk,1,1,240,3.0105813369272576e-06,0.0009877984739168411,0.8921569609421288,0.3503295417496665,0.11599112023098734,0.09527243265928108,nan
strong,4.0,smoothed,1,1,240,3.738769913148125e-05,0.0038230424108309704,0.8824533791985537,0.33922171503690923,0.12724958061433972,0.09530605005891675,nan
strong,4.0,uniform,1,1,240,0.02119681839083425,0.10205577406303998,0.6444972487946347,0.0,0.47111283347883304,0.09633997139743694,nan
strong,4.0,persistence,1,1,240,0.000623705830339182,0.01590770101443319,0.8811201230864363,0.3508662055621983,0.12915604562469174,0.09527670726655563,nan
strong,4.0,learned,1,1,240,0.0002213924874273678,0.008072714649507819,0.8817347125402613,0.3423487317646913,0.12837442436189594,0.09529097489490686,nan
strong,4.0,learned_robust,1,1,240,0.00021862039224472644,0.00803104630881796,0.882899178884328,0.3436747693145573,0.12690723249878946,0.09528477471390347,nan
strong,4.0,plugin,2,1,228,8.073888753677144e-06,0.0015776841459994304,0.8921923334807382,0.35056265653374213,0.11580213297033842,0.09827455066377953,8.061417152221538e-06
strong,4.0,shrunk,2,1,228,8.073888753677144e-06,0.0015776841459994304,0.8921923334807382,0.35056265653374213,0.11580213297033842,0.09827455066377953,nan
strong,4.0,smoothed,2,1,228,4.123160511613484e-05,0.003972883330916259,0.8825878051788646,0.33939669284224006,0.12690263756487752,0.09830898890345773,nan
strong,4.0,uniform,2,1,228,0.021376993038202764,0.10135008354865832,0.6457458758127619,0.0,0.4668073329961366,0.09936467317772178,nan
strong,4.0,persistence,2,1,228,0.0022481757777428925,0.03044025851462886,0.8548672867688891,0.3467891454081593,0.1611405194205377,0.0983090555596458,nan
strong,4.0,learned,2,1,228,0.00018962447834900304,0.007391030629245196,0.8833923173322754,0.34338512538225885,0.1261510844414341,0.09829083232425362,nan
strong,4.0,learned_robust,2,1,228,0.00018609817232052,0.007324134282245883,0.8846488812810079,0.3448336901195118,0.12459475916262279,0.09828434871904027,nan
strong,4.0,plugin,4,1,216,1.3305104393259962e-05,0.0019756838999352233,0.8927654979974973,0.34593918463378126,0.1149515473513669,0.1015501403667191,1.3261902852436919e-05
strong,4.0,shrunk,4,1,216,1.3305104393259962e-05,0.0019756838999352233,0.8927654979974973,0.34593918463378126,0.1149515473513669,0.1015501403667191,nan
strong,4.0,smoothed,4,1,216,4.5979831474800024e-05,0.0040962690198531986,0.8833965333742063,0.3347184007473691,0.1257247145298406,0.10158495071219752,nan
strong,4.0,uniform,4,1,216,0.021177241009088563,0.09917762022391831,0.6509624711799005,0.0,0.45524565394484945,0.10264744283649806,nan
strong,4.0,persistence,4,1,216,0.0076247488451474076,0.056772187188489455,0.7886700647984942,0.3378034568447377,0.2426837921643953,0.10168967152607061,nan
strong,4.0,learned,4,1,216,0.0001413317700355489,0.006400392827557297,0.8870912884025633,0.3410147575996686,0.12138425372270788,0.10156111741909131,nan
strong,4.0,learned_robust,4,1,216,0.0001375771478073305,0.006301818177570777,0.8883505199915386,0.3424659558721506,0.11983843488203912,0.10155445033506315,nan
strong,4.0,plugin,8,1,192,1.4801626587593203e-05,0.0021201305965775786,0.8986419587980375,0.32363765247142257,0.10790436577521123,0.10808872080199254,1.4810967566747477e-05
strong,4.0,shrunk,8,1,192,1.4801626587593203e-05,0.0021201305965775786,0.8986419587980375,0.32363765247142257,0.10790436577521123,0.10808872080199254,nan
strong,4.0,smoothed,8,1,192,4.4741358929019946e-05,0.0040008359323535,0.8898492822200298,0.31279779662750734,0.1178844130716687,0.10812215551127007,nan
strong,4.0,uniform,8,1,192,0.019009319922736488,0.09044670223399691,0.6708571542233678,0.0,0.4163620248938759,0.10912077438555882,nan
strong,4.0,persistence,8,1,192,0.021925095313829857,0.09983239226403162,0.6726871340980827,0.3210021062226012,0.3949453305106865,0.10854873793676546,nan
strong,4.0,learned,8,1,192,8.701891384535708e-05,0.005339801440560575,0.8963681235221374,0.32181867721242896,0.1102648794727561,0.10809009507081913,nan
strong,4.0,learned_robust,8,1,192,8.24852586728293e-05,0.005134524847125103,0.8975534749027493,0.3232024922450119,0.10884931348164362,0.1080838819817243,nan
strong,4.0,plugin,16,1,144,7.114917281037202e-05,0.004410729268143124,0.9066845104842256,0.28718825597794334,0.09912840201257696,0.11322611027817614,7.2197898710112e-05
strong,4.0,shrunk,16,1,144,7.114917281037202e-05,0.004410729268143124,0.9066845104842256,0.28718825597794334,0.09912840201257696,0.11322611027817614,nan
strong,4.0,smoothed,16,1,144,8.744174260475145e-05,0.005531298950549386,0.8994956160413877,0.27801196461872935,0.10726094207962117,0.11325170689737801,nan
strong,4.0,uniform,16,1,144,0.01588337505303136,0.07803515060321732,0.705505047151115,0.0,0.3613191877089655,0.11404360715965765,nan
strong,4.0,persistence,16,1,144,0.0564320111478208,0.17177996018659775,0.5174499020658635,0.3459038174354797,0.654843785314974,0.1146007574801081,nan
strong,4.0,learned,16,1,144,0.0001067024031089222,0.005992209871112415,0.9038204664693011,0.2817635592362777,0.10234036415865615,0.11323739780043164,nan
strong,4.0,learned_robust,16,1,144,9.536524373586563e-05,0.005564831655503463,0.9050069166987181,0.28301455306872814,0.10092481849603635,0.11323247666779686,nan
strong,4.0,plugin,1,2,240,3.0105813369272576e-06,0.0009877984739168411,0.8921569609421288,0.3503295417496665,0.11599112023098734,0.09527243265928108,3.0087333147608004e-06
strong,4.0,shrunk,1,2,240,3.0105813369272576e-06,0.0009877984739168411,0.8921569609421288,0.3503295417496665,0.11599112023098734,0.09527243265928108,nan
strong,4.0,smoothed,1,2,240,3.738769913148125e-05,0.0038230424108309704,0.8824533791985537,0.33922171503690923,0.12724958061433972,0.09530605005891675,nan
strong,4.0,uniform,1,2,240,0.02119681839083425,0.10205577406303998,0.6444972487946347,0.0,0.47111283347883304,0.09633997139743694,nan
strong,4.0,persistence,1,2,240,0.000623705830339182,0.01590770101443319,0.8811201230864363,0.3508662055621983,0.12915604562469174,0.09527670726655563,nan
strong,4.0,learned,1,2,240,0.0001859597518880568,0.0073557386332421355,0.8850523677437935,0.3463656980706763,0.12458430242769912,0.09528392045836706,nan
strong,4.0,learned_robust,1,2,240,0.00020250448754692145,0.0076045826213593775,0.886099468925263,0.34776817596411136,0.12325120776966893,0.09527507800729193,nan
strong,4.0,plugin,2,2,228,8.073888753677144e-06,0.0015776841459994304,0.8921923334807382,0.35056265653374213,0.11580213297033842,0.09827455066377953,8.061417152221538e-06
strong,4.0,shrunk,2,2,228,8.073888753677144e-06,0.0015776841459994304,0.8921923334807382,0.35056265653374213,0.11580213297033842,0.09827455066377953,nan
strong,4.0,smoothed,2,2,228,4.123160511613484e-05,0.003972883330916259,0.8825878051788646,0.33939669284224006,0.12690263756487752,0.09830898890345773,nan
strong,4.0,uniform,2,2,228,0.021376993038202764,0.10135008354865832,0.6457458758127619,0.0,0.4668073329961366,0.09936467317772178,nan
strong,4.0,persistence,2,2,228,0.0022481757777428925,0.03044025851462886,0.8548672867688891,0.3467891454081593,0.1611405194205377,0.0983090555596458,nan
strong,4.0,learned,2,2,228,0.00015773287261350348,0.006734981279124388,0.8866442403927913,0.3472839401730298,0.12246548472013644,0.0982838617939839,nan
strong,4.0,learned_robust,2,2,228,0.00017027460317268478,0.006902363665821657,0.8879913735073979,0.34905052667753456,0.12079040458534909,0.0982743375529736,nan
strong,4.0,plugin,4,2,216,1.3305104393259962e-05,0.0019756838999352233,0.8927654979974973,0.34593918463378126,0.1149515473513669,0.1015501403667191,1.3261902852436919e-05
strong,4.0,shrunk,4,2,216,1.3305104393259962e-05,0.0019756838999352233,0.8927654979974973,0.34593918463378126,0.1149515473513669,0.1015501403667191,nan
strong,4.0,smoothed,4,2,216,4.5979831474800024e-05,0.0040962690198531986,0.8833965333742063,0.3347184007473691,0.1257247145298406,0.10158495071219752,nan
strong,4.0,uniform,4,2,216,0.021177241009088563,0.09917762022391831,0.6509624711799005,0.0,0.45524565394484945,0.10264744283649806,nan
strong,4.0,persistence,4,2,216,0.0076247488451474076,0.056772187188489455,0.7886700647984942,0.3378034568447377,0.2426837921643953,0.10168967152607061,nan
strong,4.0,learned,4,2,216,0.00011535013385446576,0.005859937498059287,0.889939232450856,0.3445276346626778,0.11824166348999471,0.10155484325954227,nan
strong,4.0,learned_robust,4,2,216,0.0001229982041843101,0.00588048783797417,0.8914582324466928,0.3464386530173813,0.11634921117325495,0.10154472146855038,nan
strong,4.0,plugin,8,2,192,1.4801626587593203e-05,0.0021201305965775786,0.8986419587980375,0.32363765247142257,0.10790436577521123,0.10808872080199254,1.4810967566747477e-05
strong,4.0,shrunk,8,2,192,1.4801626587593203e-05,0.0021201305965775786,0.8986419587980375,0.32363765247142257,0.10790436577521123,0.10808872080199254,nan
strong,4.0,smoothed,8,2,192,4.4741358929019946e-05,0.0040008359323535,0.8898492822200298,0.31279779662750734,0.1178844130716687,0.10812215551127007,nan
strong,4.0,uniform,8,2,192,0.019009319922736488,0.09044670223399691,0.6708571542233678,0.0,0.4163620248938759,0.10912077438555882,nan
strong,4.0,persistence,8,2,192,0.021925095313829857,0.09983239226403162,0.6726871340980827,0.3210021062226012,0.3949453305106865,0.10854873793676546,nan
strong,4.0,learned,8,2,192,7.483741616984632e-05,0.005060674707617887,0.8985756610149563,0.3245257812118651,0.10793794760559845,0.10808546023833333,nan
strong,4.0,learned_robust,8,2,192,7.749111068850537e-05,0.004895258485465276,0.8999931624747516,0.3263577314301739,0.10622489362490029,0.1080756056600236,nan
strong,4.0,plugin,16,2,144,7.114917281037202e-05,0.004410729268143124,0.9066845104842256,0.28718825597794334,0.09912840201257696,0.11322611027817614,7.2197898710112e-05
strong,4.0,shrunk,16,2,144,7.114917281037202e-05,0.004410729268143124,0.9066845104842256,0.28718825597794334,0.09912840201257696,0.11322611027817614,nan
strong,4.0,smoothed,16,2,144,8.744174260475145e-05,0.005531298950549386,0.8994956160413877,0.27801196461872935,0.10726094207962117,0.11325170689737801,nan
strong,4.0,uniform,16,2,144,0.01588337505303136,0.07803515060321732,0.705505047151115,0.0,0.3613191877089655,0.11404360715965765,nan
strong,4.0,persistence,16,2,144,0.0564320111478208,0.17177996018659775,0.5174499020658635,0.3459038174354797,0.654843785314974,0.1146007574801081,nan
strong,4.0,learned,16,2,144,0.00011287618865660594,0.006108388095576154,0.9055385558194643,0.28548876445793425,0.10054450358528116,0.11322951667200659,nan
strong,4.0,learned_robust,16,2,144,0.00010198980908924761,0.005558573121981805,0.9067228294664873,0.2861165868208806,0.09916817321921527,0.11322383294409304,nan
strong,8.0,plugin,1,0,240,8.236520306671714e-06,0.0009877984739168353,0.9446020099158704,0.4089121172251004,0.05745675069801338,0.09509627790031912,8.218542236933094e-06
strong,8.0,shrunk,1,0,240,8.236520306671714e-06,0.0009877984739168353,0.9446020099158704,0.4089121172251004,0.05745675069801338,0.09509627790031912,nan
strong,8.0,smoothed,1,0,240,0.00010273250815204249,0.003823042410830969,0.9319994359505136,0.3958998104477501,0.07107992989666549,0.09513547169085677,nan
strong,8.0,uniform,1,0,240,0.053236320070560644,0.10205577406303998,0.6444972487946347,0.0,0.47111283347883304,0.09633997139743694,nan
strong,8.0,persistence,1,0,240,0.0016983319462059345,0.01590770101443319,0.9194219863318775,0.40944171828024584,0.08536323119281351,0.09510159412575406,nan
strong,8.0,learned,1,0,240,0.0006267193302291992,0.008178769844847873,0.9297962997998721,0.4030863836015586,0.07400772791500376,0.09510961339913362,nan
strong,8.0,learned_robust,1,0,240,0.0006399540947902465,0.008251028725155913,0.931453453765004,0.40480311776208466,0.07217267473134588,0.095101764174999,nan
strong,8.0,plugin,2,0,228,2.2160404284359026e-05,0.0015776841459994326,0.9442515199083115,0.40945624503675526,0.05778720525715341,0.0980941949350113,2.2039102806807003e-05
strong,8.0,shrunk,2,0,228,2.2160404284359026e-05,0.0015776841459994326,0.9442515199083115,0.40945624503675526,0.05778720525715341,0.0980941949350113,nan
strong,8.0,smoothed,2,0,228,0.00011369129334078545,0.003972883330916256,0.9319038190164526,0.3963545273786842,0.07111369079061354,0.09813437908185502,nan
strong,8.0,uniform,2,0,228,0.05401257209313398,0.10135008354865832,0.6457458758127619,0.0,0.4668073329961366,0.09936467317772178,nan
strong,8.0,persistence,2,0,228,0.006192347465754091,0.03044025851462886,0.8730503324184009,0.404767988573768,0.13831974877568345,0.0981350956292044,nan
strong,8.0,learned,2,0,228,0.0005367859616599146,0.007476084615189468,0.932259375595908,0.40465728983108173,0.0711119508333896,0.09810424850757182,nan
strong,8.0,learned_robust,2,0,228,0.0005462201214784986,0.007521053522810835,0.9339823189258625,0.4065320354727715,0.06921997161329835,0.09809597199325992,nan
strong,8.0,plugin,4,0,216,3.6758008051837906e-05,0.0019756838999352233,0.9434829995004494,0.4044532596055653,0.05854525202526479,0.10136784159285436,3.633638637154244e-05
strong,8.0,shrunk,4,0,216,3.6758008051837906e-05,0.0019756838999352233,0.9434829995004494,0.4044532596055653,0.05854525202526479,0.10136784159285436,nan
strong,8.0,smoothed,4,0,216,0.00012731360646395137,0.004096269019853201,0.9316559779469487,0.391253450844771,0.07128966908251638,0.10140851569995589,nan
strong,8.0,uniform,4,0,216,0.05413581628700867,0.09917762022391831,0.6509624711799005,0.0,0.45524565394484945,0.10264744283649806,nan
strong,8.0,persistence,4,0,216,0.021254870507865935,0.05677218718848945,0.7863676944186587,0.3941812067553222,0.24363485582468558,0.10153191009239715,nan
strong,8.0,learned,4,0,216,0.0003981680430582423,0.006476426084483663,0.9362702341288688,0.4024970583384681,0.06641592206716386,0.10137087028396212,nan
strong,8.0,learned_robust,4,0,216,0.00040298229553522414,0.006469154956341673,0.9381120203917911,0.40447031559334556,0.06440178854605623,0.1013621481405105,nan
strong,8.0,plugin,8,0,192,4.0515365730402785e-05,0.0021201305965775786,0.9453021790352459,0.37907395710133035,0.05650288706098039,0.1079151469120793,4.0592941628355435e-05
strong,8.0,shrunk,8,0,192,4.0515365730402785e-05,0.0021201305965775786,0.9453021790352459,0.37907395710133035,0.05650288706098039,0.1079151469120793,nan
strong,8.0,smoothed,8,0,192,0.00012361203593590624,0.0040008359323535,0.9345387673668086,0.3662749320994363,0.06804333275261178,0.10795436615218779,nan
strong,8.0,uniform,8,0,192,0.05033121561138492,0.09044670223399691,0.6708571542233678,0.0,0.4163620248938759,0.10912077438555882,nan
strong,8.0,persistence,8,0,192,0.05961363348562374,0.09983239226403162,0.6566993895572418,0.37407544526960185,0.41795156515767756,0.1084544360604378,nan
strong,8.0,learned,8,0,192,0.0002466497397847778,0.005301803163359423,0.9426896548353662,0.3809970945778902,0.05924864155601578,0.10790596455828792,nan
strong,8.0,learned_robust,8,0,192,0.00024363880222967303,0.005160389889181889,0.9445401207372095,0.38303011006150167,0.0572456830593125,0.10789731031305039,nan
strong,8.0,plugin,16,0,144,0.00018717202423235312,0.004410729268143123,0.9442967331443946,0.3369467691595964,0.05782041818683243,0.11308643920770169,0.00019681139419304303
strong,8.0,shrunk,16,0,144,0.00018717202423235312,0.004410729268143123,0.9442967331443946,0.3369467691595964,0.05782041818683243,0.11308643920770169,nan
strong,8.0,smoothed,16,0,144,0.00023383816825975963,0.005531298950549388,0.9360027238812708,0.32610939039008247,0.06675163290975893,0.113116541769481,nan
strong,8.0,uniform,16,0,144,0.04330738044406236,0.07803515060321732,0.705505047151115,0.0,0.3613191877089655,0.11404360715965765,nan
strong,8.0,persistence,16,0,144,0.14276683221385145,0.17177996018659775,0.4904319987916826,0.40229583226685534,0.7077763552270571,0.1146906090573893,nan
strong,8.0,learned,16,0,144,0.0003284762929287241,0.006139587492043063,0.9392155597820329,0.3338471136774117,0.06339963692178864,0.11309220977436343,nan
strong,8.0,learned_robust,16,0,144,0.00029846681555116317,0.005746876096344462,0.9414100208420333,0.3357545921152332,0.06099259325835235,0.11308442916662703,nan
strong,8.0,plugin,1,1,240,8.236520306671714e-06,0.0009877984739168353,0.9446020099158704,0.4089121172251004,0.05745675069801338,0.09509627790031912,8.218542236933094e-06
strong,8.0,shrunk,1,1,240,8.236520306671714e-06,0.0009877984739168353,0.9446020099158704,0.4089121172251004,0.05745675069801338,0.09509627790031912,nan
strong,8.0,smoothed,1,1,240,0.00010273250815204249,0.003823042410830969,0.9319994359505136,0.3958998104477501,0.07107992989666549,0.09513547169085677,nan
strong,8.0,uniform,1,1,240,0.053236320070560644,0.10205577406303998,0.6444972487946347,0.0,0.47111283347883304,0.09633997139743694,nan
strong,8.0,persistence,1,1,240,0.0016983319462059345,0.01590770101443319,0.9194219863318775,0.40944171828024584,0.08536323119281351,0.09510159412575406,nan
strong,8.0,learned,1,1,240,0.0006839298035871707,0.008841611927938236,0.9279384231746943,0.4011389736207065,0.07605151463373885,0.09511309416233124,nan
strong,8.0,learned_robust,1,1,240,0.0006895163647027756,0.008909224397259512,0.929415734449999,0.40274997633123283,0.074390396709884,0.09510603006046535,nan
strong,8.0,plugin,2,1,228,2.2160404284359026e-05,0.0015776841459994326,0.9442515199083115,0.40945624503675526,0.05778720525715341,0.0980941949350113,2.2039102806807003e-05
strong,8.0,shrunk,2,1,228,2.2160404284359026e-05,0.0015776841459994326,0.9442515199083115,0.40945624503675526,0.05778720525715341,0.0980941949350113,nan
strong,8.0,smoothed,2,1,228,0.00011369129334078545,0.003972883330916256,0.9319038190164526,0.3963545273786842,0.07111369079061354,0.09813437908185502,nan
strong,8.0,uniform,2,1,228,0.05401257209313398,0.10135008354865832,0.6457458758127619,0.0,0.4668073329961366,0.09936467317772178,nan
strong,8.0,persistence,2,1,228,0.006192347465754091,0.03044025851462886,0.8730503324184009,0.404767988573768,0.13831974877568345,0.0981350956292044,nan
strong,8.0,learned,2,1,228,0.0005892745400107405,0.00811525569975474,0.9303084998868413,0.4025752915438301,0.0732430598448258,0.09810809240987632,nan
strong,8.0,learned_robust,2,1,228,0.0005916020625371003,0.008171048258447925,0.9318637101927183,0.40433463480421716,0.07151366447014838,0.09810071382254404,nan
strong,8.0,plugin,4,1,216,3.6758008051837906e-05,0.0019756838999352233,0.9434829995004494,0.4044532596055653,0.05854525202526479,0.10136784159285436,3.633638637154244e-05
strong,8.0,shrunk,4,1,216,3.6758008051837906e-05,0.0019756838999352233,0.9434829995004494,0.4044532596055653,0.05854525202526479,0.10136784159285436,nan
strong,8.0,smoothed,4,1,216,0.00012731360646395137,0.004096269019853201,0.9316559779469487,0.391253450844771,0.07128966908251638,0.10140851569995589,nan
strong,8.0,uniform,4,1,216,0.05413581628700867,0.09917762022391831,0.6509624711799005,0.0,0.45524565394484945,0.10264744283649806,nan
strong,8.0,persistence,4,1,216,0.021254870507865935,0.05677218718848945,0.7863676944186587,0.3941812067553222,0.24363485582468558,0.10153191009239715,nan
strong,8.0,learned,4,1,216,0.000442783554602984,0.007026884765802521,0.9343458874725376,0.4003424418888536,0.06848092539606405,0.10137489477998976,nan
strong,8.0,learned_robust,4,1,216,0.0004435245213952384,0.0070506647708342305,0.9359477488301666,0.40207701180924543,0.06670782859990787,0.10136734646287043,nan
strong,8.0,plugin,8,1,192,4.0515365730402785e-05,0.0021201305965775786,0.9453021790352459,0.37907395710133035,0.05650288706098039,0.1079151469120793,4.0592941628355435e-05
strong,8.0,shrunk,8,1,192,4.0515365730402785e-05,0.0021201305965775786,0.9453021790352459,0.37907395710133035,0.05650288706098039,0.1079151469120793,nan
strong,8.0,smoothed,8,1,192,0.00012361203593590624,0.0040008359323535,0.9345387673668086,0.3662749320994363,0.06804333275261178,0.10795436615218779,nan
strong,8.0,uniform,8,1,192,0.05033121561138492,0.09044670223399691,0.6708571542233678,0.0,0.4163620248938759,0.10912077438555882,nan
strong,8.0,persistence,8,1,192,0.05961363348562374,0.09983239226403162,0.6566993895572418,0.37407544526960185,0.41795156515767756,0.1084544360604378,nan
strong,8.0,learned,8,1,192,0.0002724874460664298,0.005818369772633748,0.9416187513925142,0.378986503791564,0.06033144481008638,0.10790970967719053,nan
strong,8.0,learned_robust,8,1,192,0.0002708325137782709,0.005754039522999298,0.9430444007935875,0.3805728947386788,0.058780653740703646,0.10790287108269873,nan
strong,8.0,plugin,16,1,144,0.00018717202423235312,0.004410729268143123,0.9442967331443946,0.3369467691595964,0.05782041818683243,0.11308643920770169,0.00019681139419304303
strong,8.0,shrunk,16,1,144,0.00018717202423235312,0.004410729268143123,0.9442967331443946,0.3369467691595964,0.05782041818683243,0.11308643920770169,nan
strong,8.0,smoothed,16,1,144,0.00023383816825975963,0.005531298950549388,0.9360027238812708,0.32610939039008247,0.06675163290975893,0.113116541769481,nan
strong,8.0,uniform,16,1,144,0.04330738044406236,0.07803515060321732,0.705505047151115,0.0,0.3613191877089655,0.11404360715965765,nan
strong,8.0,persistence,16,1,144,0.14276683221385145,0.17177996018659775,0.4904319987916826,0.40229583226685534,0.7077763552270571,0.1146906090573893,nan
strong,8.0,learned,16,1,144,0.0003045253693990036,0.006300088358494802,0.9402189495142227,0.3318745255586061,0.06218026815918744,0.1130959898560061,nan
strong,8.0,learned_robust,16,1,144,0.00028165415041972143,0.005980647233803002,0.9417513716203332,0.33317790749925863,0.06049257268862793,0.11309094406927109,nan
strong,8.0,plugin,1,2,240,8.236520306671714e-06,0.0009877984739168353,0.9446020099158704,0.4089121172251004,0.05745675069801338,0.09509627790031912,8.218542236933094e-06
strong,8.0,shrunk,1,2,240,8.236520306671714e-06,0.0009877984739168353,0.9446020099158704,0.4089121172251004,0.05745675069801338,0.09509627790031912,nan
strong,8.0,smoothed,1,2,240,0.00010273250815204249,0.003823042410830969,0.9319994359505136,0.3958998104477501,0.07107992989666549,0.09513547169085677,nan
strong,8.0,uniform,1,2,240,0.053236320070560644,0.10205577406303998,0.6444972487946347,0.0,0.47111283347883304,0.09633997139743694,nan
strong,8.0,persistence,1,2,240,0.0016983319462059345,0.01590770101443319,0.9194219863318775,0.40944171828024584,0.08536323119281351,0.09510159412575406,nan
strong,8.0,learned,1,2,240,0.00052308337729819,0.007388014333403596,0.9306617111770525,0.4010961266890408,0.07312950195808524,0.0951172087078431,nan
strong,8.0,learned_robust,1,2,240,0.0005381394655115747,0.007539433992521115,0.9326498162632466,0.4035460173009245,0.07091170708762758,0.0951068359467633,nan
strong,8.0,plugin,2,2,228,2.2160404284359026e-05,0.0015776841459994326,0.9442515199083115,0.40945624503675526,0.05778720525715341,0.0980941949350113,2.2039102806807003e-05
strong,8.0,shrunk,2,2,228,2.2160404284359026e-05,0.0015776841459994326,0.9442515199083115,0.40945624503675526,0.05778720525715341,0.0980941949350113,nan
strong,8.0,smoothed,2,2,228,0.00011369129334078545,0.003972883330916256,0.9319038190164526,0.3963545273786842,0.07111369079061354,0.09813437908185502,nan
strong,8.0,uniform,2,2,228,0.05401257209313398,0.10135008354865832,0.6457458758127619,0.0,0.4668073329961366,0.09936467317772178,nan
strong,8.0,persistence,2,2,228,0.006192347465754091,0.03044025851462886,0.8730503324184009,0.404767988573768,0.13831974877568345,0.0981350956292044,nan
strong,8.0,learned,2,2,228,0.000445234667276841,0.00669810403351181,0.9328840079991536,0.4026932504729408,0.0705223322305214,0.0981124998214848,nan
strong,8.0,learned_robust,2,2,228,0.00045535905176657563,0.006791096635855788,0.9350146420970703,0.40535814610737997,0.06816319968685362,0.09810162166056303,nan
strong,8.0,plugin,4,2,216,3.6758008051837906e-05,0.0019756838999352233,0.9434829995004494,0.4044532596055653,0.05854525202526479,0.10136784159285436,3.633638637154244e-05
strong,8.0,shrunk,4,2,216,3.6758008051837906e-05,0.0019756838999352233,0.9434829995004494,0.4044532596055653,0.05854525202526479,0.10136784159285436,nan
strong,8.0,smoothed,4,2,216,0.00012731360646395137,0.004096269019853201,0.9316559779469487,0.391253450844771,0.07128966908251638,0.10140851569995589,nan
strong,8.0,uniform,4,2,216,0.05413581628700867,0.09917762022391831,0.6509624711799005,0.0,0.45524565394484945,0.10264744283649806,nan
strong,8.0,persistence,4,2,216,0.021254870507865935,0.05677218718848945,0.7863676944186587,0.3941812067553222,0.24363485582468558,0.10153191009239715,nan
strong,8.0,learned,4,2,216,0.0003239539903211438,0.005737221257636122,0.936641492945846,0.40038520334280686,0.06612022334718784,0.10137972120157895,nan
strong,8.0,learned_robust,4,2,216,0.0003273099791621936,0.005745499066232028,0.9388772837544599,0.4031270437917565,0.06365585494324964,0.10136831663044926,nan
strong,8.0,plugin,8,2,192,4.0515365730402785e-05,0.0021201305965775786,0.9453021790352459,0.37907395710133035,0.05650288706098039,0.1079151469120793,4.0592941628355435e-05
strong,8.0,shrunk,8,2,192,4.0515365730402785e-05,0.0021201305965775786,0.9453021790352459,0.37907395710133035,0.05650288706098039,0.1079151469120793,nan
strong,8.0,smoothed,8,2,192,0.00012361203593590624,0.0040008359323535,0.9345387673668086,0.3662749320994363,0.06804333275261178,0.10795436615218779,nan
strong,8.0,uniform,8,2,192,0.05033121561138492,0.09044670223399691,0.6708571542233678,0.0,0.4163620248938759,0.10912077438555882,nan
strong,8.0,persistence,8,2,192,0.05961363348562374,0.09983239226403162,0.6566993895572418,0.37407544526960185,0.41795156515767756,0.1084544360604378,nan
strong,8.0,learned,8,2,192,0.00021193611854857948,0.004833572680612469,0.9431934527422148,0.3788568713908726,0.05880253813972844,0.10791545112255385,nan
strong,8.0,learned_robust,8,2,192,0.00020537801963987622,0.004713741126230007,0.9455243150761053,0.3817116408467367,0.05627364390991368,0.1079038767744479,nan
strong,8.0,plugin,16,2,144,0.00018717202423235312,0.004410729268143123,0.9442967331443946,0.3369467691595964,0.05782041818683243,0.11308643920770169,0.00019681139419304303
strong,8.0,shrunk,16,2,144,0.00018717202423235312,0.004410729268143123,0.9442967331443946,0.3369467691595964,0.05782041818683243,0.11308643920770169,nan
strong,8.0,smoothed,16,2,144,0.00023383816825975963,0.005531298950549388,0.9360027238812708,0.32610939039008247,0.06675163290975893,0.113116541769481,nan
strong,8.0,uniform,16,2,144,0.04330738044406236,0.07803515060321732,0.705505047151115,0.0,0.3613191877089655,0.11404360715965765,nan
strong,8.0,persistence,16,2,144,0.14276683221385145,0.17177996018659775,0.4904319987916826,0.40229583226685534,0.7077763552270571,0.1146906090573893,nan
strong,8.0,learned,16,2,144,0.0003012321553799713,0.005970076590839,0.9414459938611893,0.3330778788891521,0.0610088609984477,0.1130957454279557,nan
strong,8.0,learned_robust,16,2,144,0.0002677104862608438,0.0055733100386813296,0.9435708205550318,0.33497075140790955,0.05870155709636197,0.11308898085775379,nan
weak,0.0,plugin,8,0,192,0.001135133637954231,nan,0.0,16.0,16.0,0.12697559787944174,nan
weak,0.0,shrunk,8,0,192,0.001135133637954231,nan,0.0,16.0,16.0,0.12697559787944174,nan
weak,0.0,smoothed,8,0,192,0.0008899500339369735,nan,0.0,16.0,16.0,0.1270124194230124,nan
weak,0.0,uniform,8,0,192,0.15692291364193653,nan,0.6708571542233678,0.0,0.4163620248938759,0.10912077438555882,nan
weak,0.0,persistence,8,0,192,0.08014889963461083,nan,0.0,16.0,16.0,0.11679895379292848,nan
weak,0.0,learned,8,0,192,0.006380995685577665,nan,1.7866766013266513e-14,15.037077156109499,15.046221745474684,0.12646825569990572,nan
weak,0.0,learned_robust,8,0,192,0.004135661970419987,nan,1.4226788556983275e-18,15.082944318611979,15.086063391627201,0.12671524273664395,nan
weak,0.0,plugin,8,1,192,0.001135133637954231,nan,0.0,16.0,16.0,0.12697559787944174,nan
weak,0.0,shrunk,8,1,192,0.001135133637954231,nan,0.0,16.0,16.0,0.12697559787944174,nan
weak,0.0,smoothed,8,1,192,0.0008899500339369735,nan,0.0,16.0,16.0,0.1270124194230124,nan
weak,0.0,uniform,8,1,192,0.15692291364193653,nan,0.6708571542233678,0.0,0.4163620248938759,0.10912077438555882,nan
weak,0.0,persistence,8,1,192,0.08014889963461083,nan,0.0,16.0,16.0,0.11679895379292848,nan
weak,0.0,learned,8,1,192,0.0049484969660595545,nan,4.82277089438911e-18,15.23934559803832,15.24528632288731,0.12651285023178357,nan
weak,0.0,learned_robust,8,1,192,0.0029178988659694905,nan,9.90178934810721e-19,15.255038526491424,15.258160990013181,0.1267863916130125,nan
weak,0.0,plugin,8,2,192,0.001135133637954231,nan,0.0,16.0,16.0,0.12697559787944174,nan
weak,0.0,shrunk,8,2,192,0.001135133637954231,nan,0.0,16.0,16.0,0.12697559787944174,nan
weak,0.0,smoothed,8,2,192,0.0008899500339369735,nan,0.0,16.0,16.0,0.1270124194230124,nan
weak,0.0,uniform,8,2,192,0.15692291364193653,nan,0.6708571542233678,0.0,0.4163620248938759,0.10912077438555882,nan
weak,0.0,persistence,8,2,192,0.08014889963461083,nan,0.0,16.0,16.0,0.11679895379292848,nan
weak,0.0,learned,8,2,192,0.0029897921301598115,nan,2.2627467997288316e-15,14.997485731486782,15.004262848147201,0.12676613235757217,nan
weak,0.0,learned_robust,8,2,192,0.00210903633677036,nan,8.211997853971957e-18,15.031131459580223,15.041396422499966,0.12687325130474691,nan
weak,0.25,plugin,8,0,192,0.0010610092332383636,0.022552173110920438,0.2565970813516875,1.270242904002864,1.6754318208461907,0.11322463203783632,0.0010667966147027096
weak,0.25,shrunk,8,0,192,0.000983855950804708,0.02184138848205186,0.26708728399779685,1.2071182881918163,1.612284721525129,0.1130296383539056,nan
weak,0.25,smoothed,8,0,192,0.0009707358471207206,0.021480692162010744,0.26358998606724704,1.2306675871539459,1.636324425203487,0.11310150465596826,nan
weak,0.25,uniform,8,0,192,0.01745222945600903,0.09044670223399691,0.6708571542233678,0.0,0.4163620248938759,0.10912077438555882,nan
weak,0.25,persistence,8,0,192,0.020887879126294747,0.09983239226403162,0.2801809339241262,1.410749993467914,1.660623655566808,0.11139221224202255,nan
weak,0.25,learned,8,0,192,0.0009319450007390477,0.020995902284580734,0.24725253022566496,1.2882617802274134,1.6951782143726082,0.11325234093105097,nan
weak,0.25,learned_robust,8,0,192,7.775654366239347e-05,0.006090102361467471,0.26518095702672234,1.228951297547601,1.6346724470943281,0.11308460908452073,nan
weak,0.25,plugin,8,1,192,0.0010610092332383636,0.022552173110920438,0.2565970813516875,1.270242904002864,1.6754318208461907,0.11322463203783632,0.0010667966147027096
weak,0.25,shrunk,8,1,192,0.000983855950804708,0.02184138848205186,0.26708728399779685,1.2071182881918163,1.612284721525129,0.1130296383539056,nan
weak,0.25,smoothed,8,1,192,0.0009707358471207206,0.021480692162010744,0.26358998606724704,1.2306675871539459,1.636324425203487,0.11310150465596826,nan
weak,0.25,uniform,8,1,192,0.01745222945600903,0.09044670223399691,0.6708571542233678,0.0,0.4163620248938759,0.10912077438555882,nan
weak,0.25,persistence,8,1,192,0.020887879126294747,0.09983239226403162,0.2801809339241262,1.410749993467914,1.660623655566808,0.11139221224202255,nan
weak,0.25,learned,8,1,192,0.0007446785412374961,0.0187280573333222,0.256128274990464,1.2578652132644255,1.6648076639340121,0.11316690567542619,nan
weak,0.25,learned_robust,8,1,192,0.00011279443502283544,0.0073109252840597065,0.2663565735721075,1.222058933569453,1.627440134288393,0.11306541210762074,nan
weak,0.25,plugin,8,2,192,0.0010610092332383636,0.022552173110920438,0.2565970813516875,1.270242904002864,1.6754318208461907,0.11322463203783632,0.0010667966147027096
weak,0.25,shrunk,8,2,192,0.000983855950804708,0.02184138848205186,0.26708728399779685,1.2071182881918163,1.612284721525129,0.1130296383539056,nan
weak,0.25,smoothed,8,2,192,0.0009707358471207206,0.021480692162010744,0.26358998606724704,1.2306675871539459,1.636324425203487,0.11310150465596826,nan
weak,0.25,uniform,8,2,192,0.01745222945600903,0.09044670223399691,0.6708571542233678,0.0,0.4163620248938759,0.10912077438555882,nan
weak,0.25,persistence,8,2,192,0.020887879126294747,0.09983239226403162,0.2801809339241262,1.410749993467914,1.660623655566808,0.11139221224202255,nan
weak,0.25,learned,8,2,192,0.0008434243938393778,0.020278137612863446,0.25414639536563016,1.2530064683595545,1.6600388575560512,0.11315031441029755,nan
weak,0.25,learned_robust,8,2,192,9.576033484402606e-05,0.006769471914191839,0.2647132157640083,1.2141249121281186,1.6196208316111018,0.11303233513684781,nan
weak,0.5,plugin,8,0,192,0.00024676786774455346,0.022552173110920445,0.4672327740806261,0.4288049616314349,0.8350238105189193,0.11052349676685286,0.0002463275780093872
weak,0.5,shrunk,8,0,192,0.00022944072622701692,0.02184138848205186,0.47524510157776384,0.4076292717035561,0.8141060019185922,0.11045389314417568,nan
weak,0.5,smoothed,8,0,192,0.0002225143925221248,0.021480692162010744,0.4726817764172795,0.4148258570713003,0.8214543797010561,0.11047806432167266,nan
weak,0.5,uniform,8,0,192,0.004048873761548473,0.09044670223399691,0.6708571542233678,0.0,0.4163620248938759,0.10912077438555882,nan
weak,0.5,persistence,8,0,192,0.004534974257353024,0.09983239226403162,0.5023653495763405,0.44238921442936857,0.7551421185051943,0.10989340226272004,nan
weak,0.5,learned,8,0,192,0.00020846986946519187,0.020595810640409242,0.46238717822933134,0.4351753534180873,0.8421921179755376,0.11053369492356328,nan
weak,0.5,learned_robust,8,0,192,2.005432202009892e-05,0.006132970068121561,0.47409528462375494,0.4117364446503255,0.8175035717002578,0.11046708405583126,nan
weak,0.5,plugin,8,1,192,0.00024676786774455346,0.022552173110920445,0.4672327740806261,0.4288049616314349,0.8350238105189193,0.11052349676685286,0.0002463275780093872
weak,0.5,shrunk,8,1,192,0.00022944072622701692,0.02184138848205186,0.47524510157776384,0.4076292717035561,0.8141060019185922,0.11045389314417568,nan
weak,0.5,smoothed,8,1,192,0.0002225143925221248,0.021480692162010744,0.4726817764172795,0.4148258570713003,0.8214543797010561,0.11047806432167266,nan
weak,0.5,uniform,8,1,192,0.004048873761548473,0.09044670223399691,0.6708571542233678,0.0,0.4163620248938759,0.10912077438555882,nan
weak,0.5,persistence,8,1,192,0.004534974257353024,0.09983239226403162,0.5023653495763405,0.44238921442936857,0.7551421185051943,0.10989340226272004,nan
weak,0.5,learned,8,1,192,0.00016876394530150723,0.01867657575761543,0.4676472622939111,0.4238803982249422,0.8311006975770813,0.11050054301576412,nan
weak,0.5,learned_robust,8,1,192,2.486539379742703e-05,0.00690685001695594,0.47453130695851353,0.4106881438113518,0.8170907265797673,0.11046269145259029,nan
weak,0.5,plugin,8,2,192,0.00024676786774455346,0.022552173110920445,0.4672327740806261,0.4288049616314349,0.8350238105189193,0.11052349676685286,0.0002463275780093872
weak,0.5,shrunk,8,2,192,0.00022944072622701692,0.02184138848205186,0.47524510157776384,0.4076292717035561,0.8141060019185922,0.11045389314417568,nan
weak,0.5,smoothed,8,2,192,0.0002225143925221248,0.021480692162010744,0.4726817764172795,0.4148258570713003,0.8214543797010561,0.11047806432167266,nan
weak,0.5,uniform,8,2,192,0.004048873761548473,0.09044670223399691,0.6708571542233678,0.0,0.4163620248938759,0.10912077438555882,nan
weak,0.5,persistence,8,2,192,0.004534974257353024,0.09983239226403162,0.5023653495763405,0.44238921442936857,0.7551421185051943,0.10989340226272004,nan
weak,0.5,learned,8,2,192,0.00021086097073391304,0.02095213822782026,0.4661120044466966,0.42784771225319634,0.8347080918493944,0.11051322694721656,nan
weak,0.5,learned_robust,8,2,192,2.105961311409804e-05,0.006303098252960816,0.47245420526963416,0.4162887657258391,0.8224066806496181,0.11048023857933002,nan
weak,1.0,plugin,8,0,192,0.0,nan,0.6708571542233678,0.0,0.4163620248938759,0.10912077438555882,0.0
weak,1.0,shrunk,8,0,192,0.0,nan,0.6708571542233678,0.0,0.4163620248938759,0.10912077438555882,nan
weak,1.0,smoothed,8,0,192,0.0,nan,0.6708571542233678,0.0,0.4163620248938759,0.10912077438555882,nan
weak,1.0,uniform,8,0,192,0.0,nan,0.6708571542233678,0.0,0.4163620248938759,0.10912077438555882,nan
weak,1.0,persistence,8,0,192,0.0,nan,0.6708571542233678,0.0,0.4163620248938759,0.10912077438555882,nan
weak,1.0,learned,8,0,192,-1.9758551340204322e-09,nan,0.6708576109871757,8.499249793343553e-05,0.4163613374149928,0.109120776131523,nan
weak,1.0,learned_robust,8,0,192,-4.891465970694823e-09,nan,0.6708572250477677,8.326427337182253e-05,0.4163609292693433,0.10912077652719711,nan
weak,1.0,plugin,8,1,192,0.0,nan,0.6708571542233678,0.0,0.4163620248938759,0.10912077438555882,0.0
weak,1.0,shrunk,8,1,192,0.0,nan,0.6708571542233678,0.0,0.4163620248938759,0.10912077438555882,nan
weak,1.0,smoothed,8,1,192,0.0,nan,0.6708571542233678,0.0,0.4163620248938759,0.10912077438555882,nan
weak,1.0,uniform,8,1,192,0.0,nan,0.6708571542233678,0.0,0.4163620248938759,0.10912077438555882,nan
weak,1.0,persistence,8,1,192,0.0,nan,0.6708571542233678,0.0,0.4163620248938759,0.10912077438555882,nan
weak,1.0,learned,8,1,192,-3.781761705873299e-09,nan,0.6708504591472516,0.00017918087485902095,0.4163714347270417,0.10912080214539109,nan
weak,1.0,learned_robust,8,1,192,-2.84599037912725e-09,nan,0.6708441594338691,0.00017517432523421497,0.41638104974144835,0.10912081780126108,nan
weak,1.0,plugin,8,2,192,0.0,nan,0.6708571542233678,0.0,0.4163620248938759,0.10912077438555882,0.0
weak,1.0,shrunk,8,2,192,0.0,nan,0.6708571542233678,0.0,0.4163620248938759,0.10912077438555882,nan
weak,1.0,smoothed,8,2,192,0.0,nan,0.6708571542233678,0.0,0.4163620248938759,0.10912077438555882,nan
weak,1.0,uniform,8,2,192,0.0,nan,0.6708571542233678,0.0,0.4163620248938759,0.10912077438555882,nan
weak,1.0,persistence,8,2,192,0.0,nan,0.6708571542233678,0.0,0.4163620248938759,0.10912077438555882,nan
weak,1.0,learned,8,2,192,-4.140394519712894e-09,nan,0.6708527909384717,6.0093278455004004e-05,0.4163656118026772,0.10912078127139822,nan
weak,1.0,learned_robust,8,2,192,2.0586031467447383e-09,nan,0.6708515185335749,6.054807471109557e-05,0.4163682218001898,0.10912079098341947,nan
weak,2.0,plugin,8,0,192,0.00025106104609930586,0.022552173110920445,0.8159662043023511,0.22072285732695554,0.20846926956685538,0.10841309022391331,0.0002511174354230741
weak,2.0,shrunk,8,0,192,0.0002369048748164278,0.021841388482051863,0.8080045251617549,0.2095504553383816,0.21863491508114183,0.10844854838517548,nan
weak,2.0,smoothed,8,0,192,0.00022650339018584544,0.021480692162010744,0.8106346896758939,0.2129473603620146,0.21519414518206223,0.10843713482280369,nan
weak,2.0,uniform,8,0,192,0.004194374594744568,0.09044670223399691,0.6708571542233678,0.0,0.4163620248938759,0.10912077438555882,nan
weak,2.0,persistence,8,0,192,0.004611224627289943,0.09983239226403164,0.6989472041558482,0.21460048328965878,0.3630212256117134,0.10873829680543663,nan
weak,2.0,learned,8,0,192,0.00019355768705862168,0.019649179836418913,0.8186651146060567,0.22281786684946958,0.20560884137624139,0.10841198646742212,nan
weak,2.0,learned_robust,8,0,192,2.515113237677088e-05,0.006462216318329619,0.8150241226828957,0.2183953193811626,0.20858525239400352,0.1084193579451797,nan
weak,2.0,plugin,8,1,192,0.00025106104609930586,0.022552173110920445,0.8159662043023511,0.22072285732695554,0.20846926956685538,0.10841309022391331,0.0002511174354230741
weak,2.0,shrunk,8,1,192,0.0002369048748164278,0.021841388482051863,0.8080045251617549,0.2095504553383816,0.21863491508114183,0.10844854838517548,nan
weak,2.0,smoothed,8,1,192,0.00022650339018584544,0.021480692162010744,0.8106346896758939,0.2129473603620146,0.21519414518206223,0.10843713482280369,nan
weak,2.0,uniform,8,1,192,0.004194374594744568,0.09044670223399691,0.6708571542233678,0.0,0.4163620248938759,0.10912077438555882,nan
weak,2.0,persistence,8,1,192,0.004611224627289943,0.09983239226403164,0.6989472041558482,0.21460048328965878,0.3630212256117134,0.10873829680543663,nan
weak,2.0,learned,8,1,192,0.00018871523598780354,0.01958802425709974,0.8171547107237785,0.2203443956388711,0.20740923723948337,0.1084192290726818,nan
weak,2.0,learned_robust,8,1,192,2.725331818598647e-05,0.0066256864008893785,0.8132251074867858,0.21521550915218357,0.21091180296067527,0.1084275491901826,nan
weak,2.0,plugin,8,2,192,0.00025106104609930586,0.022552173110920445,0.8159662043023511,0.22072285732695554,0.20846926956685538,0.10841309022391331,0.0002511174354230741
weak,2.0,shrunk,8,2,192,0.0002369048748164278,0.021841388482051863,0.8080045251617549,0.2095504553383816,0.21863491508114183,0.10844854838517548,nan
weak,2.0,smoothed,8,2,192,0.00022650339018584544,0.021480692162010744,0.8106346896758939,0.2129473603620146,0.21519414518206223,0.10843713482280369,nan
weak,2.0,uniform,8,2,192,0.004194374594744568,0.09044670223399691,0.6708571542233678,0.0,0.4163620248938759,0.10912077438555882,nan
weak,2.0,persistence,8,2,192,0.004611224627289943,0.09983239226403164,0.6989472041558482,0.21460048328965878,0.3630212256117134,0.10873829680543663,nan
weak,2.0,learned,8,2,192,0.00018880306302060737,0.019310961634087794,0.816871217099123,0.22042629535044322,0.20773889420244793,0.10841802368173836,nan
weak,2.0,learned_robust,8,2,192,2.7215698947487266e-05,0.006644882194612896,0.8134527534946017,0.21626697855120133,0.2106709754307249,0.10842618386897669,nan
weak,4.0,plugin,8,0,192,0.0011364094154602909,0.022552173110920438,0.8896470123204435,0.33334321471917433,0.1194182179142093,0.10805813520473845,0.0011334466608685925
weak,4.0,shrunk,8,0,192,0.001076558641550605,0.02184138848205186,0.8812349709544947,0.31634238901865963,0.1292739600421684,0.10811141996728164,nan
weak,4.0,smoothed,8,0,192,0.0010272343682771218,0.021480692162010744,0.8855772211136882,0.3213985721304302,0.1242697092628461,0.10809454349083954,nan
weak,4.0,uniform,8,0,192,0.019009319922736488,0.09044670223399691,0.6708571542233678,0.0,0.4163620248938759,0.10912077438555882,nan
weak,4.0,persistence,8,0,192,0.021925095313829857,0.09983239226403162,0.6726871340980827,0.3210021062226012,0.3949453305106865,0.10854873793676546,nan
weak,4.0,learned,8,0,192,0.0008926458184406941,0.019924323132601625,0.8955619031470957,0.3367794635478951,0.11288688327490178,0.10805480146155723,nan
weak,4.0,learned_robust,8,0,192,0.00011955023702815704,0.006428881909717213,0.899411751228638,0.32803979177629833,0.10696914718388499,0.10807201131803168,nan
weak,4.0,plugin,8,1,192,0.0011364094154602909,0.022552173110920438,0.8896470123204435,0.33334321471917433,0.1194182179142093,0.10805813520473845,0.0011334466608685925
weak,4.0,shrunk,8,1,192,0.001076558641550605,0.02184138848205186,0.8812349709544947,0.31634238901865963,0.1292739600421684,0.10811141996728164,nan
weak,4.0,smoothed,8,1,192,0.0010272343682771218,0.021480692162010744,0.8855772211136882,0.3213985721304302,0.1242697092628461,0.10809454349083954,nan
weak,4.0,uniform,8,1,192,0.019009319922736488,0.09044670223399691,0.6708571542233678,0.0,0.4163620248938759,0.10912077438555882,nan
weak,4.0,persistence,8,1,192,0.021925095313829857,0.09983239226403162,0.6726871340980827,0.3210021062226012,0.3949453305106865,0.10854873793676546,nan
weak,4.0,learned,8,1,192,0.0008083693043426394,0.01910559191618606,0.8918661648521397,0.3284640796496642,0.11674957024970149,0.10807745891507692,nan
weak,4.0,learned_robust,8,1,192,0.00011899962478414787,0.006733561399152303,0.8951267404466229,0.3211218651927252,0.11175207833299418,0.10809077794074962,nan
weak,4.0,plugin,8,2,192,0.0011364094154602909,0.022552173110920438,0.8896470123204435,0.33334321471917433,0.1194182179142093,0.10805813520473845,0.0011334466608685925
weak,4.0,shrunk,8,2,192,0.001076558641550605,0.02184138848205186,0.8812349709544947,0.31634238901865963,0.1292739600421684,0.10811141996728164,nan
weak,4.0,smoothed,8,2,192,0.0010272343682771218,0.021480692162010744,0.8855772211136882,0.3213985721304302,0.1242697092628461,0.10809454349083954,nan
weak,4.0,uniform,8,2,192,0.019009319922736488,0.09044670223399691,0.6708571542233678,0.0,0.4163620248938759,0.10912077438555882,nan
weak,4.0,persistence,8,2,192,0.021925095313829857,0.09983239226403162,0.6726871340980827,0.3210021062226012,0.3949453305106865,0.10854873793676546,nan
weak,4.0,learned,8,2,192,0.0008851910920604089,0.019708382711851657,0.8930759341409567,0.33318422623629984,0.11565768546150429,0.10806576674423085,nan
weak,4.0,learned_robust,8,2,192,0.00012084451985007866,0.006443849860985597,0.8990721547872128,0.326723886433653,0.1075104998892809,0.10807658408150404,nan
weak,8.0,plugin,8,0,192,0.0031194513583305047,0.022552173110920445,0.9055183682688775,0.390302710353336,0.10049907559907532,0.10788042025740875,0.003090028716182611
weak,8.0,shrunk,8,0,192,0.002966417287486116,0.02184138848205186,0.902266394991566,0.3703152852206601,0.1044968937035325,0.10794263746835943,nan
weak,8.0,smoothed,8,0,192,0.0028297820737337117,0.021480692162010744,0.9058774811791949,0.3761926017257495,0.1003804936584004,0.10792309876505624,nan
weak,8.0,uniform,8,0,192,0.05033121561138492,0.09044670223399691,0.6708571542233678,0.0,0.4163620248938759,0.10912077438555882,nan
weak,8.0,persistence,8,0,192,0.05961363348562374,0.09983239226403162,0.6566993895572418,0.37407544526960185,0.41795156515767756,0.1084544360604378,nan
weak,8.0,learned,8,0,192,0.0024215077813052963,0.019942109609617883,0.9134292549741985,0.3941854054775549,0.09191795517959396,0.10787760477111696,nan
weak,8.0,learned_robust,8,0,192,0.00032850947600704974,0.0064919163931129245,0.9428829179202077,0.3840121464899047,0.05905273057080143,0.10789585515709038,nan
weak,8.0,plugin,8,1,192,0.0031194513583305047,0.022552173110920445,0.9055183682688775,0.390302710353336,0.10049907559907532,0.10788042025740875,0.003090028716182611
weak,8.0,shrunk,8,1,192,0.002966417287486116,0.02184138848205186,0.902266394991566,0.3703152852206601,0.1044968937035325,0.10794263746835943,nan
weak,8.0,smoothed,8,1,192,0.0028297820737337117,0.021480692162010744,0.9058774811791949,0.3761926017257495,0.1003804936584004,0.10792309876505624,nan
weak,8.0,uniform,8,1,192,0.05033121561138492,0.09044670223399691,0.6708571542233678,0.0,0.4163620248938759,0.10912077438555882,nan
weak,8.0,persistence,8,1,192,0.05961363348562374,0.09983239226403162,0.6566993895572418,0.37407544526960185,0.41795156515767756,0.1084544360604378,nan
weak,8.0,learned,8,1,192,0.00221305604924363,0.01905296093233275,0.9152847381480402,0.3866000467061243,0.08971196545038855,0.10789568573535502,nan
weak,8.0,learned_robust,8,1,192,0.0003558586196415996,0.007069159967529194,0.9401736099968683,0.37878701206477144,0.061865528600914294,0.10790891072487707,nan
weak,8.0,plugin,8,2,192,0.0031194513583305047,0.022552173110920445,0.9055183682688775,0.390302710353336,0.10049907559907532,0.10788042025740875,0.003090028716182611
weak,8.0,shrunk,8,2,192,0.002966417287486116,0.02184138848205186,0.902266394991566,0.3703152852206601,0.1044968937035325,0.10794263746835943,nan
weak,8.0,smoothed,8,2,192,0.0028297820737337117,0.021480692162010744,0.9058774811791949,0.3761926017257495,0.1003804936584004,0.10792309876505624,nan
weak,8.0,uniform,8,2,192,0.05033121561138492,0.09044670223399691,0.6708571542233678,0.0,0.4163620248938759,0.10912077438555882,nan
weak,8.0,persistence,8,2,192,0.05961363348562374,0.09983239226403162,0.6566993895572418,0.37407544526960185,0.41795156515767756,0.1084544360604378,nan
weak,8.0,learned,8,2,192,0.0024761705994654735,0.019967469275975012,0.9123168982698204,0.3890677516179637,0.09316233018818389,0.10789405155695571,nan
weak,8.0,learned_robust,8,2,192,0.0003266311768305921,0.006429872779095301,0.9432991499627424,0.3831407693669943,0.05871984877651765,0.10789962497523153,nan
